TransactionID,isFraud
3663549,0.017124632
3663550,0.014583832
3663551,0.024665836
3663552,0.0046652225
3663553,0.0039800634
3663554,0.0032635042
3663555,0.020265372
3663556,0.01416763
3663557,0.008785224
3663558,0.018385742
3663559,0.0064159897
3663560,0.0041413796
3663561,0.024282485
3663562,0.008542044
3663563,0.008119143
3663564,0.0046688793
3663565,0.003099731
3663566,0.0050570057
3663567,0.00409494
3663568,0.008960737
3663569,0.009534168
3663570,0.0031455485
3663571,0.012921847
3663572,0.00870449
3663573,0.014825102
3663574,0.0049552573
3663575,0.002155339
3663576,0.011685027
3663577,0.012833822
3663578,0.0067168525
3663579,0.03206053
3663580,0.0105779525
3663581,0.038994703
3663582,0.010153634
3663583,0.004746265
3663584,0.0042351233
3663585,0.012160578
3663586,0.016501488
3663587,0.028642412
3663588,0.019970644
3663589,0.039437424
3663590,0.010934089
3663591,0.0060229395
3663592,0.005957091
3663593,0.005516832
3663594,0.016075617
3663595,0.015286812
3663596,0.0048844763
3663597,0.0050032455
3663598,0.026882015
3663599,0.0056835595
3663600,0.006990393
3663601,0.0562598
3663602,0.27430117
3663603,0.008280349
3663604,0.009594507
3663605,0.046997357
3663606,0.009740883
3663607,0.010993157
3663608,0.0018043091
3663609,0.002223428
3663610,0.0088979425
3663611,0.0010287076
3663612,0.004030816
3663613,0.024895666
3663614,0.028073948
3663615,0.021330077
3663616,0.0026166055
3663617,0.0024182287
3663618,0.0042645414
3663619,0.017030662
3663620,0.00973604
3663621,0.011748342
3663622,0.015977906
3663623,0.002448364
3663624,0.02045409
3663625,0.0023931537
3663626,0.03323793
3663627,0.00726515
3663628,0.013836717
3663629,0.029564198
3663630,0.0043374104
3663631,0.01641059
3663632,0.0035823106
3663633,0.0060306718
3663634,0.02254234
3663635,0.009867227
3663636,0.042803768
3663637,0.021943908
3663638,0.006321193
3663639,0.0052105864
3663640,0.007417468
3663641,0.01719562
3663642,0.011018495
3663643,0.007145691
3663644,0.004128973
3663645,0.0036542052
3663646,0.0203698
3663647,0.0182843
3663648,0.001674412
3663649,0.015443717
3663650,0.0203698
3663651,0.0029261766
3663652,0.014800341
3663653,0.0041566347
3663654,0.0076303934
3663655,0.07542683
3663656,0.011121462
3663657,0.009366879
3663658,0.0061811213
3663659,0.0023222044
3663660,0.007177548
3663661,0.018670766
3663662,0.0057186196
3663663,0.012470559
3663664,0.0070566614
3663665,0.02151716
3663666,0.0030419552
3663667,0.0041719098
3663668,0.0031691603
3663669,0.023061976
3663670,0.007816477
3663671,0.008234852
3663672,0.017138787
3663673,0.011604503
3663674,0.0042485874
3663675,0.0028195234
3663676,0.003092394
3663677,0.009765433
3663678,0.0028707013
3663679,0.007957255
3663680,0.00278074
3663681,0.003225215
3663682,0.007258365
3663683,0.011793776
3663684,0.039761662
3663685,0.014604536
3663686,0.032479677
3663687,0.027163982
3663688,0.0067131156
3663689,0.007918698
3663690,0.01006794
3663691,0.003678626
3663692,0.0090491
3663693,0.015583486
3663694,0.007276818
3663695,0.020904994
3663696,0.01232657
3663697,0.0064969645
3663698,0.010669087
3663699,0.0174942
3663700,0.032818593
3663701,0.051147703
3663702,0.00761488
3663703,0.0035251952
3663704,0.08707842
3663705,0.28134656
3663706,0.01131983
3663707,0.0022904824
3663708,0.0026663241
3663709,0.010142737
3663710,0.0464825
3663711,0.0025925608
3663712,0.05284227
3663713,0.022253055
3663714,0.02082946
3663715,0.0070544537
3663716,0.0132241035
3663717,0.0066650216
3663718,0.007338622
3663719,0.057178292
3663720,0.0028571915
3663721,0.008325343
3663722,0.0058853216
3663723,0.022814512
3663724,0.011438379
3663725,0.010361886
3663726,0.015959391
3663727,0.0039965333
3663728,0.002953218
3663729,0.015581694
3663730,0.008381158
3663731,0.00718731
3663732,0.003188431
3663733,0.018130513
3663734,0.0017377728
3663735,0.010898235
3663736,0.0062746373
3663737,0.022759203
3663738,0.0052447366
3663739,0.010579479
3663740,0.009334916
3663741,0.0112932315
3663742,0.005530067
3663743,0.0061012856
3663744,0.014634747
3663745,0.017458592
3663746,0.012961105
3663747,0.009599355
3663748,0.0021911834
3663749,0.0077330866
3663750,0.0060734996
3663751,0.0025897338
3663752,0.014619777
3663753,0.005235739
3663754,0.04115463
3663755,0.02136304
3663756,0.02680567
3663757,0.013391236
3663758,0.012095713
3663759,0.011327594
3663760,0.005631277
3663761,0.015285605
3663762,0.002020323
3663763,0.0054540527
3663764,0.004011577
3663765,0.001299808
3663766,0.0061598746
3663767,0.013492125
3663768,0.0053738654
3663769,0.12452404
3663770,0.00282786
3663771,0.018197155
3663772,0.010028173
3663773,0.1337629
3663774,0.0027108327
3663775,0.007432681
3663776,0.0044773235
3663777,0.0043232944
3663778,0.29210964
3663779,0.008309501
3663780,0.21752423
3663781,0.00501744
3663782,0.0059679043
3663783,0.007764334
3663784,0.005634589
3663785,0.009340324
3663786,0.0073650377
3663787,0.0027969356
3663788,0.014996431
3663789,0.005723909
3663790,0.008439986
3663791,0.005260368
3663792,0.014806324
3663793,0.30843508
3663794,0.007533453
3663795,0.0047857417
3663796,0.0035041627
3663797,0.0165784
3663798,0.012552738
3663799,0.010810181
3663800,0.010388079
3663801,0.014240575
3663802,0.013965103
3663803,0.029455937
3663804,0.005009208
3663805,0.014838987
3663806,0.00532836
3663807,0.005926286
3663808,0.006499317
3663809,0.0055141826
3663810,0.004700123
3663811,0.0856766
3663812,0.13366227
3663813,0.11821614
3663814,0.0014195836
3663815,0.015829902
3663816,0.0048517254
3663817,0.0038474659
3663818,0.011685578
3663819,0.013734903
3663820,0.008668947
3663821,0.21567248
3663822,0.008095269
3663823,0.02465782
3663824,0.035808284
3663825,0.003617804
3663826,0.007485939
3663827,0.85202295
3663828,0.5739912
3663829,0.005046779
3663830,0.00832108
3663831,0.0022809021
3663832,0.021896543
3663833,0.024053456
3663834,0.010724427
3663835,0.02327478
3663836,0.8272593
3663837,0.008217758
3663838,0.009909585
3663839,0.012411879
3663840,0.0047867685
3663841,0.031909
3663842,0.0031017957
3663843,0.010485281
3663844,0.004382006
3663845,0.0076344647
3663846,0.005364665
3663847,0.0076258164
3663848,0.02281171
3663849,0.014191073
3663850,0.0120767355
3663851,0.03408688
3663852,0.006642947
3663853,0.011045345
3663854,0.0039075953
3663855,0.02261153
3663856,0.0055786264
3663857,0.01453226
3663858,0.020346548
3663859,0.023433473
3663860,0.007221265
3663861,0.006811669
3663862,0.006436983
3663863,0.009877738
3663864,0.039399575
3663865,0.0029267373
3663866,0.0068835816
3663867,0.004220591
3663868,0.0027473778
3663869,0.014333972
3663870,0.0023943093
3663871,0.0049897786
3663872,0.01654637
3663873,0.008519443
3663874,0.0079893395
3663875,0.009318451
3663876,0.010822966
3663877,0.0080920495
3663878,0.0018009894
3663879,0.002938828
3663880,0.027480386
3663881,0.019786542
3663882,0.005333407
3663883,0.014996431
3663884,0.009961208
3663885,0.010229655
3663886,0.0142645985
3663887,0.0044738133
3663888,0.0040683346
3663889,0.023199625
3663890,0.005464061
3663891,0.02240846
3663892,0.0068071834
3663893,0.027850091
3663894,0.0046052835
3663895,0.007391733
3663896,0.0046548517
3663897,0.011694321
3663898,0.035688303
3663899,0.0068851365
3663900,0.04434965
3663901,0.010526141
3663902,0.00088634604
3663903,0.002729662
3663904,0.006712515
3663905,0.013440288
3663906,0.005749036
3663907,0.0088479025
3663908,0.009855769
3663909,0.016148856
3663910,0.012576088
3663911,0.26688236
3663912,0.005941123
3663913,0.009968952
3663914,0.016673464
3663915,0.00574951
3663916,0.014167397
3663917,0.0029675176
3663918,0.003709254
3663919,0.027282791
3663920,0.008620815
3663921,0.023665275
3663922,0.017763851
3663923,0.004073527
3663924,0.004911743
3663925,0.01297973
3663926,0.0034406714
3663927,0.024607342
3663928,0.0030604547
3663929,0.006677516
3663930,0.0061167227
3663931,0.020431502
3663932,0.00415052
3663933,0.016473668
3663934,0.017103713
3663935,0.01321274
3663936,0.019810291
3663937,0.03222718
3663938,0.08060409
3663939,0.014373653
3663940,0.0040745665
3663941,0.009661653
3663942,0.08501915
3663943,0.016237149
3663944,0.013024064
3663945,0.01835995
3663946,0.010661178
3663947,0.0109158335
3663948,0.0055901343
3663949,0.046969645
3663950,0.0034424015
3663951,0.0037379817
3663952,0.006087831
3663953,0.0013006415
3663954,0.004776349
3663955,0.016770292
3663956,0.008356873
3663957,0.020820534
3663958,0.0063197403
3663959,0.005805374
3663960,0.0066223433
3663961,0.005242227
3663962,0.001773541
3663963,0.018029865
3663964,0.044181135
3663965,0.015810985
3663966,0.003660302
3663967,0.0056224563
3663968,0.016303541
3663969,0.0066348207
3663970,0.018213896
3663971,0.0048174667
3663972,0.030266542
3663973,0.006389795
3663974,0.007497626
3663975,0.0054908493
3663976,0.005085875
3663977,0.024538154
3663978,0.0064745382
3663979,0.0029684275
3663980,0.006551227
3663981,0.010951837
3663982,0.010461906
3663983,0.012334317
3663984,0.012334317
3663985,0.012334317
3663986,0.01717374
3663987,0.0043459544
3663988,0.004258868
3663989,0.0075867246
3663990,0.017908394
3663991,0.0037826444
3663992,0.020974554
3663993,0.0351265
3663994,0.0018471763
3663995,0.0048119305
3663996,0.009351432
3663997,0.013131395
3663998,0.020388449
3663999,0.013761477
3664000,0.0421907
3664001,0.013527528
3664002,0.017762162
3664003,0.019474482
3664004,0.0025574823
3664005,0.0089388
3664006,0.010472935
3664007,0.01972271
3664008,0.017753188
3664009,0.013476983
3664010,0.014458693
3664011,0.027006282
3664012,0.009292915
3664013,0.01788135
3664014,0.021595627
3664015,0.019860538
3664016,0.012873348
3664017,0.0053121876
3664018,0.0037227413
3664019,0.0031956546
3664020,0.005156851
3664021,0.003121965
3664022,0.0037836956
3664023,0.008256052
3664024,0.0027352036
3664025,0.018425042
3664026,0.0053980197
3664027,0.0022715675
3664028,0.0027671878
3664029,0.0065440587
3664030,0.002520303
3664031,0.014588123
3664032,0.016964836
3664033,0.011456132
3664034,0.016124994
3664035,0.0036694885
3664036,0.0049313405
3664037,0.010268403
3664038,0.015168093
3664039,0.007501246
3664040,0.0042482484
3664041,0.0026100061
3664042,0.0023083538
3664043,0.014214425
3664044,0.0042172517
3664045,0.021240337
3664046,0.01768568
3664047,0.0019593793
3664048,0.022720588
3664049,0.031054778
3664050,0.0044368855
3664051,0.02510893
3664052,0.16081999
3664053,0.24202442
3664054,0.009524928
3664055,0.0125440825
3664056,0.024565253
3664057,0.016866796
3664058,0.010336432
3664059,0.02923634
3664060,0.001612124
3664061,0.00804175
3664062,0.004942167
3664063,0.0043408936
3664064,0.002132216
3664065,0.02516944
3664066,0.019007377
3664067,0.004076169
3664068,0.007853574
3664069,0.0025741165
3664070,0.0019105533
3664071,0.009597012
3664072,0.03785387
3664073,0.006511604
3664074,0.0017499509
3664075,0.021488922
3664076,0.019322561
3664077,0.004391008
3664078,0.004330807
3664079,0.02492385
3664080,0.0067458875
3664081,0.0055731083
3664082,0.0018982631
3664083,0.0021542574
3664084,0.009583904
3664085,0.0033579967
3664086,0.022359293
3664087,0.015497471
3664088,0.015759261
3664089,0.00517746
3664090,0.0028888572
3664091,0.020801425
3664092,0.0036441772
3664093,0.005666366
3664094,0.04781797
3664095,0.057382405
3664096,0.010696321
3664097,0.0025420818
3664098,0.009610832
3664099,0.044543758
3664100,0.0070261094
3664101,0.0015706248
3664102,0.010711065
3664103,0.20304674
3664104,0.007116626
3664105,0.053951383
3664106,0.072644226
3664107,0.0036065867
3664108,0.0052789175
3664109,0.0039581642
3664110,0.0065856557
3664111,0.0035588834
3664112,0.018430356
3664113,0.012364147
3664114,0.0049672015
3664115,0.009889838
3664116,0.011118893
3664117,0.006185502
3664118,0.0030439415
3664119,0.02017679
3664120,0.0036987192
3664121,0.00421561
3664122,0.0043913047
3664123,0.009673582
3664124,0.0071969726
3664125,0.004391144
3664126,0.0037661402
3664127,0.029459797
3664128,0.0104759345
3664129,0.008180184
3664130,0.015971152
3664131,0.031747393
3664132,0.023232795
3664133,0.011376426
3664134,0.010992058
3664135,0.0037181263
3664136,0.018423192
3664137,0.012060181
3664138,0.010734945
3664139,0.0038922448
3664140,0.006412368
3664141,0.0030547248
3664142,0.0036947797
3664143,0.008809868
3664144,0.007974124
3664145,0.0021095674
3664146,0.023215797
3664147,0.014238432
3664148,0.009405461
3664149,0.012725309
3664150,0.0021825586
3664151,0.0027327922
3664152,0.0040699984
3664153,0.009122021
3664154,0.015315342
3664155,0.005355533
3664156,0.020356834
3664157,0.02689663
3664158,0.0041303653
3664159,0.0013109721
3664160,0.016998962
3664161,0.008099746
3664162,0.011129729
3664163,0.0068438784
3664164,0.0052848496
3664165,0.0075370832
3664166,0.0030864389
3664167,0.0050130473
3664168,0.013913346
3664169,0.0050130473
3664170,0.029318187
3664171,0.005134557
3664172,0.016265173
3664173,0.004445933
3664174,0.0055836784
3664175,0.009884544
3664176,0.054260712
3664177,0.021902729
3664178,0.0027771443
3664179,0.009283232
3664180,0.02573505
3664181,0.012938401
3664182,0.008730494
3664183,0.0023386613
3664184,0.006818725
3664185,0.006156883
3664186,0.007919548
3664187,0.005399643
3664188,0.007177072
3664189,0.013365607
3664190,0.0050207875
3664191,0.010676367
3664192,0.004356053
3664193,0.005860127
3664194,0.015655791
3664195,0.0010489434
3664196,0.017266573
3664197,0.0024102826
3664198,0.004379342
3664199,0.04599588
3664200,0.012423002
3664201,0.0019225945
3664202,0.0069638747
3664203,0.01210514
3664204,0.011369955
3664205,0.00089274993
3664206,0.030431282
3664207,0.015314751
3664208,0.012563589
3664209,0.0051660766
3664210,0.030155633
3664211,0.031816833
3664212,0.007808157
3664213,0.007745255
3664214,0.010434988
3664215,0.008284712
3664216,0.008260074
3664217,0.0029954182
3664218,0.020574113
3664219,0.00092287455
3664220,0.00946425
3664221,0.019615522
3664222,0.018874547
3664223,0.008902262
3664224,0.006222091
3664225,0.0061421487
3664226,0.03514911
3664227,0.0014483195
3664228,0.039474588
3664229,0.010680841
3664230,0.007748143
3664231,0.012993482
3664232,0.03307636
3664233,0.0075625037
3664234,0.027558692
3664235,0.007933842
3664236,0.025629487
3664237,0.013070907
3664238,0.002312941
3664239,0.0058237542
3664240,0.002587796
3664241,0.0081609525
3664242,0.002735672
3664243,0.0071678637
3664244,0.020521289
3664245,0.0033376922
3664246,0.025670987
3664247,0.012327928
3664248,0.0030842712
3664249,0.0031994542
3664250,0.0065046675
3664251,0.010268064
3664252,0.016067209
3664253,0.0016952382
3664254,0.008115926
3664255,0.01749129
3664256,0.005167133
3664257,0.014013387
3664258,0.0035305943
3664259,0.06483002
3664260,0.004077526
3664261,0.015540059
3664262,0.004207347
3664263,0.002757882
3664264,0.0046400554
3664265,0.0041530733
3664266,0.0022064028
3664267,0.0024340346
3664268,0.005468442
3664269,0.009334916
3664270,0.008298867
3664271,0.0068234857
3664272,0.014701424
3664273,0.0065312493
3664274,0.0036635292
3664275,0.013441711
3664276,0.0025480604
3664277,0.0010329044
3664278,0.0074821995
3664279,0.0062451465
3664280,0.008721421
3664281,0.0040557473
3664282,0.0054208855
3664283,0.0032679853
3664284,0.01130831
3664285,0.057463296
3664286,0.002947631
3664287,0.03304932
3664288,0.011685578
3664289,0.0025121097
3664290,0.05243013
3664291,0.011848397
3664292,0.02453545
3664293,0.051050596
3664294,0.011201773
3664295,0.03048786
3664296,0.018898679
3664297,0.031767964
3664298,0.0053354204
3664299,0.028477281
3664300,0.00493292
3664301,0.04531856
3664302,0.0027960127
3664303,0.0072335517
3664304,0.015725903
3664305,0.0020038215
3664306,0.011971636
3664307,0.040760215
3664308,0.02219099
3664309,0.029152608
3664310,0.0044936715
3664311,0.009488268
3664312,0.049229622
3664313,0.02880533
3664314,0.0068675363
3664315,0.0112807695
3664316,0.052757353
3664317,0.00556554
3664318,0.0029805736
3664319,0.05346097
3664320,0.00828304
3664321,0.06677559
3664322,0.010778069
3664323,0.022950344
3664324,0.0068999683
3664325,0.03084452
3664326,0.0017840024
3664327,0.011285999
3664328,0.061401393
3664329,0.011011498
3664330,0.011916864
3664331,0.0045099766
3664332,0.014237557
3664333,0.012106098
3664334,0.012478202
3664335,0.013145781
3664336,0.001774154
3664337,0.007890581
3664338,0.10716623
3664339,0.0071439934
3664340,0.008223472
3664341,0.002364191
3664342,0.0084942505
3664343,0.014479072
3664344,0.0033552914
3664345,0.0015832644
3664346,0.004808468
3664347,0.002673409
3664348,0.0030190975
3664349,0.0052477308
3664350,0.007079555
3664351,0.0040802513
3664352,0.009126215
3664353,0.029099511
3664354,0.014893234
3664355,0.0024326837
3664356,0.009307607
3664357,0.0046983925
3664358,0.026458632
3664359,0.010461586
3664360,0.20971721
3664361,0.002690391
3664362,0.0032744263
3664363,0.0045892913
3664364,0.008137477
3664365,0.06843443
3664366,0.0041211983
3664367,0.0034815047
3664368,0.014046314
3664369,0.010011175
3664370,0.0068312595
3664371,0.005995037
3664372,0.010699909
3664373,0.014031279
3664374,0.009337502
3664375,0.015552486
3664376,0.0059155254
3664377,0.026036484
3664378,0.006500016
3664379,0.0045964895
3664380,0.0018840726
3664381,0.004122361
3664382,0.019064499
3664383,0.0038595926
3664384,0.0056882906
3664385,0.0027814156
3664386,0.05350514
3664387,0.015314967
3664388,0.007780017
3664389,0.0068790494
3664390,0.028400455
3664391,0.024184436
3664392,0.0019780423
3664393,0.0032429674
3664394,0.019106938
3664395,0.0057425257
3664396,0.0014619366
3664397,0.006154987
3664398,0.01233175
3664399,0.008704428
3664400,0.008835713
3664401,0.0067387884
3664402,0.0028578506
3664403,0.0015974856
3664404,0.006677098
3664405,0.02134823
3664406,0.0031291547
3664407,0.0045097903
3664408,0.004592693
3664409,0.028268622
3664410,0.003713396
3664411,0.012059499
3664412,0.012852914
3664413,0.0040646926
3664414,0.004070702
3664415,0.0076375855
3664416,0.007970111
3664417,0.008580966
3664418,0.0032101157
3664419,0.006532243
3664420,0.014504575
3664421,0.009599355
3664422,0.009543323
3664423,0.0039719474
3664424,0.084466666
3664425,0.007030385
3664426,0.008787615
3664427,0.0060693594
3664428,0.008922589
3664429,0.011986359
3664430,0.006386463
3664431,0.0037492549
3664432,0.016143676
3664433,0.011318732
3664434,0.012728651
3664435,0.0066699954
3664436,0.0025458122
3664437,0.0057669817
3664438,0.009397778
3664439,0.0077756527
3664440,0.007816573
3664441,0.0018472782
3664442,0.008093286
3664443,0.004359428
3664444,0.008093286
3664445,0.010092225
3664446,0.0034615279
3664447,0.0089422725
3664448,0.009453237
3664449,0.005747954
3664450,0.015024568
3664451,0.019899895
3664452,0.005747954
3664453,0.0027364553
3664454,0.046174962
3664455,0.0077241748
3664456,0.021315774
3664457,0.008093286
3664458,0.00527779
3664459,0.0076553547
3664460,0.0015709776
3664461,0.0012952301
3664462,0.0071495553
3664463,0.0015079733
3664464,0.006256108
3664465,0.0021956312
3664466,0.0047810795
3664467,0.010166241
3664468,0.0046224743
3664469,0.0055909134
3664470,0.014551064
3664471,0.010055435
3664472,0.02162657
3664473,0.006705737
3664474,0.029915983
3664475,0.009721606
3664476,0.0054357294
3664477,0.013166298
3664478,0.014728081
3664479,0.057788096
3664480,0.016503787
3664481,0.03538884
3664482,0.012289535
3664483,0.011716126
3664484,0.005204754
3664485,0.06414521
3664486,0.0073632845
3664487,0.004527093
3664488,0.002103265
3664489,0.007772718
3664490,0.014244491
3664491,0.008899137
3664492,0.015548239
3664493,0.0054192096
3664494,0.005296142
3664495,0.0028267174
3664496,0.008522682
3664497,0.0028005687
3664498,0.014200988
3664499,0.011904231
3664500,0.012139322
3664501,0.026514083
3664502,0.007969248
3664503,0.020611458
3664504,0.011355851
3664505,0.0124666905
3664506,0.005657314
3664507,0.010052616
3664508,0.008065119
3664509,0.0041574556
3664510,0.071356595
3664511,0.0069086747
3664512,0.0051729237
3664513,0.0051729237
3664514,0.0051729237
3664515,0.011720903
3664516,0.04203842
3664517,0.0051729237
3664518,0.0051729237
3664519,0.0075386385
3664520,0.026021749
3664521,0.114644326
3664522,0.012690549
3664523,0.006160584
3664524,0.009916666
3664525,0.009948608
3664526,0.011319548
3664527,0.015539112
3664528,0.0035029224
3664529,0.0019608084
3664530,0.011554772
3664531,0.0062700333
3664532,0.008516886
3664533,0.022118853
3664534,0.033290196
3664535,0.008893558
3664536,0.022418767
3664537,0.0025910225
3664538,0.055783723
3664539,0.006796765
3664540,0.003252374
3664541,0.0026139736
3664542,0.009948881
3664543,0.00123068
3664544,0.030240962
3664545,0.004682065
3664546,0.00432743
3664547,0.0037878284
3664548,0.014130323
3664549,0.018304503
3664550,0.01220197
3664551,0.008871846
3664552,0.013701072
3664553,0.009996469
3664554,0.08519116
3664555,0.05818565
3664556,0.05310746
3664557,0.054315183
3664558,0.007310311
3664559,0.0057823407
3664560,0.02186985
3664561,0.009485995
3664562,0.0087649245
3664563,0.007911938
3664564,0.009095152
3664565,0.01834685
3664566,0.0041941544
3664567,0.0106185675
3664568,0.012450897
3664569,0.010890245
3664570,0.0016368104
3664571,0.052758362
3664572,0.0076532657
3664573,0.013496676
3664574,0.0024498482
3664575,0.0013943253
3664576,0.027128382
3664577,0.0051719737
3664578,0.014847195
3664579,0.00472613
3664580,0.008763347
3664581,0.023407944
3664582,0.010592235
3664583,0.013581837
3664584,0.0038474659
3664585,0.39094684
3664586,0.0351918
3664587,0.0026767165
3664588,0.02938723
3664589,0.025472851
3664590,0.0090275025
3664591,0.03598754
3664592,0.0020592092
3664593,0.16203983
3664594,0.0122346
3664595,0.010013353
3664596,0.0036262136
3664597,0.023134433
3664598,0.06027719
3664599,0.024265291
3664600,0.004590335
3664601,0.011279913
3664602,0.015192294
3664603,0.064826444
3664604,0.011066805
3664605,0.013822774
3664606,0.027945414
3664607,0.012965358
3664608,0.0024663308
3664609,0.14293821
3664610,0.0130144125
3664611,0.006184409
3664612,0.010869596
3664613,0.0060433075
3664614,0.0040855682
3664615,0.0053884024
3664616,0.004587538
3664617,0.01974062
3664618,0.045185886
3664619,0.027537754
3664620,0.008156187
3664621,0.05462163
3664622,0.010316033
3664623,0.013517161
3664624,0.012202366
3664625,0.005753049
3664626,0.008042137
3664627,0.013081855
3664628,0.06713945
3664629,0.090058096
3664630,0.005216697
3664631,0.004146086
3664632,0.0037896696
3664633,0.008835713
3664634,0.017005712
3664635,0.0034491066
3664636,0.0057548364
3664637,0.005321238
3664638,0.0046991417
3664639,0.004777988
3664640,0.0029827594
3664641,0.007835067
3664642,0.0029041616
3664643,0.015012147
3664644,0.01267768
3664645,0.0074304757
3664646,0.008385532
3664647,0.004707693
3664648,0.0064227353
3664649,0.14197238
3664650,0.011286951
3664651,0.025068833
3664652,0.0033576088
3664653,0.043851376
3664654,0.009809808
3664655,0.10064152
3664656,0.005656413
3664657,0.0073040533
3664658,0.007198186
3664659,0.0029954223
3664660,0.8453703
3664661,0.044162195
3664662,0.010923044
3664663,0.049653728
3664664,0.02096151
3664665,0.0056974483
3664666,0.0053070905
3664667,0.0017040814
3664668,0.011881643
3664669,0.013772781
3664670,0.007951622
3664671,0.0019568158
3664672,0.0076641124
3664673,0.002246343
3664674,0.010737285
3664675,0.0099931285
3664676,0.008416773
3664677,0.0146201765
3664678,0.0026047344
3664679,0.008080919
3664680,0.009840239
3664681,0.008550048
3664682,0.0068985736
3664683,0.0089140665
3664684,0.039007038
3664685,0.005866948
3664686,0.0019160787
3664687,0.012866261
3664688,0.016205486
3664689,0.01910146
3664690,0.012043319
3664691,0.004280799
3664692,0.0074037747
3664693,0.020317081
3664694,0.009409927
3664695,0.003350304
3664696,0.009616503
3664697,0.0030904382
3664698,0.005758985
3664699,0.0033633774
3664700,0.00951005
3664701,0.003962323
3664702,0.009024316
3664703,0.0021271443
3664704,0.020525953
3664705,0.004160813
3664706,0.011546367
3664707,0.006878235
3664708,0.12288263
3664709,0.014233347
3664710,0.001614913
3664711,0.048807625
3664712,0.039450247
3664713,0.02223758
3664714,0.0112887705
3664715,0.0036551843
3664716,0.005692
3664717,0.010356597
3664718,0.004210653
3664719,0.003574851
3664720,0.0046756826
3664721,0.005813609
3664722,0.0029759915
3664723,0.027303057
3664724,0.0024968917
3664725,0.006670293
3664726,0.0045808665
3664727,0.008371261
3664728,0.0045598545
3664729,0.016436756
3664730,0.028341558
3664731,0.010862396
3664732,0.011377955
3664733,0.015466951
3664734,0.0029286013
3664735,0.0026359616
3664736,0.0029309858
3664737,0.026392275
3664738,0.00636967
3664739,0.010100146
3664740,0.016009396
3664741,0.009266472
3664742,0.0031375536
3664743,0.011486775
3664744,0.0042701317
3664745,0.015091577
3664746,0.014349732
3664747,0.024787415
3664748,0.0013741232
3664749,0.00600365
3664750,0.0066118618
3664751,0.0030289695
3664752,0.008194762
3664753,0.01527295
3664754,0.0040375753
3664755,0.002083056
3664756,0.006072147
3664757,0.030326251
3664758,0.02318245
3664759,0.008559274
3664760,0.012025579
3664761,0.014379525
3664762,0.008419472
3664763,0.0021172161
3664764,0.08203054
3664765,0.012403576
3664766,0.002832756
3664767,0.016243495
3664768,0.009327234
3664769,0.02820411
3664770,0.006086394
3664771,0.006255611
3664772,0.00208135
3664773,0.013352736
3664774,0.0050897347
3664775,0.06633414
3664776,0.0041419636
3664777,0.0068101436
3664778,0.0028239256
3664779,0.008367265
3664780,0.0019289182
3664781,0.007380944
3664782,0.00277964
3664783,0.0008657438
3664784,0.005849048
3664785,0.016585873
3664786,0.036700446
3664787,0.015587847
3664788,0.082609646
3664789,0.007294963
3664790,0.00786753
3664791,0.004699137
3664792,0.010208742
3664793,0.0011849959
3664794,0.0032891317
3664795,0.0065151034
3664796,0.002023371
3664797,0.013762809
3664798,0.0029435807
3664799,0.020250069
3664800,0.0043714647
3664801,0.01479793
3664802,0.010304175
3664803,0.010892223
3664804,0.006362229
3664805,0.009696678
3664806,0.0036374156
3664807,0.004485586
3664808,0.012688189
3664809,0.009565912
3664810,0.006469209
3664811,0.010386305
3664812,0.009707651
3664813,0.005044079
3664814,0.007804615
3664815,0.11134503
3664816,0.037523236
3664817,0.017216489
3664818,0.005467991
3664819,0.016276866
3664820,0.006983287
3664821,0.15994571
3664822,0.02369
3664823,0.0030929497
3664824,0.0022984073
3664825,0.008562746
3664826,0.021281486
3664827,0.00383124
3664828,0.005034248
3664829,0.3289914
3664830,0.0063007153
3664831,0.038976297
3664832,0.0032774922
3664833,0.002124202
3664834,0.17571513
3664835,0.016882805
3664836,0.016051749
3664837,0.012697601
3664838,0.008079655
3664839,0.009200116
3664840,0.0088624675
3664841,0.0061625466
3664842,0.008506943
3664843,0.011118872
3664844,0.009373094
3664845,0.009320508
3664846,0.018560171
3664847,0.006830709
3664848,0.07397007
3664849,0.002570566
3664850,0.009021038
3664851,0.041678157
3664852,0.00442973
3664853,0.024358936
3664854,0.012559773
3664855,0.0704434
3664856,0.0056816223
3664857,0.0056884713
3664858,0.0014993929
3664859,0.008884655
3664860,0.003381269
3664861,0.008575199
3664862,0.0042237747
3664863,0.00535371
3664864,0.015759261
3664865,0.013293432
3664866,0.06427662
3664867,0.013949833
3664868,0.0028452885
3664869,0.0017505809
3664870,0.0034728928
3664871,0.020873396
3664872,0.0054029524
3664873,0.006015365
3664874,0.026597733
3664875,0.009914058
3664876,0.0031702362
3664877,0.0047765393
3664878,0.014552932
3664879,0.009192508
3664880,0.0028516988
3664881,0.0044366857
3664882,0.018028276
3664883,0.04398484
3664884,0.0069661797
3664885,0.15890394
3664886,0.034642417
3664887,0.38038772
3664888,0.008626087
3664889,0.003042988
3664890,0.010082327
3664891,0.010918968
3664892,0.007799905
3664893,0.015464636
3664894,0.0019657388
3664895,0.004685757
3664896,0.0045592505
3664897,0.007805774
3664898,0.007140304
3664899,0.0024551887
3664900,0.014736616
3664901,0.0057394067
3664902,0.0034876063
3664903,0.006232886
3664904,0.0144501
3664905,0.0030025898
3664906,0.012402467
3664907,0.0041741473
3664908,0.45448402
3664909,0.001349433
3664910,0.007031181
3664911,0.0041441806
3664912,0.0034639023
3664913,0.5840248
3664914,0.027499689
3664915,0.018500406
3664916,0.0033072035
3664917,0.0061539053
3664918,0.017353615
3664919,0.26530236
3664920,0.009631678
3664921,0.6436486
3664922,0.006206431
3664923,0.01270581
3664924,0.010929202
3664925,0.017255161
3664926,0.0048952727
3664927,0.07418385
3664928,0.0082211625
3664929,0.009193972
3664930,0.012563735
3664931,0.008689435
3664932,0.0072220825
3664933,0.0039787614
3664934,0.004237332
3664935,0.008702244
3664936,0.007911288
3664937,0.011305117
3664938,0.0057153893
3664939,0.0064238617
3664940,0.0139187835
3664941,0.017937258
3664942,0.020174585
3664943,0.009699037
3664944,0.0048034983
3664945,0.0038395335
3664946,0.0023963705
3664947,0.16781077
3664948,0.0040947264
3664949,0.0061078384
3664950,0.035371695
3664951,0.048806526
3664952,0.0040273448
3664953,0.003377174
3664954,0.0045891083
3664955,0.0010517717
3664956,0.001233281
3664957,0.008796504
3664958,0.011390851
3664959,0.0025963318
3664960,0.0041051502
3664961,0.0036079853
3664962,0.0051999097
3664963,0.010972786
3664964,0.007886296
3664965,0.009133354
3664966,0.005054907
3664967,0.002235565
3664968,0.052289035
3664969,0.014122858
3664970,0.0130470935
3664971,0.026102569
3664972,0.009897564
3664973,0.01633674
3664974,0.021475362
3664975,0.010299071
3664976,0.0057452433
3664977,0.04507268
3664978,0.0039346935
3664979,0.019238725
3664980,0.40753064
3664981,0.0035292057
3664982,0.008493733
3664983,0.013811898
3664984,0.004266356
3664985,0.0029417987
3664986,0.0068607978
3664987,0.0077122436
3664988,0.020418651
3664989,0.0055946
3664990,0.047111932
3664991,0.014122858
3664992,0.79134077
3664993,0.007751571
3664994,0.012353053
3664995,0.00964326
3664996,0.0023948243
3664997,0.032351945
3664998,0.0034629873
3664999,0.0042187897
3665000,0.8761304
3665001,0.5360176
3665002,0.002880996
3665003,0.010273323
3665004,0.0076607256
3665005,0.0034371398
3665006,0.0027891954
3665007,0.0033735184
3665008,0.0027982686
3665009,0.0035651997
3665010,0.01021507
3665011,0.008032462
3665012,0.0093497755
3665013,0.014218595
3665014,0.005766405
3665015,0.0032520182
3665016,0.011395357
3665017,0.0049175825
3665018,0.008504095
3665019,0.009553234
3665020,0.009890296
3665021,0.0060885297
3665022,0.0061153835
3665023,0.008502954
3665024,0.015592743
3665025,0.0027109706
3665026,0.035929754
3665027,0.0040837233
3665028,0.054885473
3665029,0.01815201
3665030,0.0020507416
3665031,0.002842477
3665032,0.007357379
3665033,0.031871315
3665034,0.0045649675
3665035,0.015784435
3665036,0.0029065942
3665037,0.004615485
3665038,0.0050240024
3665039,0.0072304974
3665040,0.0015215027
3665041,0.0019032347
3665042,0.007901029
3665043,0.025978293
3665044,0.016343692
3665045,0.008286867
3665046,0.0279189
3665047,0.0050313254
3665048,0.01508483
3665049,0.01338883
3665050,0.009128885
3665051,0.012829539
3665052,0.004418955
3665053,0.006782318
3665054,0.009676515
3665055,0.008469087
3665056,0.04332987
3665057,0.008736498
3665058,0.033853717
3665059,0.027706105
3665060,0.014627618
3665061,0.04583467
3665062,0.123512775
3665063,0.012478337
3665064,0.088347666
3665065,0.008540716
3665066,0.002840556
3665067,0.01945254
3665068,0.006208426
3665069,0.006023933
3665070,0.006871609
3665071,0.0018623255
3665072,0.010656517
3665073,0.025927437
3665074,0.0068503954
3665075,0.0015410843
3665076,0.027930077
3665077,0.004808696
3665078,0.018752176
3665079,0.0073664007
3665080,0.0071881916
3665081,0.0043857335
3665082,0.04176868
3665083,0.004667734
3665084,0.012808003
3665085,0.013372728
3665086,0.03900549
3665087,0.21504244
3665088,0.008387438
3665089,0.007732197
3665090,0.0042532356
3665091,0.0083629135
3665092,0.0044590165
3665093,0.005260106
3665094,0.0097019505
3665095,0.007669684
3665096,0.0073278234
3665097,0.15886556
3665098,0.0044459878
3665099,0.010315253
3665100,0.05389688
3665101,0.004750213
3665102,0.0031757518
3665103,0.013365236
3665104,0.0032547957
3665105,0.04056029
3665106,0.0405904
3665107,0.005102543
3665108,0.026790587
3665109,0.0038858512
3665110,0.0037395286
3665111,0.01603439
3665112,0.025057489
3665113,0.004963519
3665114,0.007930097
3665115,0.003913061
3665116,0.0606518
3665117,0.011814574
3665118,0.010194657
3665119,0.021347022
3665120,0.009774512
3665121,0.010139481
3665122,0.0011152384
3665123,0.019392421
3665124,0.02459455
3665125,0.007753952
3665126,0.010185505
3665127,0.0026334657
3665128,0.008792671
3665129,0.0040780487
3665130,0.09884893
3665131,0.0054112584
3665132,0.008160582
3665133,0.020825002
3665134,0.014013895
3665135,0.009805071
3665136,0.025263775
3665137,0.005970553
3665138,0.0050780126
3665139,0.0013886192
3665140,0.013555013
3665141,0.0134691885
3665142,0.0019000302
3665143,0.010951507
3665144,0.004273233
3665145,0.022104809
3665146,0.018471517
3665147,0.05340948
3665148,0.0061227116
3665149,0.0033915942
3665150,0.02987504
3665151,0.008415165
3665152,0.0104578985
3665153,0.018548552
3665154,0.009521209
3665155,0.0069582476
3665156,0.01015475
3665157,0.046417564
3665158,0.01712562
3665159,0.0029752885
3665160,0.017331399
3665161,0.024330303
3665162,0.013274413
3665163,0.0016625331
3665164,0.002992624
3665165,0.0028586767
3665166,0.0064503327
3665167,0.01722773
3665168,0.0024081534
3665169,0.008183226
3665170,0.010106431
3665171,0.0041658287
3665172,0.0033214537
3665173,0.006776118
3665174,0.0042383983
3665175,0.0044113384
3665176,0.022430453
3665177,0.017732553
3665178,0.011076343
3665179,0.021157613
3665180,0.0055953586
3665181,0.0041730157
3665182,0.010093316
3665183,0.0042715594
3665184,0.006519636
3665185,0.001402829
3665186,0.05181055
3665187,0.04264419
3665188,0.008353151
3665189,0.010063574
3665190,0.0060284
3665191,0.06448539
3665192,0.024295509
3665193,0.004029922
3665194,0.027322952
3665195,0.0050154096
3665196,0.06725904
3665197,0.0075659943
3665198,0.03291579
3665199,0.0077242223
3665200,0.0082018385
3665201,0.0034469685
3665202,0.0009307057
3665203,0.025392272
3665204,0.0049726274
3665205,0.0033943902
3665206,0.0022890216
3665207,0.005910901
3665208,0.0038338294
3665209,0.016138155
3665210,0.011175855
3665211,0.0041477717
3665212,0.05177618
3665213,0.013946527
3665214,0.013762809
3665215,0.018619845
3665216,0.0052585495
3665217,0.0036082924
3665218,0.02525102
3665219,0.010525638
3665220,0.0023568203
3665221,0.0020809756
3665222,0.021908835
3665223,0.0037194304
3665224,0.008069053
3665225,0.018932454
3665226,0.006609213
3665227,0.013656964
3665228,0.005645235
3665229,0.0035518103
3665230,0.004684541
3665231,0.010074129
3665232,0.0121436175
3665233,0.0059023555
3665234,0.0086939875
3665235,0.033094447
3665236,0.02750438
3665237,0.008821134
3665238,0.0037427968
3665239,0.014596556
3665240,0.007487583
3665241,0.030702656
3665242,0.004557111
3665243,0.2505085
3665244,0.006345022
3665245,0.007377329
3665246,0.008787615
3665247,0.0064771427
3665248,0.012863149
3665249,0.0051339674
3665250,0.0077791675
3665251,0.0046663294
3665252,0.008543264
3665253,0.01420229
3665254,0.0072434437
3665255,0.0056383116
3665256,0.00331666
3665257,0.0070258495
3665258,0.0029363057
3665259,0.0045777475
3665260,0.010177288
3665261,0.0049799536
3665262,0.0139161395
3665263,0.014568929
3665264,0.0029288116
3665265,0.0056843706
3665266,0.011489201
3665267,0.03358809
3665268,0.0059626205
3665269,0.0021779279
3665270,0.010299071
3665271,0.0070803766
3665272,0.004824204
3665273,0.010336368
3665274,0.0060506044
3665275,0.007911932
3665276,0.0022891937
3665277,0.019902434
3665278,0.0036923932
3665279,0.0021514518
3665280,0.013482476
3665281,0.0035979368
3665282,0.02036656
3665283,0.007852604
3665284,0.016564187
3665285,0.0024599582
3665286,0.006049417
3665287,0.015390461
3665288,0.009039194
3665289,0.020940408
3665290,0.0064902804
3665291,0.0034946979
3665292,0.0058917888
3665293,0.005696001
3665294,0.032435276
3665295,0.0044829673
3665296,0.008968367
3665297,0.005319676
3665298,0.038425155
3665299,0.0012260929
3665300,0.011579267
3665301,0.0061585903
3665302,0.0044616587
3665303,0.0017685503
3665304,0.0040899185
3665305,0.022835918
3665306,0.005281276
3665307,0.004998631
3665308,0.008486916
3665309,0.0022786192
3665310,0.012230688
3665311,0.004263584
3665312,0.007925777
3665313,0.009833904
3665314,0.0056823334
3665315,0.009737093
3665316,0.0066282903
3665317,0.013669764
3665318,0.009930411
3665319,0.01602935
3665320,0.017887918
3665321,0.006443727
3665322,0.0014125939
3665323,0.0070481896
3665324,0.004477929
3665325,0.006131638
3665326,0.002333369
3665327,0.004087652
3665328,0.084326275
3665329,0.012586822
3665330,0.010616624
3665331,0.0050025173
3665332,0.005232511
3665333,0.0028275761
3665334,0.0037202062
3665335,0.0059997556
3665336,0.024345096
3665337,0.014355344
3665338,0.015589426
3665339,0.07995265
3665340,0.004322321
3665341,0.0015957877
3665342,0.0071592904
3665343,0.0045173815
3665344,0.007012224
3665345,0.009766808
3665346,0.0029335273
3665347,0.021779144
3665348,0.017742265
3665349,0.0062966114
3665350,0.010229655
3665351,0.009856997
3665352,0.00764059
3665353,0.022414472
3665354,0.0042946143
3665355,0.01320281
3665356,0.050106652
3665357,0.0070548044
3665358,0.008321235
3665359,0.0013998356
3665360,0.0014927534
3665361,0.008337359
3665362,0.0018208018
3665363,0.019855963
3665364,0.026565885
3665365,0.006812624
3665366,0.0012938831
3665367,0.1873867
3665368,0.01109376
3665369,0.012669256
3665370,0.2523477
3665371,0.008106089
3665372,0.0034413238
3665373,0.0030330156
3665374,0.003912753
3665375,0.0023289986
3665376,0.31749603
3665377,0.002710009
3665378,0.0071455687
3665379,0.0039142454
3665380,0.00719357
3665381,0.02066636
3665382,0.02257425
3665383,0.00476336
3665384,0.0108957635
3665385,0.015179337
3665386,0.0029249918
3665387,0.64308566
3665388,0.0054785055
3665389,0.0063276477
3665390,0.0036148487
3665391,0.0033098762
3665392,0.003009346
3665393,0.02759415
3665394,0.0050004525
3665395,0.06463163
3665396,0.008142215
3665397,0.021794714
3665398,0.019200508
3665399,0.003474286
3665400,0.005458943
3665401,0.004849838
3665402,0.016376643
3665403,0.0045988224
3665404,0.0071503646
3665405,0.0049139485
3665406,0.03630392
3665407,0.0039888136
3665408,0.009890585
3665409,0.004529868
3665410,0.008835651
3665411,0.013872791
3665412,0.016292602
3665413,0.018067556
3665414,0.00687491
3665415,0.011734001
3665416,0.0047773486
3665417,0.0028258222
3665418,0.020224934
3665419,0.006296561
3665420,0.033944536
3665421,0.008498902
3665422,0.009004744
3665423,0.008736498
3665424,0.015761163
3665425,0.0028999269
3665426,0.0037494774
3665427,0.0017250961
3665428,0.0056172498
3665429,0.0072120167
3665430,0.0093842
3665431,0.007695589
3665432,0.018329166
3665433,0.008908883
3665434,0.007425662
3665435,0.007893198
3665436,0.019944903
3665437,0.009102834
3665438,0.01414668
3665439,0.0125607075
3665440,0.008718215
3665441,0.018973008
3665442,0.006385531
3665443,0.0095933555
3665444,0.010725884
3665445,0.009972915
3665446,0.01616131
3665447,0.017790869
3665448,0.00068316865
3665449,0.010385285
3665450,0.0049665603
3665451,0.0062298123
3665452,0.0045725205
3665453,0.0042492915
3665454,0.009638863
3665455,0.02001758
3665456,0.004048656
3665457,0.0072664334
3665458,0.04197235
3665459,0.025112322
3665460,0.0070524532
3665461,0.011642086
3665462,0.006293259
3665463,0.022332313
3665464,0.006555554
3665465,0.010894161
3665466,0.012671386
3665467,0.010455367
3665468,0.00875601
3665469,0.0039515146
3665470,0.039627876
3665471,0.0029688638
3665472,0.0017885213
3665473,0.011377133
3665474,0.046116386
3665475,0.0066856523
3665476,0.01388002
3665477,0.007879387
3665478,0.0024090447
3665479,0.008585563
3665480,0.01612995
3665481,0.00086909655
3665482,0.006553751
3665483,0.008603199
3665484,0.0028498282
3665485,0.01445639
3665486,0.005409755
3665487,0.0021283876
3665488,0.010620462
3665489,0.013405166
3665490,0.0061596353
3665491,0.0029064766
3665492,0.002883881
3665493,0.017645612
3665494,0.010429872
3665495,0.011455981
3665496,0.0045834896
3665497,0.00406099
3665498,0.0026637742
3665499,0.0039496683
3665500,0.0031165874
3665501,0.010630161
3665502,0.02590946
3665503,0.005142079
3665504,0.0049559325
3665505,0.0094548315
3665506,0.002714686
3665507,0.0030238477
3665508,0.011443293
3665509,0.015218163
3665510,0.006598202
3665511,0.037871946
3665512,0.006100106
3665513,0.013077578
3665514,0.022061113
3665515,0.09292816
3665516,0.0025842611
3665517,0.010288364
3665518,0.017616203
3665519,0.0057262215
3665520,0.012773587
3665521,0.010177561
3665522,0.0069220685
3665523,0.0030267974
3665524,0.03541144
3665525,0.009142364
3665526,0.0028369925
3665527,0.0028675701
3665528,0.008885694
3665529,0.014497304
3665530,0.0017780047
3665531,0.0029108855
3665532,0.014737993
3665533,0.02698023
3665534,0.009013475
3665535,0.02718385
3665536,0.0016849602
3665537,0.018018352
3665538,0.0032113395
3665539,0.09249874
3665540,0.08384765
3665541,0.0040301937
3665542,0.016934866
3665543,0.002083056
3665544,0.005980769
3665545,0.0024647159
3665546,0.027637849
3665547,0.0054648384
3665548,0.009589066
3665549,0.00638166
3665550,0.049092796
3665551,0.0049114893
3665552,0.015863553
3665553,0.0012270181
3665554,0.06199475
3665555,0.01579684
3665556,0.007288391
3665557,0.0029391912
3665558,0.008945134
3665559,0.010173709
3665560,0.0070491983
3665561,0.009633412
3665562,0.0441251
3665563,0.011382773
3665564,0.010569835
3665565,0.017605223
3665566,0.012483996
3665567,0.0022086524
3665568,0.0049101748
3665569,0.024753211
3665570,0.0041778116
3665571,0.017817136
3665572,0.0013093268
3665573,0.0047592954
3665574,0.0033211994
3665575,0.008679472
3665576,0.0031399361
3665577,0.0033507003
3665578,0.0075758356
3665579,0.0071718893
3665580,0.005371083
3665581,0.002648976
3665582,0.046969645
3665583,0.018766703
3665584,0.004836375
3665585,0.0048475647
3665586,0.0055330205
3665587,0.0071202423
3665588,0.0110670915
3665589,0.020868303
3665590,0.0046209237
3665591,0.005586814
3665592,0.005418886
3665593,0.05428835
3665594,0.010334476
3665595,0.0025565117
3665596,0.016477045
3665597,0.012041248
3665598,0.0057205698
3665599,0.0042367345
3665600,0.015561797
3665601,0.009747342
3665602,0.0072815698
3665603,0.046969645
3665604,0.01178762
3665605,0.0030966043
3665606,0.0036895513
3665607,0.008987824
3665608,0.004457488
3665609,0.0061227316
3665610,0.002744013
3665611,0.01428319
3665612,0.0041194977
3665613,0.008897349
3665614,0.018556431
3665615,0.011189099
3665616,0.013064198
3665617,0.0108880475
3665618,0.005423452
3665619,0.005490704
3665620,0.012107296
3665621,0.030758195
3665622,0.046969645
3665623,0.00476263
3665624,0.0027576878
3665625,0.013035524
3665626,0.0034404392
3665627,0.029399501
3665628,0.00978323
3665629,0.005591643
3665630,0.003099908
3665631,0.0050554993
3665632,0.0027488284
3665633,0.009077863
3665634,0.012213108
3665635,0.0076567535
3665636,0.006638788
3665637,0.0064318283
3665638,0.0018021865
3665639,0.010081632
3665640,0.0074076653
3665641,0.015105261
3665642,0.086562276
3665643,0.02131998
3665644,0.0147386985
3665645,0.046969645
3665646,0.0033253583
3665647,0.0024853023
3665648,0.0050313896
3665649,0.018398285
3665650,0.0010442805
3665651,0.007661519
3665652,0.012295805
3665653,0.022380462
3665654,0.0015717264
3665655,0.13548693
3665656,0.025074653
3665657,0.008620448
3665658,0.008106089
3665659,0.0043010255
3665660,0.0016341109
3665661,0.0127647575
3665662,0.009446257
3665663,0.0060163746
3665664,0.0039969697
3665665,0.016297217
3665666,0.0057682293
3665667,0.0013736397
3665668,0.0071531716
3665669,0.0034109612
3665670,0.0099922465
3665671,0.006126758
3665672,0.0069290344
3665673,0.0058175707
3665674,0.021352937
3665675,0.043552544
3665676,0.0038629088
3665677,0.06724373
3665678,0.004450443
3665679,0.0041345707
3665680,0.00612641
3665681,0.006262076
3665682,0.005891415
3665683,0.0064175497
3665684,0.043622397
3665685,0.039266486
3665686,0.02991657
3665687,0.0033099395
3665688,0.007015282
3665689,0.0103023285
3665690,0.00883057
3665691,0.008788429
3665692,0.0044997316
3665693,0.061856613
3665694,0.012880429
3665695,0.023333404
3665696,0.008012111
3665697,0.009073321
3665698,0.0057670698
3665699,0.004424917
3665700,0.006411812
3665701,0.008326568
3665702,0.003528815
3665703,0.0029122087
3665704,0.0054503423
3665705,0.007226596
3665706,0.0028832392
3665707,0.0046277563
3665708,0.00445864
3665709,0.0025739647
3665710,0.006743447
3665711,0.0066553904
3665712,0.0025141
3665713,0.0047443938
3665714,0.0032358156
3665715,0.006585521
3665716,0.07571832
3665717,0.02804946
3665718,0.008414346
3665719,0.0023603567
3665720,0.0077515603
3665721,0.002333369
3665722,0.04486215
3665723,0.052355427
3665724,0.005655029
3665725,0.009057443
3665726,0.0126511725
3665727,0.03376651
3665728,0.008650706
3665729,0.0052103046
3665730,0.018717103
3665731,0.023128254
3665732,0.0030552042
3665733,0.0024812084
3665734,0.004023512
3665735,0.029798258
3665736,0.006537611
3665737,0.003079772
3665738,0.013952653
3665739,0.011079891
3665740,0.046499316
3665741,0.0038221828
3665742,0.01928624
3665743,0.003520759
3665744,0.008015314
3665745,0.016801173
3665746,0.056246
3665747,0.0060277516
3665748,0.039331466
3665749,0.048415422
3665750,0.0320565
3665751,0.0063229185
3665752,0.030859008
3665753,0.005437596
3665754,0.03712209
3665755,0.011808017
3665756,0.018083543
3665757,0.007879387
3665758,0.02924743
3665759,0.008196291
3665760,0.010424598
3665761,0.0030931542
3665762,0.0050185113
3665763,0.05099524
3665764,0.008991643
3665765,0.04523301
3665766,0.014794294
3665767,0.0056463513
3665768,0.012873361
3665769,0.01208816
3665770,0.0069899736
3665771,0.007703863
3665772,0.039950233
3665773,0.0050168186
3665774,0.018148875
3665775,0.0014035907
3665776,0.17370859
3665777,0.0059239296
3665778,0.017386895
3665779,0.009592037
3665780,0.18191986
3665781,0.008103701
3665782,0.0024621203
3665783,0.08693983
3665784,0.0075544305
3665785,0.007828308
3665786,0.0024222974
3665787,0.0080920495
3665788,0.015194407
3665789,0.0039577205
3665790,0.0031081676
3665791,0.0065836497
3665792,0.020556912
3665793,0.009720357
3665794,0.0017703822
3665795,0.007844332
3665796,0.01678058
3665797,0.007962345
3665798,0.009208043
3665799,0.01903296
3665800,0.0041668355
3665801,0.006654666
3665802,0.01826018
3665803,0.012226293
3665804,0.0343334
3665805,0.009757943
3665806,0.0066322573
3665807,0.005837251
3665808,0.004282625
3665809,0.012880894
3665810,0.0023447792
3665811,0.0059671267
3665812,0.015571691
3665813,0.004876711
3665814,0.010594139
3665815,0.0058069457
3665816,0.0033843622
3665817,0.016127672
3665818,0.014783886
3665819,0.0011154924
3665820,0.017233083
3665821,0.02036121
3665822,0.012726261
3665823,0.0031598962
3665824,0.0045606703
3665825,0.0058102976
3665826,0.009080115
3665827,0.006255261
3665828,0.007921826
3665829,0.011085979
3665830,0.03469748
3665831,0.006147128
3665832,0.0077683465
3665833,0.0160544
3665834,0.01910204
3665835,0.009148259
3665836,0.011279296
3665837,0.12274499
3665838,0.009860795
3665839,0.0054181535
3665840,0.01594267
3665841,0.007882231
3665842,0.051437132
3665843,0.0012383761
3665844,0.0040142452
3665845,0.020820534
3665846,0.009454175
3665847,0.005398311
3665848,0.0101819625
3665849,0.0028408098
3665850,0.0050702137
3665851,0.014953363
3665852,0.019417604
3665853,0.003818947
3665854,0.0049676253
3665855,0.002295793
3665856,0.028108247
3665857,0.008331928
3665858,0.009917967
3665859,0.0055976645
3665860,0.011297806
3665861,0.093260124
3665862,0.0066056293
3665863,0.015845576
3665864,0.07805383
3665865,0.0033435868
3665866,0.0077154883
3665867,0.0025186136
3665868,0.02540825
3665869,0.0032437553
3665870,0.018856378
3665871,0.016395656
3665872,0.03030205
3665873,0.01027025
3665874,0.0016908692
3665875,0.010547742
3665876,0.005796626
3665877,0.0077795237
3665878,0.0035642984
3665879,0.011996738
3665880,0.0053389343
3665881,0.00523302
3665882,0.0037388625
3665883,0.007653776
3665884,0.011282679
3665885,0.017356997
3665886,0.0037821447
3665887,0.015280991
3665888,0.024913868
3665889,0.0025267762
3665890,0.0069698854
3665891,0.013228104
3665892,0.0031549088
3665893,0.0101200845
3665894,0.009976343
3665895,0.0066204085
3665896,0.0039184475
3665897,0.0039203037
3665898,0.0062182834
3665899,0.008263059
3665900,0.0041736737
3665901,0.016348239
3665902,0.023084795
3665903,0.0044978866
3665904,0.010243211
3665905,0.0022133905
3665906,0.0031340164
3665907,0.0063567
3665908,0.00240226
3665909,0.009938577
3665910,0.0032820704
3665911,0.0048020715
3665912,0.014891772
3665913,0.0078466805
3665914,0.0070098336
3665915,0.008426239
3665916,0.010274468
3665917,0.011434665
3665918,0.057950985
3665919,0.016248304
3665920,0.009976343
3665921,0.0054741893
3665922,0.005658808
3665923,0.011193552
3665924,0.008379395
3665925,0.001157273
3665926,0.0049419887
3665927,0.067615844
3665928,0.008970338
3665929,0.0034764146
3665930,0.011305117
3665931,0.012453278
3665932,0.26139733
3665933,0.01417258
3665934,0.006779457
3665935,0.005829646
3665936,0.021240026
3665937,0.027042259
3665938,0.0074922554
3665939,0.034847528
3665940,0.008344151
3665941,0.0026557243
3665942,0.0070627113
3665943,0.0026138357
3665944,0.008025827
3665945,0.0022669164
3665946,0.0020283987
3665947,0.010358376
3665948,0.0045689107
3665949,0.0021317392
3665950,0.006585874
3665951,0.0039341943
3665952,0.011708907
3665953,0.0033076545
3665954,0.010101948
3665955,0.012940994
3665956,0.0127141755
3665957,0.0029900828
3665958,0.0034702932
3665959,0.00621073
3665960,0.07751834
3665961,0.0056152022
3665962,0.013113765
3665963,0.00702902
3665964,0.025885046
3665965,0.01284262
3665966,0.008692496
3665967,0.007281108
3665968,0.005150934
3665969,0.01717229
3665970,0.035055064
3665971,0.006051863
3665972,0.011405272
3665973,0.048572633
3665974,0.010171947
3665975,0.0125725
3665976,0.0057425066
3665977,0.024757482
3665978,0.002369547
3665979,0.018984638
3665980,0.012873258
3665981,0.012357493
3665982,0.010281346
3665983,0.007452082
3665984,0.002578806
3665985,0.015477301
3665986,0.02776418
3665987,0.004441543
3665988,0.007135218
3665989,0.018462425
3665990,0.03410938
3665991,0.0049733752
3665992,0.19370389
3665993,0.0052426723
3665994,0.027026668
3665995,0.00946093
3665996,0.05715029
3665997,0.0053113964
3665998,0.0026443237
3665999,0.0045292918
3666000,0.009846453
3666001,0.0057564164
3666002,0.0072086724
3666003,0.006525596
3666004,0.009490696
3666005,0.019909402
3666006,0.0077600772
3666007,0.043830566
3666008,0.0027376034
3666009,0.006976393
3666010,0.009329922
3666011,0.001868978
3666012,0.18359117
3666013,0.015871475
3666014,0.05844171
3666015,0.0037759712
3666016,0.00870375
3666017,0.06135593
3666018,0.006208202
3666019,0.09911221
3666020,0.0022433344
3666021,0.008179852
3666022,0.0047952374
3666023,0.0016255025
3666024,0.011116502
3666025,0.007813866
3666026,0.0036202818
3666027,0.006248474
3666028,0.00627671
3666029,0.011340733
3666030,0.014318632
3666031,0.0029698308
3666032,0.039551392
3666033,0.0048894314
3666034,0.0065368554
3666035,0.0070820865
3666036,0.0020491339
3666037,0.0025137998
3666038,0.0032320742
3666039,0.0027613896
3666040,0.015392612
3666041,0.0050275503
3666042,0.002583617
3666043,0.0024675862
3666044,0.0075942744
3666045,0.003506761
3666046,0.010659081
3666047,0.00839491
3666048,0.009382631
3666049,0.007623406
3666050,0.009021584
3666051,0.015551748
3666052,0.022737117
3666053,0.0011857592
3666054,0.11870636
3666055,0.014622127
3666056,0.006475391
3666057,0.007987851
3666058,0.0063937074
3666059,0.0072762016
3666060,0.01750708
3666061,0.007024759
3666062,0.0053948155
3666063,0.0013070056
3666064,0.0050979364
3666065,0.15777187
3666066,0.0036446014
3666067,0.001156901
3666068,0.0050336104
3666069,0.009084286
3666070,0.0043561715
3666071,0.002706739
3666072,0.024733165
3666073,0.002088987
3666074,0.0048721083
3666075,0.0113421595
3666076,0.0052369386
3666077,0.036242418
3666078,0.0032480455
3666079,0.037322868
3666080,0.012171203
3666081,0.023696905
3666082,0.005161381
3666083,0.096413285
3666084,0.005909556
3666085,0.0075499164
3666086,0.025612999
3666087,0.0383056
3666088,0.010674273
3666089,0.00603567
3666090,0.02841112
3666091,0.00851404
3666092,0.016849922
3666093,0.012107154
3666094,0.0021362344
3666095,0.0014323696
3666096,0.0046141166
3666097,0.008942142
3666098,0.01087394
3666099,0.0054208855
3666100,0.008160987
3666101,0.0028168461
3666102,0.008623298
3666103,0.0069197454
3666104,0.0018000845
3666105,0.003106001
3666106,0.0017444087
3666107,0.0030555108
3666108,0.017181363
3666109,0.004913242
3666110,0.006244191
3666111,0.01887549
3666112,0.011358956
3666113,0.0072564753
3666114,0.0070258495
3666115,0.0024240264
3666116,0.0039207726
3666117,0.0049030925
3666118,0.004061725
3666119,0.0043237316
3666120,0.0061785737
3666121,0.010036414
3666122,0.011731756
3666123,0.0029552376
3666124,0.008439986
3666125,0.0068446626
3666126,0.0027552093
3666127,0.010870626
3666128,0.0049097207
3666129,0.0027924865
3666130,0.0039684665
3666131,0.0038055482
3666132,0.0061843796
3666133,0.0072572
3666134,0.015083321
3666135,0.0016443367
3666136,0.011284636
3666137,0.0076522264
3666138,0.005072396
3666139,0.008079865
3666140,0.006589687
3666141,0.005615466
3666142,0.008731523
3666143,0.07378571
3666144,0.010801551
3666145,0.0070659295
3666146,0.004320155
3666147,0.05890768
3666148,0.0038444716
3666149,0.007332678
3666150,0.0014671771
3666151,0.010863266
3666152,0.0076183868
3666153,0.001965661
3666154,0.002891842
3666155,0.009279737
3666156,0.005927927
3666157,0.028763307
3666158,0.0043383576
3666159,0.008909927
3666160,0.005338699
3666161,0.006372722
3666162,0.012098579
3666163,0.0047740443
3666164,0.0049318364
3666165,0.053667095
3666166,0.008616794
3666167,0.011178958
3666168,0.012330182
3666169,0.018502299
3666170,0.010066538
3666171,0.008443343
3666172,0.005846695
3666173,0.004868746
3666174,0.05400085
3666175,0.020312
3666176,0.0040580593
3666177,0.0012452791
3666178,0.0032822527
3666179,0.005665286
3666180,0.000660795
3666181,0.006352822
3666182,0.008462595
3666183,0.0024548664
3666184,0.014207572
3666185,0.009318386
3666186,0.004764988
3666187,0.016121598
3666188,0.00584848
3666189,0.008682152
3666190,0.0042900816
3666191,0.004091542
3666192,0.0086851325
3666193,0.041526508
3666194,0.009772611
3666195,0.015101446
3666196,0.003116512
3666197,0.02297228
3666198,0.0014453399
3666199,0.002937688
3666200,0.012933591
3666201,0.012621746
3666202,0.01735734
3666203,0.007968841
3666204,0.0061951475
3666205,0.019892188
3666206,0.0061595067
3666207,0.0076428107
3666208,0.005218338
3666209,0.0021190322
3666210,0.023558883
3666211,0.014651492
3666212,0.02607721
3666213,0.011033622
3666214,0.014721322
3666215,0.001752435
3666216,0.0053976662
3666217,0.008976249
3666218,0.0134029025
3666219,0.01092465
3666220,0.009869245
3666221,0.0052640424
3666222,0.003386035
3666223,0.017598618
3666224,0.013627404
3666225,0.00376477
3666226,0.010170872
3666227,0.007216952
3666228,0.0032818085
3666229,0.003536316
3666230,0.022820711
3666231,0.0029615627
3666232,0.014033714
3666233,0.007665066
3666234,0.02465782
3666235,0.010830233
3666236,0.008378948
3666237,0.018428868
3666238,0.010117763
3666239,0.0027426083
3666240,0.0062536458
3666241,0.01182125
3666242,0.012389047
3666243,0.021968331
3666244,0.010973603
3666245,0.028352803
3666246,0.00553003
3666247,0.00912193
3666248,0.004177943
3666249,0.0032589238
3666250,0.014898439
3666251,0.02336552
3666252,0.016751245
3666253,0.037460122
3666254,0.0036987192
3666255,0.0014830754
3666256,0.18415773
3666257,0.0028223966
3666258,0.0083187325
3666259,0.009951991
3666260,0.006363094
3666261,0.021465061
3666262,0.008597406
3666263,0.008128383
3666264,0.10075318
3666265,0.029677356
3666266,0.0074097626
3666267,0.009634962
3666268,0.055802144
3666269,0.0059526516
3666270,0.097124934
3666271,0.011375246
3666272,0.015105537
3666273,0.0021645864
3666274,0.007129069
3666275,0.0018519881
3666276,0.0018825711
3666277,0.030842405
3666278,0.0077426094
3666279,0.0050168945
3666280,0.074623466
3666281,0.022251606
3666282,0.009674144
3666283,0.025057321
3666284,0.005515825
3666285,0.005403975
3666286,0.064464055
3666287,0.00743928
3666288,0.0061924616
3666289,0.004676473
3666290,0.0135159595
3666291,0.0069885305
3666292,0.002869391
3666293,0.019631423
3666294,0.0069062575
3666295,0.09022981
3666296,0.009213983
3666297,0.0029698631
3666298,0.004402242
3666299,0.006775778
3666300,0.007553666
3666301,0.27929023
3666302,0.002666546
3666303,0.0045433375
3666304,0.0059294864
3666305,0.25200978
3666306,0.005426779
3666307,0.0074515855
3666308,0.057997834
3666309,0.46175048
3666310,0.031297825
3666311,0.0033709253
3666312,0.002752797
3666313,0.0655072
3666314,0.3968283
3666315,0.018060679
3666316,0.0030171273
3666317,0.009619573
3666318,0.027803335
3666319,0.0037827503
3666320,0.012759013
3666321,0.014198252
3666322,0.008942894
3666323,0.009168288
3666324,0.011329238
3666325,0.007898524
3666326,0.0061362917
3666327,0.024291633
3666328,0.04603405
3666329,0.01945636
3666330,0.004952004
3666331,0.0072174612
3666332,0.007900897
3666333,0.0033662652
3666334,0.015860992
3666335,0.006320429
3666336,0.006163177
3666337,0.0063566393
3666338,0.0036048274
3666339,0.008512503
3666340,0.00391806
3666341,0.0037401132
3666342,0.01260243
3666343,0.0048163626
3666344,0.009902065
3666345,0.09697546
3666346,0.010429366
3666347,0.0041833245
3666348,0.0023155448
3666349,0.004106888
3666350,0.001921559
3666351,0.0043192157
3666352,0.0031354188
3666353,0.005203678
3666354,0.0115614515
3666355,0.007858662
3666356,0.0038741434
3666357,0.010606687
3666358,0.015480877
3666359,0.0038168158
3666360,0.008857907
3666361,0.0059744795
3666362,0.012228931
3666363,0.005179968
3666364,0.0030544999
3666365,0.003881826
3666366,0.031278472
3666367,0.0062132464
3666368,0.0018444774
3666369,0.016359821
3666370,0.024726363
3666371,0.015684623
3666372,0.048843056
3666373,0.017847778
3666374,0.0029093453
3666375,0.006117575
3666376,0.00463989
3666377,0.037598558
3666378,0.0037676147
3666379,0.0042903055
3666380,0.002596112
3666381,0.012135
3666382,0.0012595184
3666383,0.0033509631
3666384,0.0049129855
3666385,0.016166124
3666386,0.0027057761
3666387,0.005872238
3666388,0.007957499
3666389,0.0030402176
3666390,0.018593254
3666391,0.008245844
3666392,0.021142095
3666393,0.002241078
3666394,0.08869187
3666395,0.000991699
3666396,0.11342588
3666397,0.17743962
3666398,0.0014472337
3666399,0.00983872
3666400,0.0036501484
3666401,0.17812164
3666402,0.0055153854
3666403,0.011191093
3666404,0.021896543
3666405,0.20465659
3666406,0.00078705186
3666407,0.005627999
3666408,0.007784524
3666409,0.013606314
3666410,0.0050366535
3666411,0.003721242
3666412,0.009048057
3666413,0.005512559
3666414,0.012142753
3666415,0.015722485
3666416,0.06824219
3666417,0.0065877833
3666418,0.0033329888
3666419,0.017905073
3666420,0.0039526033
3666421,0.0063224565
3666422,0.026272086
3666423,0.021496514
3666424,0.0080033885
3666425,0.009188552
3666426,0.033006076
3666427,0.01212552
3666428,0.0147747705
3666429,0.019259911
3666430,0.013025632
3666431,0.0052887267
3666432,0.002504622
3666433,0.018226286
3666434,0.09589461
3666435,0.009405604
3666436,0.001785495
3666437,0.00163726
3666438,0.0016432044
3666439,0.11659006
3666440,0.002532671
3666441,0.002916299
3666442,0.002720913
3666443,0.0029804716
3666444,0.019755565
3666445,0.005225472
3666446,0.001906867
3666447,0.008353112
3666448,0.0037663602
3666449,0.005765577
3666450,0.005141616
3666451,0.009978457
3666452,0.004185641
3666453,0.0052221194
3666454,0.021818908
3666455,0.014729874
3666456,0.024305725
3666457,0.019161282
3666458,0.009720459
3666459,0.01587792
3666460,0.013356267
3666461,0.009438113
3666462,0.021053227
3666463,0.009249258
3666464,0.0051217997
3666465,0.02136754
3666466,0.013620669
3666467,0.007234442
3666468,0.010704144
3666469,0.02543759
3666470,0.014622127
3666471,0.014790965
3666472,0.014790965
3666473,0.012116597
3666474,0.016316371
3666475,0.019600784
3666476,0.021742791
3666477,0.004487013
3666478,0.0043962332
3666479,0.004395455
3666480,0.0034486563
3666481,0.05556997
3666482,0.003929968
3666483,0.0062237224
3666484,0.05633666
3666485,0.003500628
3666486,0.054808978
3666487,0.028966947
3666488,0.015012913
3666489,0.45199424
3666490,0.5510688
3666491,0.52783626
3666492,0.2863401
3666493,0.0062720366
3666494,0.005312472
3666495,0.0032662614
3666496,0.008248922
3666497,0.0034286329
3666498,0.005870487
3666499,0.012268126
3666500,0.011814746
3666501,0.010800093
3666502,0.62272966
3666503,0.007570306
3666504,0.045808133
3666505,0.0013110096
3666506,0.010686531
3666507,0.001430754
3666508,0.08285641
3666509,0.0063702012
3666510,0.008561612
3666511,0.017752621
3666512,0.0024279647
3666513,0.014374713
3666514,0.0038658327
3666515,0.007595166
3666516,0.006883549
3666517,0.009085759
3666518,0.010145236
3666519,0.009740676
3666520,0.008578791
3666521,0.010172577
3666522,0.0030408723
3666523,0.02450823
3666524,0.0066608875
3666525,0.006571906
3666526,0.07797615
3666527,0.0023052995
3666528,0.0057210904
3666529,0.0031762305
3666530,0.020854108
3666531,0.089454636
3666532,0.0030082248
3666533,0.01612796
3666534,0.009257091
3666535,0.010174488
3666536,0.0065758456
3666537,0.011344999
3666538,0.025286214
3666539,0.0065899403
3666540,0.009693927
3666541,0.012496454
3666542,0.051050596
3666543,0.011821696
3666544,0.00218724
3666545,0.0047911755
3666546,0.004049539
3666547,0.014502837
3666548,0.012958073
3666549,0.0013059058
3666550,0.036803648
3666551,0.0012936365
3666552,0.023790335
3666553,0.0019550966
3666554,0.013034384
3666555,0.0070216693
3666556,0.010436046
3666557,0.016536782
3666558,0.002097132
3666559,0.026585277
3666560,0.0017439546
3666561,0.0139454
3666562,0.0046204566
3666563,0.012025336
3666564,0.0013336755
3666565,0.023121838
3666566,0.0044306954
3666567,0.00430401
3666568,0.035482366
3666569,0.002470903
3666570,0.0026287118
3666571,0.010396372
3666572,0.0053527066
3666573,0.0063137216
3666574,0.0076251565
3666575,0.013012404
3666576,0.005663664
3666577,0.027941393
3666578,0.0037626638
3666579,0.005206295
3666580,0.006071249
3666581,0.03618688
3666582,0.006071249
3666583,0.010731218
3666584,0.008630377
3666585,0.0059457063
3666586,0.005264514
3666587,0.015403103
3666588,0.0014295466
3666589,0.004197938
3666590,0.0066985437
3666591,0.014864647
3666592,0.01367487
3666593,0.022743985
3666594,0.022493364
3666595,0.00711349
3666596,0.013418063
3666597,0.012369679
3666598,0.0031304015
3666599,0.020475913
3666600,0.004751559
3666601,0.0021035261
3666602,0.023566486
3666603,0.02079122
3666604,0.007974694
3666605,0.01441206
3666606,0.007907984
3666607,0.015361864
3666608,0.014272714
3666609,0.00224564
3666610,0.012778091
3666611,0.026184414
3666612,0.026223775
3666613,0.01605232
3666614,0.06675503
3666615,0.0026706045
3666616,0.010197193
3666617,0.08935078
3666618,0.011965686
3666619,0.0017113195
3666620,0.0021123558
3666621,0.021908533
3666622,0.0030788525
3666623,0.009111161
3666624,0.008847961
3666625,0.006846264
3666626,0.011611839
3666627,0.02326325
3666628,0.019431742
3666629,0.042209145
3666630,0.05977375
3666631,0.0028208832
3666632,0.014550353
3666633,0.0028886222
3666634,0.0024962209
3666635,0.0179156
3666636,0.020133696
3666637,0.009720752
3666638,0.0037242572
3666639,0.0571958
3666640,0.0021005974
3666641,0.0019628438
3666642,0.022407727
3666643,0.0033084797
3666644,0.004270367
3666645,0.0063134404
3666646,0.0024930255
3666647,0.00844484
3666648,0.014166258
3666649,0.01601246
3666650,0.0065453607
3666651,0.07438494
3666652,0.009674542
3666653,0.006705178
3666654,0.0011070037
3666655,0.005129809
3666656,0.003406756
3666657,0.005956581
3666658,0.0055556335
3666659,0.017888512
3666660,0.0015053995
3666661,0.030195864
3666662,0.009713686
3666663,0.0033634333
3666664,0.08590496
3666665,0.0013974167
3666666,0.0015791295
3666667,0.00415246
3666668,0.028986588
3666669,0.012772319
3666670,0.0035937
3666671,0.014838834
3666672,0.0013468253
3666673,0.004704323
3666674,0.0053986493
3666675,0.0052211336
3666676,0.005018247
3666677,0.007007116
3666678,0.00739685
3666679,0.0070787477
3666680,0.0051491433
3666681,0.001329051
3666682,0.021948377
3666683,0.0015006213
3666684,0.0109217195
3666685,0.012423686
3666686,0.004991689
3666687,0.007901316
3666688,0.021814836
3666689,0.0016956006
3666690,0.009103292
3666691,0.002200089
3666692,0.0020352276
3666693,0.00787395
3666694,0.005583715
3666695,0.0027548189
3666696,0.003233777
3666697,0.0058248234
3666698,0.005004953
3666699,0.004879991
3666700,0.010446766
3666701,0.010967607
3666702,0.01229511
3666703,0.014122692
3666704,0.006842135
3666705,0.012927371
3666706,0.008575089
3666707,0.015948238
3666708,0.01794361
3666709,0.015375379
3666710,0.01794361
3666711,0.01794361
3666712,0.0057713087
3666713,0.028021198
3666714,0.0055704373
3666715,0.001909576
3666716,0.008706922
3666717,0.006876782
3666718,0.0027768828
3666719,0.005316483
3666720,0.0029955434
3666721,0.0046578995
3666722,0.0018386644
3666723,0.0080088265
3666724,0.0020309978
3666725,0.018863443
3666726,0.016096907
3666727,0.007938963
3666728,0.020250069
3666729,0.0034478286
3666730,0.004111948
3666731,0.0027412742
3666732,0.025723899
3666733,0.0059613287
3666734,0.008814525
3666735,0.0057687075
3666736,0.009460791
3666737,0.006197062
3666738,0.064961866
3666739,0.0057498105
3666740,0.014846712
3666741,0.0016148954
3666742,0.0068269675
3666743,0.014683337
3666744,0.004531012
3666745,0.0058810883
3666746,0.010439957
3666747,0.01410814
3666748,0.007764315
3666749,0.012620961
3666750,0.006358278
3666751,0.022630455
3666752,0.044389926
3666753,0.0018183412
3666754,0.0052925535
3666755,0.006544766
3666756,0.0026869772
3666757,0.004831411
3666758,0.03379479
3666759,0.009223099
3666760,0.0057030353
3666761,0.0069224816
3666762,0.008787308
3666763,0.0020269724
3666764,0.012503752
3666765,0.004054334
3666766,0.011261692
3666767,0.0035038113
3666768,0.00614797
3666769,0.013164868
3666770,0.004302053
3666771,0.013600754
3666772,0.0067923153
3666773,0.00309549
3666774,0.025341505
3666775,0.0075041894
3666776,0.005291474
3666777,0.0041535664
3666778,0.00239183
3666779,0.013600754
3666780,0.012681137
3666781,0.0022365192
3666782,0.0015437971
3666783,0.010377746
3666784,0.016046003
3666785,0.0027468225
3666786,0.012840294
3666787,0.004316165
3666788,0.005085409
3666789,0.047001608
3666790,0.023207407
3666791,0.006821192
3666792,0.0016134015
3666793,0.021187421
3666794,0.007125294
3666795,0.0011880617
3666796,0.0067364876
3666797,0.001978742
3666798,0.010355522
3666799,0.0041660327
3666800,0.0021502585
3666801,0.003689537
3666802,0.0028648912
3666803,0.0013056383
3666804,0.010124298
3666805,0.004540037
3666806,0.002453427
3666807,0.0027525718
3666808,0.0039545284
3666809,0.0022256486
3666810,0.0053423867
3666811,0.011305117
3666812,0.003469627
3666813,0.011767286
3666814,0.0132805845
3666815,0.0011982927
3666816,0.010348853
3666817,0.0013065751
3666818,0.01098457
3666819,0.006023296
3666820,0.008004028
3666821,0.0019627064
3666822,0.0060431412
3666823,0.00948351
3666824,0.011211976
3666825,0.0018898785
3666826,0.0059402497
3666827,0.016433032
3666828,0.0138521725
3666829,0.008785713
3666830,0.029635854
3666831,0.003897175
3666832,0.0029701951
3666833,0.0054208855
3666834,0.01425214
3666835,0.0064819036
3666836,0.017564487
3666837,0.0016928512
3666838,0.013067641
3666839,0.0035198776
3666840,0.017816894
3666841,0.0075439345
3666842,0.03236964
3666843,0.0031113827
3666844,0.002392242
3666845,0.004355733
3666846,0.008071111
3666847,0.0063527976
3666848,0.0017134715
3666849,0.006902838
3666850,0.009748866
3666851,0.009597334
3666852,0.006829202
3666853,0.007015183
3666854,0.038564388
3666855,0.0039109522
3666856,0.0024380647
3666857,0.012791518
3666858,0.004741454
3666859,0.019973313
3666860,0.003582193
3666861,0.006303352
3666862,0.002614011
3666863,0.012489399
3666864,0.0075396583
3666865,0.0036141826
3666866,0.02788827
3666867,0.0032363157
3666868,0.005068388
3666869,0.003565305
3666870,0.009579944
3666871,0.0057400246
3666872,0.003510741
3666873,0.0047002635
3666874,0.0023176265
3666875,0.01530512
3666876,0.007089601
3666877,0.0040724
3666878,0.012545157
3666879,0.0101705175
3666880,0.015490967
3666881,0.015813679
3666882,0.05826141
3666883,0.0047439886
3666884,0.006799988
3666885,0.016831668
3666886,0.008196224
3666887,0.0069320505
3666888,0.048327535
3666889,0.017311482
3666890,0.015183793
3666891,0.0072068735
3666892,0.0068027196
3666893,0.008535384
3666894,0.008683663
3666895,0.013291662
3666896,0.03377384
3666897,0.0027528335
3666898,0.0021209973
3666899,0.012325717
3666900,0.0028260252
3666901,0.012945972
3666902,0.0052937632
3666903,0.005708432
3666904,0.011043517
3666905,0.0116845425
3666906,0.0033557569
3666907,0.035738457
3666908,0.020786839
3666909,0.015539869
3666910,0.0068227756
3666911,0.00960146
3666912,0.005201814
3666913,0.012216536
3666914,0.01806835
3666915,0.007706451
3666916,0.007273864
3666917,0.0071137226
3666918,0.009429112
3666919,0.013489885
3666920,0.008395386
3666921,0.0050610406
3666922,0.010210018
3666923,0.013656931
3666924,0.0039202883
3666925,0.012180682
3666926,0.007460093
3666927,0.0073154583
3666928,0.01290828
3666929,0.0027444556
3666930,0.0056819026
3666931,0.02370612
3666932,0.0046891584
3666933,0.0065106847
3666934,0.0035747117
3666935,0.01079135
3666936,0.02294251
3666937,0.007274249
3666938,0.012154507
3666939,0.003614761
3666940,0.0013137951
3666941,0.0072568255
3666942,0.014769545
3666943,0.01278604
3666944,0.01202848
3666945,0.007863504
3666946,0.0041357647
3666947,0.032012936
3666948,0.0029198523
3666949,0.015504245
3666950,0.012937043
3666951,0.007338629
3666952,0.0062329574
3666953,0.015870634
3666954,0.003247678
3666955,0.0062834946
3666956,0.044996195
3666957,0.004162074
3666958,0.0067612887
3666959,0.018098127
3666960,0.0040800925
3666961,0.005578621
3666962,0.0031443364
3666963,0.005731711
3666964,0.01041999
3666965,0.004023422
3666966,0.0063510914
3666967,0.006757476
3666968,0.005619778
3666969,0.0036937322
3666970,0.014000486
3666971,0.027020313
3666972,0.0030370438
3666973,0.0069291233
3666974,0.008581213
3666975,0.0045437342
3666976,0.004029897
3666977,0.0020104186
3666978,0.002375173
3666979,0.01390517
3666980,0.0076055564
3666981,0.0046872674
3666982,0.0027297593
3666983,0.004586567
3666984,0.01220043
3666985,0.025978293
3666986,0.0056493664
3666987,0.008062422
3666988,0.013004898
3666989,0.0029016633
3666990,0.0066677784
3666991,0.004860205
3666992,0.008140972
3666993,0.03187373
3666994,0.0034315814
3666995,0.0050441143
3666996,0.019925399
3666997,0.0052499664
3666998,0.006796347
3666999,0.0019305135
3667000,0.007263572
3667001,0.016045136
3667002,0.008206282
3667003,0.0009409129
3667004,0.002377514
3667005,0.0074771224
3667006,0.0067754476
3667007,0.043215964
3667008,0.004452692
3667009,0.004889088
3667010,0.0059632333
3667011,0.0016413727
3667012,0.01546025
3667013,0.035763115
3667014,0.04498125
3667015,0.02449442
3667016,0.0020333312
3667017,0.0079074595
3667018,0.004526992
3667019,0.006314538
3667020,0.04674224
3667021,0.039629422
3667022,0.002266966
3667023,0.07149903
3667024,0.025938466
3667025,0.005341424
3667026,0.010875334
3667027,0.004931291
3667028,0.007920545
3667029,0.052908394
3667030,0.0037597138
3667031,0.011042257
3667032,0.017013008
3667033,0.027658215
3667034,0.01589802
3667035,0.014612312
3667036,0.006201298
3667037,0.015777607
3667038,0.009064576
3667039,0.0071749524
3667040,0.015514802
3667041,0.012193047
3667042,0.016125418
3667043,0.0076163574
3667044,0.0075896513
3667045,0.015698439
3667046,0.04337112
3667047,0.09847114
3667048,0.010935843
3667049,0.004215196
3667050,0.0045987177
3667051,0.02434514
3667052,0.021752447
3667053,0.0040448355
3667054,0.026077133
3667055,0.0061715916
3667056,0.025094973
3667057,0.023790335
3667058,0.008990492
3667059,0.04741924
3667060,0.008657771
3667061,0.002402013
3667062,0.003941307
3667063,0.0013640423
3667064,0.007991309
3667065,0.0032856613
3667066,0.0077976976
3667067,0.013840634
3667068,0.0034525732
3667069,0.0068045207
3667070,0.0028340723
3667071,0.0065149153
3667072,0.011201239
3667073,0.0021463057
3667074,0.0074101724
3667075,0.001311034
3667076,0.0033141673
3667077,0.015005131
3667078,0.0023330918
3667079,0.003745812
3667080,0.0075521073
3667081,0.005054077
3667082,0.017523846
3667083,0.0033767167
3667084,0.032384053
3667085,0.0018958993
3667086,0.007010537
3667087,0.015865577
3667088,0.005877069
3667089,0.005002306
3667090,0.013324345
3667091,0.008825847
3667092,0.011520409
3667093,0.007142119
3667094,0.008966486
3667095,0.0226707
3667096,0.008782085
3667097,0.002328304
3667098,0.0020515604
3667099,0.037023887
3667100,0.0052355626
3667101,0.06557475
3667102,0.0054428517
3667103,0.006308799
3667104,0.006174125
3667105,0.00702902
3667106,0.006044413
3667107,0.0057523213
3667108,0.008178931
3667109,0.004767354
3667110,0.002059647
3667111,0.03490258
3667112,0.005980769
3667113,0.014781984
3667114,0.007805354
3667115,0.005547112
3667116,0.009740137
3667117,0.008354968
3667118,0.0062125013
3667119,0.0020492012
3667120,0.006094768
3667121,0.0051308023
3667122,0.058562797
3667123,0.00622965
3667124,0.008274818
3667125,0.0052352594
3667126,0.019666769
3667127,0.003584856
3667128,0.003927615
3667129,0.004448266
3667130,0.002305983
3667131,0.021560185
3667132,0.0075385845
3667133,0.020120932
3667134,0.0025108592
3667135,0.0071502253
3667136,0.012176352
3667137,0.079648755
3667138,0.008256126
3667139,0.04247126
3667140,0.0053070905
3667141,0.024533961
3667142,0.010426969
3667143,0.0057682204
3667144,0.015904369
3667145,0.004695479
3667146,0.004520466
3667147,0.007912803
3667148,0.008273319
3667149,0.0039726207
3667150,0.0022179014
3667151,0.2048554
3667152,0.013564893
3667153,0.0057774712
3667154,0.012348905
3667155,0.06214498
3667156,0.03480452
3667157,0.029178852
3667158,0.009006986
3667159,0.004209569
3667160,0.018924821
3667161,0.008653262
3667162,0.1188517
3667163,0.011433921
3667164,0.006642893
3667165,0.013575405
3667166,0.014601748
3667167,0.0033130036
3667168,0.013538961
3667169,0.007661519
3667170,0.006404234
3667171,0.033498377
3667172,0.006348712
3667173,0.0070258263
3667174,0.0087337475
3667175,0.042606615
3667176,0.005183481
3667177,0.007839257
3667178,0.015199809
3667179,0.004390404
3667180,0.08525261
3667181,0.003058583
3667182,0.0022725414
3667183,0.0013638831
3667184,0.004685866
3667185,0.005213464
3667186,0.01686239
3667187,0.0074337544
3667188,0.010595788
3667189,0.0019507237
3667190,0.0101042995
3667191,0.029628113
3667192,0.048258808
3667193,0.0022880863
3667194,0.025756162
3667195,0.004010693
3667196,0.010137831
3667197,0.01561794
3667198,0.002998547
3667199,0.003876273
3667200,0.002440643
3667201,0.026798125
3667202,0.037485577
3667203,0.008121305
3667204,0.028481629
3667205,0.010742391
3667206,0.3399568
3667207,0.0032698885
3667208,0.0046996456
3667209,0.007831182
3667210,0.026265293
3667211,0.028398767
3667212,0.049978662
3667213,0.0016110521
3667214,0.0061535724
3667215,0.0062151453
3667216,0.0065932
3667217,0.00718298
3667218,0.46374393
3667219,0.010480518
3667220,0.0042878417
3667221,0.008962897
3667222,0.053398486
3667223,0.005927275
3667224,0.0017488552
3667225,0.0044845724
3667226,0.0042786333
3667227,0.02231575
3667228,0.011693247
3667229,0.009800239
3667230,0.0018905579
3667231,0.008139794
3667232,0.0051236977
3667233,0.011620719
3667234,0.0045170384
3667235,0.0075567695
3667236,0.004998228
3667237,0.009187233
3667238,0.011085121
3667239,0.0047954675
3667240,0.018969648
3667241,0.010906175
3667242,0.0068388726
3667243,0.022876438
3667244,0.004237267
3667245,0.0048351036
3667246,0.0027520824
3667247,0.0050323373
3667248,0.0040630656
3667249,0.009344129
3667250,0.008653909
3667251,0.015806302
3667252,0.002525075
3667253,0.016662203
3667254,0.0024364893
3667255,0.007985089
3667256,0.0030480493
3667257,0.0017429214
3667258,0.0035375934
3667259,0.0024024989
3667260,0.0057178065
3667261,0.017060112
3667262,0.010570764
3667263,0.007509191
3667264,0.0028016556
3667265,0.004158052
3667266,0.0034398474
3667267,0.001273358
3667268,0.0040917327
3667269,0.009939882
3667270,0.0082211625
3667271,0.0068630106
3667272,0.003199179
3667273,0.005398729
3667274,0.002972646
3667275,0.0034169382
3667276,0.016267415
3667277,0.011559021
3667278,0.016977819
3667279,0.030691465
3667280,0.007821204
3667281,0.011688663
3667282,0.0026995288
3667283,0.0143107
3667284,0.0048160222
3667285,0.0060196975
3667286,0.053877175
3667287,0.008637593
3667288,0.0034568515
3667289,0.003162727
3667290,0.0027018867
3667291,0.0032424633
3667292,0.08423582
3667293,0.006001584
3667294,0.012582081
3667295,0.0075499164
3667296,0.0068625
3667297,0.0048866575
3667298,0.012631334
3667299,0.032759048
3667300,0.014847208
3667301,0.007356794
3667302,0.0550112
3667303,0.012115729
3667304,0.003407836
3667305,0.011103542
3667306,0.0030477843
3667307,0.014871911
3667308,0.014455269
3667309,0.019812092
3667310,0.0077435947
3667311,0.005090961
3667312,0.011221353
3667313,0.0055275895
3667314,0.0075824996
3667315,0.0037403638
3667316,0.08203193
3667317,0.0071179164
3667318,0.0031853456
3667319,0.0037328496
3667320,0.0015128757
3667321,0.003640256
3667322,0.008434206
3667323,0.0037878193
3667324,0.034630172
3667325,0.009312164
3667326,0.002133379
3667327,0.0077902973
3667328,0.004753246
3667329,0.0027285381
3667330,0.007479342
3667331,0.008208642
3667332,0.018774023
3667333,0.0026992874
3667334,0.0034148034
3667335,0.0014514213
3667336,0.014101285
3667337,0.03711518
3667338,0.0059506884
3667339,0.009468614
3667340,0.0066759377
3667341,0.0105481995
3667342,0.013060387
3667343,0.010171472
3667344,0.008475079
3667345,0.025443561
3667346,0.003671105
3667347,0.012089413
3667348,0.003576443
3667349,0.008310896
3667350,0.01238442
3667351,0.004445268
3667352,0.0014525516
3667353,0.08554283
3667354,0.0024632309
3667355,0.0027133927
3667356,0.017525988
3667357,0.003714726
3667358,0.009082994
3667359,0.0065542003
3667360,0.0061815665
3667361,0.0037891385
3667362,0.0041869413
3667363,0.005542393
3667364,0.001996533
3667365,0.01852779
3667366,0.0058668484
3667367,0.037740085
3667368,0.0037384273
3667369,0.014362794
3667370,0.008616729
3667371,0.019141208
3667372,0.021911113
3667373,0.008073096
3667374,0.012477379
3667375,0.008071912
3667376,0.0042728046
3667377,0.0034811257
3667378,0.009748833
3667379,0.022132186
3667380,0.0172154
3667381,0.008106089
3667382,0.018157713
3667383,0.06296013
3667384,0.0077887527
3667385,0.033800773
3667386,0.0021766308
3667387,0.0011301979
3667388,0.010317557
3667389,0.013645472
3667390,0.0056355665
3667391,0.004666057
3667392,0.04061751
3667393,0.006147961
3667394,0.028739888
3667395,0.009811545
3667396,0.010630758
3667397,0.003573841
3667398,0.011708388
3667399,0.030831773
3667400,0.0054108454
3667401,0.007052757
3667402,0.03830289
3667403,0.0013417675
3667404,0.0046375957
3667405,0.006493552
3667406,0.026848404
3667407,0.0058204615
3667408,0.004344069
3667409,0.017875232
3667410,0.0034246596
3667411,0.007881131
3667412,0.0050726077
3667413,0.006988395
3667414,0.004086189
3667415,0.0028776817
3667416,0.010519121
3667417,0.0074910424
3667418,0.009428065
3667419,0.013397841
3667420,0.0035918648
3667421,0.008656838
3667422,0.009008795
3667423,0.009104659
3667424,0.009753613
3667425,0.0018383906
3667426,0.006816897
3667427,0.0037994967
3667428,0.018198496
3667429,0.008930161
3667430,0.0047234683
3667431,0.0053604683
3667432,0.015537774
3667433,0.006864506
3667434,0.021593506
3667435,0.0029649397
3667436,0.0038984648
3667437,0.00570257
3667438,0.041230273
3667439,0.0448673
3667440,0.005129013
3667441,0.003079409
3667442,0.006841338
3667443,0.03862135
3667444,0.011759525
3667445,0.00923573
3667446,0.006154103
3667447,0.0107160825
3667448,0.0029418669
3667449,0.002191542
3667450,0.00698341
3667451,0.0041853134
3667452,0.025512354
3667453,0.008473497
3667454,0.02722819
3667455,0.04920777
3667456,0.0048271352
3667457,0.005818884
3667458,0.01374519
3667459,0.014146786
3667460,0.013541661
3667461,0.05139003
3667462,0.004627315
3667463,0.0024145446
3667464,0.011314394
3667465,0.0034742777
3667466,0.02504725
3667467,0.001213266
3667468,0.02833617
3667469,0.0046181874
3667470,0.004169763
3667471,0.15269685
3667472,0.050251864
3667473,0.0033591555
3667474,0.0015646889
3667475,0.03878884
3667476,0.0077836253
3667477,0.0055487673
3667478,0.0056031775
3667479,0.010954549
3667480,0.019597821
3667481,0.019886581
3667482,0.00412038
3667483,0.015904937
3667484,0.0032708987
3667485,0.0057587638
3667486,0.00785344
3667487,0.0022989418
3667488,0.002562356
3667489,0.008487266
3667490,0.0028325608
3667491,0.006901462
3667492,0.012711973
3667493,0.005273134
3667494,0.020403035
3667495,0.004073185
3667496,0.069673516
3667497,0.0073403316
3667498,0.043613702
3667499,0.005967144
3667500,0.0105215125
3667501,0.0062191496
3667502,0.0298895
3667503,0.003669539
3667504,0.01947144
3667505,0.0062317783
3667506,0.008268508
3667507,0.0057301894
3667508,0.014485346
3667509,0.017234385
3667510,0.011438369
3667511,0.018206831
3667512,0.0042961678
3667513,0.0043545915
3667514,0.0035000772
3667515,0.007622072
3667516,0.006943496
3667517,0.005035612
3667518,0.0017155665
3667519,0.006489733
3667520,0.0042486056
3667521,0.00407649
3667522,0.030686282
3667523,0.0021829302
3667524,0.011087202
3667525,0.009764755
3667526,0.018477622
3667527,0.00963216
3667528,0.0036750275
3667529,0.004367333
3667530,0.018471517
3667531,0.020299308
3667532,0.0033048433
3667533,0.0126718925
3667534,0.02613609
3667535,0.010074296
3667536,0.006935721
3667537,0.0090439245
3667538,0.005057711
3667539,0.0039670398
3667540,0.0029507156
3667541,0.0035650202
3667542,0.008444074
3667543,0.0031693308
3667544,0.011006208
3667545,0.008628864
3667546,0.023770621
3667547,0.009286943
3667548,0.012261084
3667549,0.014242609
3667550,0.008459486
3667551,0.0028103697
3667552,0.007701035
3667553,0.014716654
3667554,0.002852796
3667555,0.0012164193
3667556,0.069920786
3667557,0.008666935
3667558,0.0015520186
3667559,0.010440918
3667560,0.07045691
3667561,0.052805446
3667562,0.0023409463
3667563,0.0073403316
3667564,0.0039248103
3667565,0.0034226421
3667566,0.005689731
3667567,0.008059071
3667568,0.0058899014
3667569,0.005137288
3667570,0.0067021013
3667571,0.01671597
3667572,0.004274988
3667573,0.008919431
3667574,0.0061846753
3667575,0.018379955
3667576,0.018284159
3667577,0.0036661602
3667578,0.019191511
3667579,0.021524576
3667580,0.011764796
3667581,0.021020742
3667582,0.018198658
3667583,0.012843582
3667584,0.016077215
3667585,0.0044928547
3667586,0.014052953
3667587,0.017693914
3667588,0.026853882
3667589,0.008848371
3667590,0.007877925
3667591,0.00489282
3667592,0.0015304515
3667593,0.014163954
3667594,0.005639849
3667595,0.0065973364
3667596,0.020364324
3667597,0.012104387
3667598,0.0061544557
3667599,0.0076607256
3667600,0.0058456166
3667601,0.057731744
3667602,0.015130558
3667603,0.011567975
3667604,0.007934536
3667605,0.321236
3667606,0.045336638
3667607,0.2274536
3667608,0.0067369854
3667609,0.009786274
3667610,0.0051080436
3667611,0.0047711655
3667612,0.39819953
3667613,0.0064844806
3667614,0.012179478
3667615,0.030326627
3667616,0.5032592
3667617,0.009946415
3667618,0.045336638
3667619,0.009797634
3667620,0.13147703
3667621,0.55157155
3667622,0.0033532318
3667623,0.0071285525
3667624,0.001579949
3667625,0.49560112
3667626,0.010025248
3667627,0.012538324
3667628,0.4779471
3667629,0.0020798708
3667630,0.0020386667
3667631,0.012134102
3667632,0.39552817
3667633,0.011074296
3667634,0.006912864
3667635,0.0050976654
3667636,0.004954968
3667637,0.012340587
3667638,0.46343073
3667639,0.5860179
3667640,0.0029796767
3667641,0.0048201787
3667642,0.012767978
3667643,0.033038888
3667644,0.0037618133
3667645,0.0062719826
3667646,0.009467264
3667647,0.015137103
3667648,0.007880479
3667649,0.008500248
3667650,0.025995094
3667651,0.113650635
3667652,0.0023938664
3667653,0.014866617
3667654,0.025710411
3667655,0.0077464017
3667656,0.0039102538
3667657,0.023843475
3667658,0.014673979
3667659,0.07492458
3667660,0.020601362
3667661,0.0037549087
3667662,0.008928401
3667663,0.027622446
3667664,0.010133683
3667665,0.04173582
3667666,0.0016780883
3667667,0.009725022
3667668,0.0013325727
3667669,0.03994131
3667670,0.008443192
3667671,0.0082311295
3667672,0.0015811861
3667673,0.008346163
3667674,0.0025705306
3667675,0.08791986
3667676,0.0033428336
3667677,0.0009495328
3667678,0.08791986
3667679,0.008062087
3667680,0.0043035685
3667681,0.0062483964
3667682,0.0069871508
3667683,0.0010874972
3667684,0.0050975326
3667685,0.0045260205
3667686,0.0019569816
3667687,0.0055944673
3667688,0.0032917415
3667689,0.0059201317
3667690,0.007570299
3667691,0.057853527
3667692,0.0018976678
3667693,0.024848793
3667694,0.038939714
3667695,0.014218595
3667696,0.019812454
3667697,0.010078458
3667698,0.0052408027
3667699,0.00551914
3667700,0.002465634
3667701,0.004371355
3667702,0.008504095
3667703,0.026175398
3667704,0.0012696541
3667705,0.008365856
3667706,0.027117152
3667707,0.0063331034
3667708,0.004814098
3667709,0.008139036
3667710,0.0024800615
3667711,0.010707053
3667712,0.012181365
3667713,0.006959081
3667714,0.0023692765
3667715,0.0018602002
3667716,0.013387418
3667717,0.006182396
3667718,0.0043237335
3667719,0.005073337
3667720,0.0032987797
3667721,0.005454513
3667722,0.001773627
3667723,0.0066991523
3667724,0.0050149574
3667725,0.008631234
3667726,0.024410198
3667727,0.0057495
3667728,0.0020568713
3667729,0.0021706303
3667730,0.0022199864
3667731,0.032646153
3667732,0.003680439
3667733,0.020979298
3667734,0.008156846
3667735,0.0037565432
3667736,0.008285511
3667737,0.036797985
3667738,0.029635468
3667739,0.0026654114
3667740,0.0028781702
3667741,0.009204729
3667742,0.011555023
3667743,0.024867745
3667744,0.0184601
3667745,0.004027588
3667746,0.007087775
3667747,0.0045544403
3667748,0.023937745
3667749,0.0036788639
3667750,0.005252041
3667751,0.014139107
3667752,0.016783444
3667753,0.018043326
3667754,0.008922826
3667755,0.0059000254
3667756,0.002711428
3667757,0.024500292
3667758,0.0047602803
3667759,0.009406905
3667760,0.0078089735
3667761,0.078244895
3667762,0.0060969326
3667763,0.012789424
3667764,0.0013545196
3667765,0.004166345
3667766,0.0051568435
3667767,0.11618944
3667768,0.003513057
3667769,0.0025090578
3667770,0.0030639267
3667771,0.021745002
3667772,0.003715146
3667773,0.015111568
3667774,0.0023999424
3667775,0.021087848
3667776,0.008484088
3667777,0.017971393
3667778,0.010203592
3667779,0.0056717014
3667780,0.026293991
3667781,0.0038881705
3667782,0.014566239
3667783,0.0077525945
3667784,0.0018905579
3667785,0.018277312
3667786,0.007606201
3667787,0.012224082
3667788,0.012352344
3667789,0.017693914
3667790,0.0055759866
3667791,0.0022614454
3667792,0.008261602
3667793,0.0017481095
3667794,0.010809858
3667795,0.0048433915
3667796,0.009755488
3667797,0.004732922
3667798,0.011479679
3667799,0.003776088
3667800,0.014706674
3667801,0.003562003
3667802,0.0135528445
3667803,0.0060164602
3667804,0.0059995963
3667805,0.008889372
3667806,0.0042367345
3667807,0.0075265286
3667808,0.008945134
3667809,0.0048561133
3667810,0.013175174
3667811,0.0016883581
3667812,0.0018167556
3667813,0.027614005
3667814,0.0023262624
3667815,0.008347568
3667816,0.002300375
3667817,0.015168093
3667818,0.0063442225
3667819,0.009946415
3667820,0.00652704
3667821,0.006317695
3667822,0.010002917
3667823,0.12911019
3667824,0.013006605
3667825,0.008036437
3667826,0.01638916
3667827,0.0074513345
3667828,0.0066551664
3667829,0.0031741972
3667830,0.020009737
3667831,0.02959388
3667832,0.020465031
3667833,0.0016258298
3667834,0.006046625
3667835,0.0084942505
3667836,0.0021479824
3667837,0.016887112
3667838,0.069976
3667839,0.00712549
3667840,0.023520945
3667841,0.004683027
3667842,0.01365458
3667843,0.0028307536
3667844,0.0035604176
3667845,0.053334832
3667846,0.0071519455
3667847,0.003817592
3667848,0.015510171
3667849,0.006026969
3667850,0.019077452
3667851,0.00978754
3667852,0.004532326
3667853,0.0052870284
3667854,0.012199183
3667855,0.016590845
3667856,0.05993356
3667857,0.01407916
3667858,0.006752904
3667859,0.0031959873
3667860,0.0130856475
3667861,0.008625393
3667862,0.1298897
3667863,0.007545388
3667864,0.0024195092
3667865,0.0037082639
3667866,0.0029989362
3667867,0.010224977
3667868,0.13115424
3667869,0.0069843754
3667870,0.005331816
3667871,0.020009248
3667872,0.014055754
3667873,0.0051815165
3667874,0.0049390914
3667875,0.01321404
3667876,0.0011863806
3667877,0.0064236545
3667878,0.0036926828
3667879,0.004815492
3667880,0.0051608765
3667881,0.011751709
3667882,0.004614487
3667883,0.0703768
3667884,0.011721528
3667885,0.024823103
3667886,0.013874187
3667887,0.004356794
3667888,0.016913494
3667889,0.0055680126
3667890,0.010822966
3667891,0.009894943
3667892,0.0037017723
3667893,0.013314005
3667894,0.003563777
3667895,0.025622753
3667896,0.0037527333
3667897,0.008688281
3667898,0.008936101
3667899,0.006705371
3667900,0.007231911
3667901,0.02455795
3667902,0.015625209
3667903,0.021648005
3667904,0.0021524972
3667905,0.016754512
3667906,0.033953927
3667907,0.004002142
3667908,0.0034823932
3667909,0.028455477
3667910,0.5135984
3667911,0.0103144655
3667912,0.022825077
3667913,0.015302489
3667914,0.002472964
3667915,0.013711939
3667916,0.0038566038
3667917,0.028409533
3667918,0.010162024
3667919,0.004397542
3667920,0.0034858084
3667921,0.00914803
3667922,0.0021382999
3667923,0.0031706658
3667924,0.013531569
3667925,0.0033247434
3667926,0.009114025
3667927,0.007730434
3667928,0.03951432
3667929,0.4335949
3667930,0.014935962
3667931,0.005703267
3667932,0.007801875
3667933,0.054029576
3667934,0.004441383
3667935,0.01204552
3667936,0.0040217903
3667937,0.60724247
3667938,0.0037186192
3667939,0.008028834
3667940,0.005498226
3667941,0.013564899
3667942,0.0015870249
3667943,0.0061434004
3667944,0.0036970063
3667945,0.02374412
3667946,0.0031145732
3667947,0.0038568585
3667948,0.002437354
3667949,0.009186756
3667950,0.014836305
3667951,0.005081264
3667952,0.0040183445
3667953,0.0023158311
3667954,0.007219655
3667955,0.07213285
3667956,0.013272725
3667957,0.017449776
3667958,0.011924171
3667959,0.016505543
3667960,0.78555584
3667961,0.018001242
3667962,0.013000376
3667963,0.014652994
3667964,0.021979552
3667965,0.002275445
3667966,0.0070755575
3667967,0.011466758
3667968,0.0041184984
3667969,0.008158316
3667970,0.6850527
3667971,0.011438875
3667972,0.0080417795
3667973,0.015613814
3667974,0.01012402
3667975,0.007394291
3667976,0.011347711
3667977,0.03236367
3667978,0.0074479496
3667979,0.6444075
3667980,0.009713998
3667981,0.0056744316
3667982,0.032926656
3667983,0.005602434
3667984,0.003933916
3667985,0.010341159
3667986,0.0040812725
3667987,0.0031593554
3667988,0.0046319687
3667989,0.76816094
3667990,0.008931993
3667991,0.0038814114
3667992,0.003183355
3667993,0.010266688
3667994,0.0077651977
3667995,0.008494178
3667996,0.0059211333
3667997,0.007326395
3667998,0.00493292
3667999,0.01873042
3668000,0.013190551
3668001,0.006822488
3668002,0.0038181231
3668003,0.0049673384
3668004,0.0024942684
3668005,0.0060024974
3668006,0.003954177
3668007,0.008873862
3668008,0.01676149
3668009,0.008188568
3668010,0.0057718344
3668011,0.019302001
3668012,0.0017918131
3668013,0.0064185075
3668014,0.0023935668
3668015,0.0027318008
3668016,0.007562175
3668017,0.0071083624
3668018,0.0075136456
3668019,0.0054926462
3668020,0.012973134
3668021,0.008841838
3668022,0.008620469
3668023,0.0113092745
3668024,0.004867757
3668025,0.0030306648
3668026,0.003546409
3668027,0.005345532
3668028,0.010694772
3668029,0.025951799
3668030,0.17833586
3668031,0.008416869
3668032,0.0030491813
3668033,0.002531599
3668034,0.0059977565
3668035,0.015613814
3668036,0.008125512
3668037,0.0027409913
3668038,0.007795876
3668039,0.04328674
3668040,0.010543552
3668041,0.010983057
3668042,0.008622433
3668043,0.02346816
3668044,0.0038955682
3668045,0.013660555
3668046,0.008296219
3668047,0.00482834
3668048,0.0034231124
3668049,0.001921559
3668050,0.048669692
3668051,0.0074655036
3668052,0.0048949146
3668053,0.0031655352
3668054,0.013699158
3668055,0.0083318725
3668056,0.029222988
3668057,0.03119592
3668058,0.014677206
3668059,0.014484923
3668060,0.02819853
3668061,0.01817838
3668062,0.005897291
3668063,0.002742616
3668064,0.18553764
3668065,0.0023261595
3668066,0.009174142
3668067,0.018608248
3668068,0.0024961922
3668069,0.010049479
3668070,0.0113109015
3668071,0.011174479
3668072,0.001962667
3668073,0.027820611
3668074,0.015667664
3668075,0.0051943776
3668076,0.016024787
3668077,0.008097988
3668078,0.0052447366
3668079,0.0054773237
3668080,0.0025298789
3668081,0.028647188
3668082,0.009146953
3668083,0.004941243
3668084,0.0012251665
3668085,0.002482776
3668086,0.083352886
3668087,0.0055978266
3668088,0.005025578
3668089,0.007113874
3668090,0.0066252486
3668091,0.008984953
3668092,0.0082530035
3668093,0.017023815
3668094,0.04201581
3668095,0.01341456
3668096,0.00610403
3668097,0.026477585
3668098,0.0018321241
3668099,0.02702813
3668100,0.032848276
3668101,0.04563501
3668102,0.009490696
3668103,0.008935489
3668104,0.0021661527
3668105,0.00532836
3668106,0.014516303
3668107,0.0045794123
3668108,0.005699475
3668109,0.013982363
3668110,0.013233279
3668111,0.006023296
3668112,0.003904271
3668113,0.028997643
3668114,0.0058421427
3668115,0.013929888
3668116,0.003980791
3668117,0.022641448
3668118,0.0056751473
3668119,0.0027940217
3668120,0.011960067
3668121,0.0074779512
3668122,0.004919092
3668123,0.010905892
3668124,0.0037720557
3668125,0.0038232105
3668126,0.007550796
3668127,0.03974665
3668128,0.013828281
3668129,0.0063614785
3668130,0.011194693
3668131,0.082620636
3668132,0.016708478
3668133,0.008942674
3668134,0.0044610933
3668135,0.023004865
3668136,0.01031374
3668137,0.0046293885
3668138,0.012771098
3668139,0.004201691
3668140,0.012531443
3668141,0.01307447
3668142,0.0028023936
3668143,0.0065781763
3668144,0.010614972
3668145,0.0038301817
3668146,0.055206608
3668147,0.0046537383
3668148,0.005050177
3668149,0.003917519
3668150,0.02156019
3668151,0.003257535
3668152,0.010413753
3668153,0.0041958294
3668154,0.0058852043
3668155,0.024868617
3668156,0.0053395093
3668157,0.012573618
3668158,0.013383621
3668159,0.003747916
3668160,0.008656695
3668161,0.017637324
3668162,0.050093696
3668163,0.01075285
3668164,0.041686635
3668165,0.0047525717
3668166,0.009509366
3668167,0.026615318
3668168,0.0016321914
3668169,0.00909973
3668170,0.024827266
3668171,0.0062946337
3668172,0.009545098
3668173,0.008487735
3668174,0.10184684
3668175,0.0067922957
3668176,0.0053703594
3668177,0.0062441644
3668178,0.015507325
3668179,0.0058161314
3668180,0.00646905
3668181,0.0044255303
3668182,0.009879869
3668183,0.008592742
3668184,0.010209184
3668185,0.010668776
3668186,0.003489471
3668187,0.0054428824
3668188,0.0023855893
3668189,0.007528232
3668190,0.027006665
3668191,0.013259013
3668192,0.010849257
3668193,0.007592352
3668194,0.017596127
3668195,0.006405545
3668196,0.0043221284
3668197,0.002923351
3668198,0.015150217
3668199,0.002057909
3668200,0.0149244405
3668201,0.016708087
3668202,0.0054607196
3668203,0.0022834472
3668204,0.0026903206
3668205,0.008688373
3668206,0.004444964
3668207,0.0061196135
3668208,0.060170203
3668209,0.026556265
3668210,0.0037383651
3668211,0.0065889913
3668212,0.009098483
3668213,0.0063042836
3668214,0.0063443244
3668215,0.008601601
3668216,0.04680252
3668217,0.0047348407
3668218,0.0068020206
3668219,0.057417464
3668220,0.008488666
3668221,0.017318645
3668222,0.0044486374
3668223,0.0044939704
3668224,0.004195726
3668225,0.0086370865
3668226,0.007161354
3668227,0.0059661116
3668228,0.008513199
3668229,0.008713118
3668230,0.020710748
3668231,0.001790778
3668232,0.005044727
3668233,0.010691019
3668234,0.01713526
3668235,0.005774664
3668236,0.00392671
3668237,0.023955535
3668238,0.0025657583
3668239,0.007225416
3668240,0.009306495
3668241,0.010033784
3668242,0.0070549143
3668243,0.011400558
3668244,0.0051670056
3668245,0.031139717
3668246,0.013329787
3668247,0.005737578
3668248,0.016515834
3668249,0.043787442
3668250,0.003773717
3668251,0.004117196
3668252,0.07758561
3668253,0.032608308
3668254,0.021001404
3668255,0.0057580266
3668256,0.0026758842
3668257,0.011658092
3668258,0.010236536
3668259,0.0069631687
3668260,0.03455717
3668261,0.04929391
3668262,0.046120893
3668263,0.008299993
3668264,0.1778886
3668265,0.006300127
3668266,0.0038192808
3668267,0.0026486986
3668268,0.003027118
3668269,0.0039787614
3668270,0.007466306
3668271,0.0035959305
3668272,0.007983008
3668273,0.002462638
3668274,0.005304385
3668275,0.0670845
3668276,0.004138081
3668277,0.011473241
3668278,0.018628338
3668279,0.0025296188
3668280,0.011191073
3668281,0.010599813
3668282,0.032376338
3668283,0.01590522
3668284,0.011848129
3668285,0.003227687
3668286,0.0076284697
3668287,0.003458631
3668288,0.0023500703
3668289,0.0010224174
3668290,0.0026712539
3668291,0.022804262
3668292,0.0019974075
3668293,0.0022898035
3668294,0.001883134
3668295,0.00682022
3668296,0.008136253
3668297,0.00594103
3668298,0.029455345
3668299,0.0023854917
3668300,0.041963868
3668301,0.008471666
3668302,0.010779741
3668303,0.02090358
3668304,0.046644125
3668305,0.008515843
3668306,0.00573896
3668307,0.007045935
3668308,0.0068040276
3668309,0.006761449
3668310,0.0062086433
3668311,0.024130832
3668312,0.0051621865
3668313,0.010287122
3668314,0.7188226
3668315,0.026322441
3668316,0.2028222
3668317,0.015205519
3668318,0.68262714
3668319,0.009638799
3668320,0.006611289
3668321,0.0068076504
3668322,0.0027141373
3668323,0.007964572
3668324,0.0049813455
3668325,0.006119767
3668326,0.00861875
3668327,0.009092579
3668328,0.0070828306
3668329,0.0051770573
3668330,0.0031208703
3668331,0.007744163
3668332,0.0034956248
3668333,0.004513637
3668334,0.0025266237
3668335,0.010661178
3668336,0.006272913
3668337,0.00620579
3668338,0.006815787
3668339,0.015809322
3668340,0.008060543
3668341,0.003998008
3668342,0.0017211917
3668343,0.0027731603
3668344,0.0113360975
3668345,0.0023603982
3668346,0.012457148
3668347,0.0023757876
3668348,0.010530576
3668349,0.013409058
3668350,0.010494601
3668351,0.017975524
3668352,0.0076569165
3668353,0.033757567
3668354,0.0032095343
3668355,0.004652212
3668356,0.014903233
3668357,0.011974349
3668358,0.006011315
3668359,0.008063345
3668360,0.0035913668
3668361,0.0056991884
3668362,0.0054746047
3668363,0.004535503
3668364,0.009534934
3668365,0.009650619
3668366,0.010760071
3668367,0.0067188446
3668368,0.012240901
3668369,0.026260657
3668370,0.0011262643
3668371,0.004806768
3668372,0.0025184853
3668373,0.007819939
3668374,0.007229385
3668375,0.01602066
3668376,0.008805272
3668377,0.023876097
3668378,0.003318784
3668379,0.011865565
3668380,0.006471542
3668381,0.0038139597
3668382,0.009470788
3668383,0.009515638
3668384,0.0029606195
3668385,0.0036039215
3668386,0.014914719
3668387,0.04680252
3668388,0.0044302978
3668389,0.00997211
3668390,0.028466532
3668391,0.0018276203
3668392,0.009832632
3668393,0.009200116
3668394,0.013697135
3668395,0.0057501155
3668396,0.008654482
3668397,0.009067904
3668398,0.007753233
3668399,0.011371547
3668400,0.0073609743
3668401,0.0046170303
3668402,0.023740852
3668403,0.023183089
3668404,0.009884535
3668405,0.02870368
3668406,0.011115863
3668407,0.007590567
3668408,0.0035720025
3668409,0.007278989
3668410,0.0071089445
3668411,0.046673417
3668412,0.00892175
3668413,0.0025313075
3668414,0.018086988
3668415,0.008733719
3668416,0.0019081807
3668417,0.010628431
3668418,0.011008924
3668419,0.008114394
3668420,0.011851947
3668421,0.0061093178
3668422,0.12565367
3668423,0.0034900745
3668424,0.25444123
3668425,0.014963425
3668426,0.19264726
3668427,0.04306188
3668428,0.0047880067
3668429,0.007163314
3668430,0.0052586393
3668431,0.636785
3668432,0.010566809
3668433,0.7183539
3668434,0.00349958
3668435,0.0019444274
3668436,0.0015614466
3668437,0.004987364
3668438,0.008461335
3668439,0.24189149
3668440,0.0061733495
3668441,0.025931437
3668442,0.61759245
3668443,0.0027165262
3668444,0.08742134
3668445,0.044873513
3668446,0.0048916433
3668447,0.009944016
3668448,0.004237527
3668449,0.002673493
3668450,0.0046087014
3668451,0.005465966
3668452,0.015436816
3668453,0.0024762624
3668454,0.005092215
3668455,0.020048078
3668456,0.0024682765
3668457,0.010059811
3668458,0.0062341504
3668459,0.004157606
3668460,0.005531567
3668461,0.024780352
3668462,0.02433057
3668463,0.004723415
3668464,0.009770285
3668465,0.0021026095
3668466,0.45925727
3668467,0.010203592
3668468,0.005789955
3668469,0.004611384
3668470,0.002588879
3668471,0.49214965
3668472,0.058612403
3668473,0.007347433
3668474,0.013929769
3668475,0.048773885
3668476,0.0049715135
3668477,0.004611384
3668478,0.0043137455
3668479,0.013183509
3668480,0.0046854615
3668481,0.011351504
3668482,0.0055188653
3668483,0.0059838803
3668484,0.0048434674
3668485,0.009975533
3668486,0.0055441274
3668487,0.005358516
3668488,0.001588616
3668489,0.010829323
3668490,0.0052981717
3668491,0.0012566862
3668492,0.0022544349
3668493,0.00786966
3668494,0.01188124
3668495,0.0036468324
3668496,0.028168907
3668497,0.0038994038
3668498,0.0123421615
3668499,0.07668834
3668500,0.0042089755
3668501,0.011944075
3668502,0.0026577106
3668503,0.0051587787
3668504,0.007328684
3668505,0.006633036
3668506,0.01838825
3668507,0.06030729
3668508,0.0060103005
3668509,0.014146846
3668510,0.009108471
3668511,0.006300856
3668512,0.0098427255
3668513,0.0062260996
3668514,0.0111797545
3668515,0.05932889
3668516,0.018218469
3668517,0.0019224846
3668518,0.0072415615
3668519,0.10247196
3668520,0.0047061564
3668521,0.013868629
3668522,0.0115840165
3668523,0.011231928
3668524,0.010299071
3668525,0.0102599505
3668526,0.007970127
3668527,0.002441989
3668528,0.0055465284
3668529,0.0102658495
3668530,0.008316534
3668531,0.024500292
3668532,0.009933839
3668533,0.023672443
3668534,0.0010391339
3668535,0.002961912
3668536,0.008663789
3668537,0.0062975036
3668538,0.0054353145
3668539,0.006530884
3668540,0.010535128
3668541,0.041641653
3668542,0.0064250673
3668543,0.0021746287
3668544,0.03588262
3668545,0.001822156
3668546,0.003180539
3668547,0.0044939914
3668548,0.01641038
3668549,0.001977378
3668550,0.0021161868
3668551,0.0051113986
3668552,0.023094384
3668553,0.0016927714
3668554,0.01252917
3668555,0.014462675
3668556,0.010472935
3668557,0.00886832
3668558,0.00793763
3668559,0.18386148
3668560,0.021035062
3668561,0.019692909
3668562,0.002350542
3668563,0.01282256
3668564,0.0050188946
3668565,0.014469664
3668566,0.0037057335
3668567,0.010566261
3668568,0.006782299
3668569,0.014528941
3668570,0.006252742
3668571,0.008945134
3668572,0.013899528
3668573,0.0064168293
3668574,0.0035281978
3668575,0.0153378295
3668576,0.09451583
3668577,0.009420703
3668578,0.009426707
3668579,0.009218991
3668580,0.0016212882
3668581,0.0073512634
3668582,0.006322861
3668583,0.0073944977
3668584,0.010263321
3668585,0.011543379
3668586,0.011693247
3668587,0.0020749292
3668588,0.006784551
3668589,0.01668433
3668590,0.019593313
3668591,0.0044472287
3668592,0.014462423
3668593,0.03569441
3668594,0.0061348844
3668595,0.0055759735
3668596,0.013948986
3668597,0.03165946
3668598,0.0048110676
3668599,0.0054810913
3668600,0.0064857006
3668601,0.007817153
3668602,0.0066517093
3668603,0.0053044404
3668604,0.005201743
3668605,0.021422768
3668606,0.0057859356
3668607,0.0020547241
3668608,0.008539775
3668609,0.013006183
3668610,0.0027480584
3668611,0.00444466
3668612,0.010554646
3668613,0.0026457629
3668614,0.014462423
3668615,0.0035700477
3668616,0.004563882
3668617,0.012364979
3668618,0.015107964
3668619,0.023005025
3668620,0.0057529844
3668621,0.009825931
3668622,0.002773263
3668623,0.010826391
3668624,0.02695051
3668625,0.00954954
3668626,0.01080681
3668627,0.011385333
3668628,0.011203638
3668629,0.0015975466
3668630,0.0041958136
3668631,0.0054479986
3668632,0.017105477
3668633,0.0024356572
3668634,0.009308157
3668635,0.005909556
3668636,0.012741553
3668637,0.041359197
3668638,0.0246208
3668639,0.007869604
3668640,0.013006887
3668641,0.020807467
3668642,0.014028351
3668643,0.015893424
3668644,0.025928987
3668645,0.018936485
3668646,0.006770466
3668647,0.02005757
3668648,0.018530648
3668649,0.0065398193
3668650,0.0065209237
3668651,0.0036596311
3668652,0.0014907469
3668653,0.021881165
3668654,0.009172551
3668655,0.012560766
3668656,0.0037739505
3668657,0.03716948
3668658,0.0066657886
3668659,0.011372646
3668660,0.0041233026
3668661,0.005954624
3668662,0.0090424325
3668663,0.00946093
3668664,0.006473146
3668665,0.008308833
3668666,0.0017030799
3668667,0.0022765668
3668668,0.009527627
3668669,0.025283141
3668670,0.016495382
3668671,0.0047353487
3668672,0.025086848
3668673,0.00841599
3668674,0.0046161185
3668675,0.0134307435
3668676,0.0033512881
3668677,0.0042986143
3668678,0.0073248725
3668679,0.005960885
3668680,0.009656367
3668681,0.006147128
3668682,0.0035009175
3668683,0.0031360637
3668684,0.059420448
3668685,0.0055216006
3668686,0.005644062
3668687,0.0016194585
3668688,0.01139642
3668689,0.009091007
3668690,0.0041442793
3668691,0.0026898717
3668692,0.022352986
3668693,0.014448273
3668694,0.0069579184
3668695,0.0033382268
3668696,0.018882629
3668697,0.016014315
3668698,0.0076032206
3668699,0.0020837856
3668700,0.005925176
3668701,0.0051263208
3668702,0.004749999
3668703,0.036680315
3668704,0.026468925
3668705,0.0027074984
3668706,0.016338833
3668707,0.00532836
3668708,0.010220098
3668709,0.011851947
3668710,0.0048614666
3668711,0.006829202
3668712,0.004223151
3668713,0.007110069
3668714,0.0043566385
3668715,0.007918218
3668716,0.0035414011
3668717,0.032428402
3668718,0.003236611
3668719,0.015605944
3668720,0.009688788
3668721,0.007788072
3668722,0.0033733181
3668723,0.022269215
3668724,0.24192683
3668725,0.22437356
3668726,0.0081221955
3668727,0.013370204
3668728,0.0020664956
3668729,0.011509169
3668730,0.01920563
3668731,0.4129935
3668732,0.005182011
3668733,0.0044034543
3668734,0.020010285
3668735,0.005520074
3668736,0.0056934357
3668737,0.0200493
3668738,0.048592467
3668739,0.005760462
3668740,0.0125425635
3668741,0.0056350194
3668742,0.61831117
3668743,0.37889022
3668744,0.009451952
3668745,0.0044009695
3668746,0.0034871174
3668747,0.005529863
3668748,0.3884286
3668749,0.004137478
3668750,0.0033041602
3668751,0.0068361554
3668752,0.0031724945
3668753,0.0071744565
3668754,0.0086951675
3668755,0.029004423
3668756,0.010416323
3668757,0.0064141084
3668758,0.01712883
3668759,0.006606283
3668760,0.0033758502
3668761,0.025943948
3668762,0.058079913
3668763,0.025672771
3668764,0.0027275742
3668765,0.0013499472
3668766,0.0049577006
3668767,0.015059579
3668768,0.0029057912
3668769,0.0039982437
3668770,0.0010124071
3668771,0.023562828
3668772,0.017465677
3668773,0.019692622
3668774,0.009510521
3668775,0.0062130047
3668776,0.005506498
3668777,0.00098364
3668778,0.0045050085
3668779,0.0050173756
3668780,0.0048696673
3668781,0.014130323
3668782,0.041577116
3668783,0.015951717
3668784,0.020959837
3668785,0.0069581727
3668786,0.007209423
3668787,0.013217845
3668788,0.0016590749
3668789,0.011684378
3668790,0.009998431
3668791,0.073749244
3668792,0.014659094
3668793,0.019544963
3668794,0.0029033676
3668795,0.06334877
3668796,0.009730947
3668797,0.024257423
3668798,0.010788093
3668799,0.0050678807
3668800,0.0038043768
3668801,0.08555278
3668802,0.0077836253
3668803,0.017151203
3668804,0.006775457
3668805,0.0075062634
3668806,0.006846802
3668807,0.0052047684
3668808,0.016472315
3668809,0.003462683
3668810,0.016618663
3668811,0.0029033676
3668812,0.020923045
3668813,0.0019391258
3668814,0.03437973
3668815,0.022007275
3668816,0.07243566
3668817,0.008782209
3668818,0.015498809
3668819,0.010042475
3668820,0.11694436
3668821,0.21672876
3668822,0.0049583428
3668823,0.013122111
3668824,0.005645074
3668825,0.0035024215
3668826,0.11952414
3668827,0.0114669325
3668828,0.0030132313
3668829,0.031656917
3668830,0.008270734
3668831,0.0042047068
3668832,0.01316739
3668833,0.022418767
3668834,0.03045071
3668835,0.0030815892
3668836,0.13070293
3668837,0.015421077
3668838,0.008899708
3668839,0.008351307
3668840,0.033567835
3668841,0.0056080706
3668842,0.0054917247
3668843,0.0028302262
3668844,0.0063222353
3668845,0.0034328618
3668846,0.017252324
3668847,0.002949285
3668848,0.017991163
3668849,0.0033674366
3668850,0.006775826
3668851,0.0104879085
3668852,0.006515347
3668853,0.028240072
3668854,0.007559491
3668855,0.0022581546
3668856,0.005141418
3668857,0.0055395705
3668858,0.00229872
3668859,0.0031355824
3668860,0.00802528
3668861,0.0027815863
3668862,0.027648708
3668863,0.027240353
3668864,0.007203657
3668865,0.008465708
3668866,0.02605541
3668867,0.011369955
3668868,0.0022594065
3668869,0.016415723
3668870,0.0066904076
3668871,0.01034838
3668872,0.005284441
3668873,0.0026506644
3668874,0.0052761137
3668875,0.0068691173
3668876,0.011526764
3668877,0.0068035997
3668878,0.010301701
3668879,0.0043229517
3668880,0.0057522175
3668881,0.0059441985
3668882,0.011492928
3668883,0.0070258495
3668884,0.016044535
3668885,0.02049481
3668886,0.016309774
3668887,0.0021635354
3668888,0.004230071
3668889,0.044959757
3668890,0.010985529
3668891,0.020864641
3668892,0.027874712
3668893,0.0064250245
3668894,0.015546974
3668895,0.006727273
3668896,0.0030620687
3668897,0.013023224
3668898,0.0048803478
3668899,0.012746491
3668900,0.008477548
3668901,0.13285269
3668902,0.010208742
3668903,0.0071890117
3668904,0.0034294114
3668905,0.0043240353
3668906,0.01789292
3668907,0.0024493132
3668908,0.010294668
3668909,0.0008870655
3668910,0.007019156
3668911,0.015941976
3668912,0.006240079
3668913,0.0014669452
3668914,0.017631592
3668915,0.0010082509
3668916,0.028610198
3668917,0.008455687
3668918,0.013898589
3668919,0.010491645
3668920,0.006425368
3668921,0.020136176
3668922,0.009045442
3668923,0.017484138
3668924,0.0380412
3668925,0.010357075
3668926,0.0060679354
3668927,0.03359281
3668928,0.026919167
3668929,0.02523121
3668930,0.02568947
3668931,0.008014666
3668932,0.011490495
3668933,0.0015806842
3668934,0.011103542
3668935,0.0064576473
3668936,0.006183849
3668937,0.09293632
3668938,0.0127215525
3668939,0.00931131
3668940,0.029916508
3668941,0.005782606
3668942,0.0071845814
3668943,0.013972466
3668944,0.01684534
3668945,0.06297173
3668946,0.010183688
3668947,0.008845524
3668948,0.009454627
3668949,0.016022846
3668950,0.018336818
3668951,0.004751692
3668952,0.0466628
3668953,0.007844766
3668954,0.005053324
3668955,0.0063086106
3668956,0.010951507
3668957,0.01155651
3668958,0.0055942736
3668959,0.027790044
3668960,0.004150587
3668961,0.0071323714
3668962,0.0017080494
3668963,0.010592235
3668964,0.008597938
3668965,0.02339598
3668966,0.006155392
3668967,0.0035261416
3668968,0.0057349075
3668969,0.0062182923
3668970,0.010357075
3668971,0.005107527
3668972,0.013456332
3668973,0.010165929
3668974,0.015620038
3668975,0.008532475
3668976,0.003478905
3668977,0.002541436
3668978,0.008328427
3668979,0.009773178
3668980,0.0023989014
3668981,0.0076388544
3668982,0.00520231
3668983,0.0155123845
3668984,0.030637344
3668985,0.08357628
3668986,0.0029339974
3668987,0.001901138
3668988,0.009130015
3668989,0.0032196718
3668990,0.0016511626
3668991,0.011693247
3668992,0.2441381
3668993,0.42789817
3668994,0.5534564
3668995,0.004155322
3668996,0.0029119293
3668997,0.04267425
3668998,0.5983462
3668999,0.047766857
3669000,0.008582523
3669001,0.65611786
3669002,0.0017657804
3669003,0.5721202
3669004,0.006558878
3669005,0.15753298
3669006,0.0023223835
3669007,0.015182703
3669008,0.009515527
3669009,0.0032046242
3669010,0.006076851
3669011,0.008659728
3669012,0.0017835575
3669013,0.011445778
3669014,0.0029891604
3669015,0.0060966318
3669016,0.0040794825
3669017,0.016963016
3669018,0.002723344
3669019,0.0059797885
3669020,0.005475482
3669021,0.0085009355
3669022,0.0030515594
3669023,0.03820016
3669024,0.1197061
3669025,0.25632247
3669026,0.009395266
3669027,0.0053969724
3669028,0.06791384
3669029,0.0030677496
3669030,0.007490827
3669031,0.010953542
3669032,0.02351201
3669033,0.0045905286
3669034,0.02234698
3669035,0.0023942434
3669036,0.0017438434
3669037,0.0015730232
3669038,0.015596973
3669039,0.01001741
3669040,0.005087041
3669041,0.018086862
3669042,0.005527031
3669043,0.0056396434
3669044,0.002874524
3669045,0.00685754
3669046,0.022645617
3669047,0.008974743
3669048,0.0055233818
3669049,0.011933247
3669050,0.0022189156
3669051,0.0056675426
3669052,0.007174232
3669053,0.030939495
3669054,0.0036250458
3669055,0.0063769957
3669056,0.04925082
3669057,0.008489838
3669058,0.005281276
3669059,0.015304128
3669060,0.045235418
3669061,0.015814733
3669062,0.010338725
3669063,0.06578029
3669064,0.04317969
3669065,0.34344667
3669066,0.022133859
3669067,0.008413932
3669068,0.005910548
3669069,0.015489397
3669070,0.019558368
3669071,0.01902111
3669072,0.011084175
3669073,0.0060288403
3669074,0.023898212
3669075,0.007939943
3669076,0.011253746
3669077,0.031608067
3669078,0.048895363
3669079,0.17532715
3669080,0.0119726285
3669081,0.010487502
3669082,0.00878543
3669083,0.0040241843
3669084,0.009077216
3669085,0.0052232766
3669086,0.0025038384
3669087,0.0034429843
3669088,0.035810683
3669089,0.0028345278
3669090,0.08671766
3669091,0.053352237
3669092,0.007149535
3669093,0.0017311572
3669094,0.017997162
3669095,0.027308997
3669096,0.006508718
3669097,0.006199946
3669098,0.0071862587
3669099,0.0018198427
3669100,0.0042185094
3669101,0.015377552
3669102,0.0058988202
3669103,0.028342772
3669104,0.0071194093
3669105,0.005323694
3669106,0.14344412
3669107,0.0013704395
3669108,0.04500555
3669109,0.0019813757
3669110,0.0051732743
3669111,0.029064104
3669112,0.005420719
3669113,0.0072200033
3669114,0.01789913
3669115,0.0071834084
3669116,0.0029815217
3669117,0.01218715
3669118,0.08467655
3669119,0.002837223
3669120,0.0024221877
3669121,0.0034892838
3669122,0.000980749
3669123,0.0068886
3669124,0.006694401
3669125,0.0047817216
3669126,0.0024996914
3669127,0.002042025
3669128,0.009136906
3669129,0.0086489115
3669130,0.006387779
3669131,0.005458324
3669132,0.0027248815
3669133,0.008882267
3669134,0.009786449
3669135,0.007109133
3669136,0.0021562963
3669137,0.004100669
3669138,0.0022591325
3669139,0.09003807
3669140,0.0011015214
3669141,0.021714156
3669142,0.009067214
3669143,0.003433444
3669144,0.021959813
3669145,0.054971565
3669146,0.0029074703
3669147,0.02132842
3669148,0.0038080597
3669149,0.026542936
3669150,0.014454054
3669151,0.0022265192
3669152,0.0020221428
3669153,0.007129923
3669154,0.011275814
3669155,0.010185154
3669156,0.0040121544
3669157,0.0026457931
3669158,0.025271669
3669159,0.030569399
3669160,0.003266971
3669161,0.0115687605
3669162,0.0033207152
3669163,0.0033293986
3669164,0.0008835803
3669165,0.0019025711
3669166,0.014195602
3669167,0.007090188
3669168,0.0031180067
3669169,0.008383854
3669170,0.12240958
3669171,0.0034167692
3669172,0.00817666
3669173,0.0022695907
3669174,0.010551057
3669175,0.00295401
3669176,0.0034253334
3669177,0.012406807
3669178,0.006825051
3669179,0.0024582632
3669180,0.0020797155
3669181,0.03489827
3669182,0.009132008
3669183,0.004775177
3669184,0.042132996
3669185,0.0033071984
3669186,0.008523392
3669187,0.024538657
3669188,0.0074303383
3669189,0.0061248825
3669190,0.004024651
3669191,0.057038546
3669192,0.005658333
3669193,0.009870153
3669194,0.0065126317
3669195,0.009681356
3669196,0.0054453793
3669197,0.005268701
3669198,0.015461238
3669199,0.006160812
3669200,0.057026777
3669201,0.011189099
3669202,0.0074762707
3669203,0.01776792
3669204,0.0032983331
3669205,0.006327138
3669206,0.011335477
3669207,0.0038007894
3669208,0.004819225
3669209,0.024954097
3669210,0.0046731825
3669211,0.0025235647
3669212,0.11526732
3669213,0.02669197
3669214,0.0035981557
3669215,0.0058358037
3669216,0.0019917758
3669217,0.013647647
3669218,0.0051912465
3669219,0.0135528445
3669220,0.014444295
3669221,0.0039102705
3669222,0.008337667
3669223,0.0051221903
3669224,0.010302951
3669225,0.006108099
3669226,0.006597802
3669227,0.0036194732
3669228,0.013037604
3669229,0.001977328
3669230,0.005396788
3669231,0.0030383915
3669232,0.005704201
3669233,0.010215884
3669234,0.002441485
3669235,0.0019805431
3669236,0.002524823
3669237,0.0126582915
3669238,0.007252158
3669239,0.021794714
3669240,0.015144577
3669241,0.017253842
3669242,0.007495231
3669243,0.010142042
3669244,0.0033731754
3669245,0.005640991
3669246,0.01154017
3669247,0.01245269
3669248,0.0034573232
3669249,0.0036132878
3669250,0.036204528
3669251,0.010458575
3669252,0.011383566
3669253,0.050328024
3669254,0.006471321
3669255,0.016165646
3669256,0.0065727094
3669257,0.012197488
3669258,0.026511239
3669259,0.12707536
3669260,0.032339357
3669261,0.0052685486
3669262,0.016651472
3669263,0.004110427
3669264,0.09504299
3669265,0.031500615
3669266,0.007245941
3669267,0.017920021
3669268,0.005181748
3669269,0.0029358505
3669270,0.0012966014
3669271,0.00503303
3669272,0.004559045
3669273,0.008788973
3669274,0.0033744276
3669275,0.0016197901
3669276,0.041911036
3669277,0.01390417
3669278,0.0039210315
3669279,0.0043006865
3669280,0.005872238
3669281,0.05915216
3669282,0.11930213
3669283,0.021221481
3669284,0.0029875503
3669285,0.0287064
3669286,0.013445278
3669287,0.051234577
3669288,0.0011358027
3669289,0.009709215
3669290,0.004644938
3669291,0.01814854
3669292,0.0064043277
3669293,0.007660153
3669294,0.026039585
3669295,0.0158553
3669296,0.0055769384
3669297,0.0041463617
3669298,0.0058175707
3669299,0.0033221578
3669300,0.0098635005
3669301,0.011930661
3669302,0.001576507
3669303,0.013308106
3669304,0.0028895068
3669305,0.012097747
3669306,0.010724336
3669307,0.0060152514
3669308,0.014942881
3669309,0.0067782174
3669310,0.0022190404
3669311,0.0020526736
3669312,0.018930838
3669313,0.013448712
3669314,0.026666204
3669315,0.005444488
3669316,0.027830312
3669317,0.032733057
3669318,0.02000879
3669319,0.05277778
3669320,0.0044933474
3669321,0.092880405
3669322,0.018427176
3669323,0.035709877
3669324,0.046180483
3669325,0.006914288
3669326,0.0065126563
3669327,0.046180483
3669328,0.0026512041
3669329,0.006147128
3669330,0.024441916
3669331,0.01222937
3669332,0.016092718
3669333,0.0050831567
3669334,0.0027247092
3669335,0.016926454
3669336,0.16360678
3669337,0.010010754
3669338,0.0033423335
3669339,0.008115027
3669340,0.002624924
3669341,0.00484446
3669342,0.006647539
3669343,0.0022751626
3669344,0.0032108983
3669345,0.0017775544
3669346,0.0033290328
3669347,0.0036363532
3669348,0.0028040665
3669349,0.0042344336
3669350,0.008971657
3669351,0.027333329
3669352,0.0083933575
3669353,0.037691403
3669354,0.0014484029
3669355,0.011202154
3669356,0.012821932
3669357,0.0067364876
3669358,0.030086057
3669359,0.04583033
3669360,0.016933812
3669361,0.06165609
3669362,0.012193105
3669363,0.0046255537
3669364,0.076737314
3669365,0.0035878052
3669366,0.0041898945
3669367,0.0053011957
3669368,0.001916169
3669369,0.0062385625
3669370,0.0021852395
3669371,0.007873674
3669372,0.005625707
3669373,0.0014504071
3669374,0.0007619112
3669375,0.10151561
3669376,0.004040612
3669377,0.0036886325
3669378,0.01816933
3669379,0.026285192
3669380,0.010450682
3669381,0.01645124
3669382,0.017216576
3669383,0.0051394356
3669384,0.0073562614
3669385,0.059761193
3669386,0.018266616
3669387,0.01643213
3669388,0.013960422
3669389,0.008235713
3669390,0.031395398
3669391,0.011320316
3669392,0.009486336
3669393,0.007926628
3669394,0.008502523
3669395,0.0021817375
3669396,0.0048115426
3669397,0.005145925
3669398,0.03974168
3669399,0.020272046
3669400,0.04516081
3669401,0.004166359
3669402,0.013662496
3669403,0.009692349
3669404,0.0071020746
3669405,0.007881445
3669406,0.0046952446
3669407,0.0038735177
3669408,0.010734292
3669409,0.014064037
3669410,0.054400645
3669411,0.004651978
3669412,0.012310054
3669413,0.0047511216
3669414,0.006795674
3669415,0.011175049
3669416,0.004351618
3669417,0.005296549
3669418,0.0016853156
3669419,0.047196753
3669420,0.0048408615
3669421,0.008317218
3669422,0.009417891
3669423,0.009630059
3669424,0.0067575076
3669425,0.055324495
3669426,0.0060013286
3669427,0.014321163
3669428,0.009739715
3669429,0.0026449666
3669430,0.0019206519
3669431,0.013917265
3669432,0.012012624
3669433,0.011428667
3669434,0.010169711
3669435,0.02311766
3669436,0.0060843294
3669437,0.0069582877
3669438,0.00835246
3669439,0.009542214
3669440,0.0024176626
3669441,0.0032926945
3669442,0.0048934543
3669443,0.027714128
3669444,0.009056685
3669445,0.0063671716
3669446,0.0077901026
3669447,0.006832495
3669448,0.008708412
3669449,0.0025459283
3669450,0.012908686
3669451,0.0034954636
3669452,0.0034582252
3669453,0.012874379
3669454,0.003437782
3669455,0.014728081
3669456,0.003158755
3669457,0.0066621276
3669458,0.010060197
3669459,0.0058080996
3669460,0.008205893
3669461,0.0021065932
3669462,0.008397541
3669463,0.0038074483
3669464,0.0064896652
3669465,0.007263572
3669466,0.012713961
3669467,0.014728081
3669468,0.42811894
3669469,0.0026841713
3669470,0.013221577
3669471,0.005708908
3669472,0.0053657107
3669473,0.007707585
3669474,0.0028228047
3669475,0.003079599
3669476,0.045962077
3669477,0.01107791
3669478,0.005773197
3669479,0.01022974
3669480,0.006859346
3669481,0.0089001
3669482,0.012081186
3669483,0.0112311235
3669484,0.002790376
3669485,0.0041584587
3669486,0.15043078
3669487,0.028977478
3669488,0.0023905071
3669489,0.023020249
3669490,0.017749762
3669491,0.0057454556
3669492,0.021149008
3669493,0.041495506
3669494,0.005899307
3669495,0.08554207
3669496,0.008010766
3669497,0.011925895
3669498,0.013501235
3669499,0.005065162
3669500,0.010987254
3669501,0.028668977
3669502,0.1033361
3669503,0.001467604
3669504,0.012806316
3669505,0.0036944726
3669506,0.007364264
3669507,0.015229007
3669508,0.0071591274
3669509,0.008922973
3669510,0.011363411
3669511,0.027847858
3669512,0.010979375
3669513,0.019639697
3669514,0.006462256
3669515,0.012646717
3669516,0.01148272
3669517,0.010299655
3669518,0.008532919
3669519,0.00737447
3669520,0.010246653
3669521,0.016485754
3669522,0.004141212
3669523,0.017378945
3669524,0.012357208
3669525,0.002807123
3669526,0.004359047
3669527,0.004477861
3669528,0.007783055
3669529,0.0018435032
3669530,0.0030528957
3669531,0.005445743
3669532,0.003245666
3669533,0.0021897908
3669534,0.007274401
3669535,0.004271346
3669536,0.0016806504
3669537,0.0026148665
3669538,0.0064841122
3669539,0.020709984
3669540,0.04656569
3669541,0.01867491
3669542,0.0020923174
3669543,0.0031283277
3669544,0.004298723
3669545,0.0055200453
3669546,0.004497799
3669547,0.015669148
3669548,0.003182995
3669549,0.006693621
3669550,0.013077417
3669551,0.0037133147
3669552,0.123828
3669553,0.016236922
3669554,0.005510609
3669555,0.008955496
3669556,0.016125917
3669557,0.011846409
3669558,0.0045257737
3669559,0.0048394697
3669560,0.0064121946
3669561,0.020066658
3669562,0.013409524
3669563,0.0100006405
3669564,0.0038343812
3669565,0.0073856656
3669566,0.008712361
3669567,0.010776218
3669568,0.028779862
3669569,0.048222806
3669570,0.008714008
3669571,0.0044465577
3669572,0.012131885
3669573,0.023515305
3669574,0.007099786
3669575,0.011634189
3669576,0.007357379
3669577,0.009348013
3669578,0.026627105
3669579,0.0035091932
3669580,0.0016387961
3669581,0.005303097
3669582,0.0042488417
3669583,0.0032720398
3669584,0.013619997
3669585,0.0058453367
3669586,0.006851499
3669587,0.012718864
3669588,0.009490696
3669589,0.014723163
3669590,0.006570079
3669591,0.0034702749
3669592,0.014025956
3669593,0.024345893
3669594,0.00593468
3669595,0.09366921
3669596,0.009124689
3669597,0.011555437
3669598,0.007245066
3669599,0.021551324
3669600,0.051585943
3669601,0.0021996233
3669602,0.0051081576
3669603,0.004055792
3669604,0.0022039267
3669605,0.00891154
3669606,0.0031028017
3669607,0.017404582
3669608,0.0019465812
3669609,0.0072754957
3669610,0.004260759
3669611,0.004436302
3669612,0.021467125
3669613,0.007127666
3669614,0.003591959
3669615,0.0098534655
3669616,0.007259131
3669617,0.014454834
3669618,0.0049387445
3669619,0.0071898997
3669620,0.0073216385
3669621,0.005119057
3669622,0.0016298472
3669623,0.0053543374
3669624,0.0065979646
3669625,0.008347063
3669626,0.006210418
3669627,0.0036254781
3669628,0.0025199545
3669629,0.009531507
3669630,0.0058279936
3669631,0.014511386
3669632,0.005701932
3669633,0.0040906603
3669634,0.01877444
3669635,0.003469032
3669636,0.008106089
3669637,0.0032791735
3669638,0.011472993
3669639,0.0037526279
3669640,0.002632459
3669641,0.006072959
3669642,0.0044600707
3669643,0.005962993
3669644,0.022073502
3669645,0.014305071
3669646,0.002635429
3669647,0.005324798
3669648,0.007117455
3669649,0.006040696
3669650,0.004142733
3669651,0.007611173
3669652,0.0022996124
3669653,0.0021950868
3669654,0.006699959
3669655,0.0028821882
3669656,0.00679692
3669657,0.001975994
3669658,0.01899425
3669659,0.01017481
3669660,0.0031058858
3669661,0.002541221
3669662,0.0031678623
3669663,0.0027040718
3669664,0.004631907
3669665,0.012803447
3669666,0.036505923
3669667,0.034553494
3669668,0.0076028644
3669669,0.001932224
3669670,0.010789279
3669671,0.002994326
3669672,0.0105568925
3669673,0.006021918
3669674,0.0071439184
3669675,0.011029563
3669676,0.0037309846
3669677,0.008370406
3669678,0.0028871037
3669679,0.0074172146
3669680,0.0067916946
3669681,0.008138038
3669682,0.02220715
3669683,0.01073533
3669684,0.0072822487
3669685,0.008263931
3669686,0.03405193
3669687,0.00234828
3669688,0.008246313
3669689,0.005431359
3669690,0.0033986678
3669691,0.007205595
3669692,0.0045500626
3669693,0.0044209086
3669694,0.0060395966
3669695,0.0044579282
3669696,0.015264733
3669697,0.0029519815
3669698,0.0030920208
3669699,0.0088160625
3669700,0.010794177
3669701,0.0217626
3669702,0.019478332
3669703,0.009650459
3669704,0.007514421
3669705,0.009820485
3669706,0.002486506
3669707,0.0014526035
3669708,0.0040048803
3669709,0.010556663
3669710,0.002428831
3669711,0.013405633
3669712,0.009923138
3669713,0.004884694
3669714,0.011360729
3669715,0.016405748
3669716,0.0062427646
3669717,0.008842351
3669718,0.013093151
3669719,0.003481857
3669720,0.013130375
3669721,0.00894133
3669722,0.09501358
3669723,0.009218943
3669724,0.010118112
3669725,0.0094501125
3669726,0.009541952
3669727,0.0063948436
3669728,0.0036330286
3669729,0.004956219
3669730,0.06831823
3669731,0.0035756957
3669732,0.006709161
3669733,0.0055455943
3669734,0.104838
3669735,0.005633074
3669736,0.032941464
3669737,0.004722301
3669738,0.008556167
3669739,0.004733223
3669740,0.0028248162
3669741,0.004921107
3669742,0.003903045
3669743,0.0021154638
3669744,0.006700657
3669745,0.004820709
3669746,0.007947045
3669747,0.046177715
3669748,0.0015127951
3669749,0.012152407
3669750,0.035629325
3669751,0.0030025025
3669752,0.010820158
3669753,0.013035991
3669754,0.020317309
3669755,0.004478771
3669756,0.09501358
3669757,0.0082358485
3669758,0.05468906
3669759,0.0030556852
3669760,0.0020505134
3669761,0.009205494
3669762,0.0080611715
3669763,0.0019667111
3669764,0.0063282927
3669765,0.0019721002
3669766,0.04512288
3669767,0.037226778
3669768,0.010813097
3669769,0.015531357
3669770,0.0073728263
3669771,0.0031107825
3669772,0.004929965
3669773,0.018462356
3669774,0.0038619454
3669775,0.0054518697
3669776,0.004747558
3669777,0.023183903
3669778,0.0065703806
3669779,0.018048797
3669780,0.0062649786
3669781,0.014614172
3669782,0.005261606
3669783,0.0025187607
3669784,0.0029752504
3669785,0.006177649
3669786,0.01166599
3669787,0.003019683
3669788,0.0044318163
3669789,0.0019617744
3669790,0.0010787279
3669791,0.007335625
3669792,0.009824456
3669793,0.027663946
3669794,0.0051181973
3669795,0.014114455
3669796,0.001001543
3669797,0.0091910055
3669798,0.0057791425
3669799,0.006521885
3669800,0.005619682
3669801,0.011355893
3669802,0.022747492
3669803,0.06419813
3669804,0.008536183
3669805,0.009253134
3669806,0.008459627
3669807,0.017781248
3669808,0.016210582
3669809,0.01527635
3669810,0.009585218
3669811,0.042200286
3669812,0.0062669856
3669813,0.009000587
3669814,0.004988249
3669815,0.023880625
3669816,0.015387042
3669817,0.054516595
3669818,0.008403627
3669819,0.014172239
3669820,0.0031444873
3669821,0.008316679
3669822,0.02202684
3669823,0.0051236977
3669824,0.0033646037
3669825,0.0027315032
3669826,0.0037736131
3669827,0.0066484306
3669828,0.018754339
3669829,0.0072159204
3669830,0.015142614
3669831,0.0056954203
3669832,0.009214989
3669833,0.0029763384
3669834,0.0019975414
3669835,0.01849665
3669836,0.0014398202
3669837,0.0028859836
3669838,0.0038531006
3669839,0.005503349
3669840,0.0065389737
3669841,0.005874972
3669842,0.003303626
3669843,0.0068407157
3669844,0.0057951068
3669845,0.009585376
3669846,0.023476351
3669847,0.001604909
3669848,0.012498348
3669849,0.011849508
3669850,0.004652285
3669851,0.029572379
3669852,0.0056884284
3669853,0.01077143
3669854,0.0042952155
3669855,0.013512748
3669856,0.0048005995
3669857,0.022373222
3669858,0.012293675
3669859,0.0029340296
3669860,0.0025753288
3669861,0.019763717
3669862,0.012997825
3669863,0.010226208
3669864,0.0013915694
3669865,0.0018340355
3669866,0.008058072
3669867,0.02008546
3669868,0.004985098
3669869,0.01928366
3669870,0.010615567
3669871,0.002178362
3669872,0.013397727
3669873,0.011685578
3669874,0.0028597438
3669875,0.010383427
3669876,0.023908485
3669877,0.026341217
3669878,0.019230977
3669879,0.01119178
3669880,0.019354451
3669881,0.0033503599
3669882,0.0020525497
3669883,0.0027357994
3669884,0.019107694
3669885,0.011784349
3669886,0.0033350931
3669887,0.011210581
3669888,0.01022293
3669889,0.006006021
3669890,0.008504441
3669891,0.0037719607
3669892,0.0045668944
3669893,0.044695795
3669894,0.0015630517
3669895,0.012973281
3669896,0.00662001
3669897,0.0040614298
3669898,0.007547859
3669899,0.02797609
3669900,0.005275618
3669901,0.005960122
3669902,0.010634731
3669903,0.012547059
3669904,0.039744575
3669905,0.015583486
3669906,0.004644506
3669907,0.009842804
3669908,0.030946175
3669909,0.0019789678
3669910,0.0014680359
3669911,0.0031322502
3669912,0.01053922
3669913,0.004168025
3669914,0.016215023
3669915,0.0044214125
3669916,0.01088434
3669917,0.006944167
3669918,0.0038142207
3669919,0.012173438
3669920,0.0076089976
3669921,0.008210801
3669922,0.047411326
3669923,0.026192542
3669924,0.004619198
3669925,0.012298771
3669926,0.0469914
3669927,0.016634405
3669928,0.008690902
3669929,0.0012358063
3669930,0.0022449316
3669931,0.011737972
3669932,0.004612772
3669933,0.009796926
3669934,0.0027442388
3669935,0.0025293014
3669936,0.0021082098
3669937,0.0059253704
3669938,0.0033755966
3669939,0.0061318036
3669940,0.006462256
3669941,0.0032039846
3669942,0.01618398
3669943,0.009223883
3669944,0.037447847
3669945,0.0035433637
3669946,0.0064898063
3669947,0.009870484
3669948,0.014287016
3669949,0.020157643
3669950,0.0056012194
3669951,0.0023537143
3669952,0.010907147
3669953,0.0066279704
3669954,0.0038221644
3669955,0.007869604
3669956,0.007889611
3669957,0.00816213
3669958,0.008119242
3669959,0.01022293
3669960,0.00800591
3669961,0.0026973945
3669962,0.014255764
3669963,0.029997729
3669964,0.004443572
3669965,0.0022285783
3669966,0.00778809
3669967,0.009821501
3669968,0.010822966
3669969,0.005960543
3669970,0.0022778204
3669971,0.0072079212
3669972,0.017198715
3669973,0.007018309
3669974,0.015776902
3669975,0.017725984
3669976,0.0045565227
3669977,0.020318719
3669978,0.015368747
3669979,0.06948792
3669980,0.006975508
3669981,0.006594434
3669982,0.010106187
3669983,0.0023075368
3669984,0.01801539
3669985,0.0056416467
3669986,0.0071685356
3669987,0.018983226
3669988,0.002315493
3669989,0.006263993
3669990,0.00638708
3669991,0.0068204585
3669992,0.0026621441
3669993,0.023776166
3669994,0.0045393044
3669995,0.014041126
3669996,0.009108157
3669997,0.01157937
3669998,0.011839947
3669999,0.010006058
3670000,0.0021609797
3670001,0.006110406
3670002,0.01410025
3670003,0.013053168
3670004,0.0025870034
3670005,0.019095002
3670006,0.0016930809
3670007,0.001980514
3670008,0.43325764
3670009,0.0024082817
3670010,0.047735393
3670011,0.005727183
3670012,0.0029806404
3670013,0.0115006715
3670014,0.01678058
3670015,0.012662952
3670016,0.027529608
3670017,0.014541632
3670018,0.0070203366
3670019,0.002415451
3670020,0.01116976
3670021,0.0030847096
3670022,0.04489592
3670023,0.013860559
3670024,0.05001339
3670025,0.032169677
3670026,0.029060543
3670027,0.012880894
3670028,0.0012991849
3670029,0.022218961
3670030,0.009667832
3670031,0.0045280857
3670032,0.0061643803
3670033,0.0052195787
3670034,0.0144030135
3670035,0.008164801
3670036,0.024484204
3670037,0.0035634334
3670038,0.035764344
3670039,0.0055711586
3670040,0.010106187
3670041,0.04120909
3670042,0.004953901
3670043,0.007920983
3670044,0.01151859
3670045,0.0131571945
3670046,0.006119906
3670047,0.08907163
3670048,0.042018134
3670049,0.007377514
3670050,0.0048304526
3670051,0.023256278
3670052,0.004831824
3670053,0.035143252
3670054,0.0127642825
3670055,0.008916675
3670056,0.0065897284
3670057,0.004973059
3670058,0.018333873
3670059,0.009909337
3670060,0.014542856
3670061,0.003460536
3670062,0.008858237
3670063,0.08402989
3670064,0.032535713
3670065,0.0042022318
3670066,0.0029336922
3670067,0.009018911
3670068,0.008997074
3670069,0.010317148
3670070,0.012081488
3670071,0.015949404
3670072,0.0027364565
3670073,0.010177024
3670074,0.008923221
3670075,0.004494956
3670076,0.0058390223
3670077,0.0060691666
3670078,0.0033965202
3670079,0.017144972
3670080,0.0053674565
3670081,0.13888577
3670082,0.050956126
3670083,0.0074804784
3670084,0.0031067112
3670085,0.0037691002
3670086,0.04022498
3670087,0.008246652
3670088,0.0029126713
3670089,0.0012616045
3670090,0.0031756067
3670091,0.0082211625
3670092,0.011876337
3670093,0.034939427
3670094,0.0087372735
3670095,0.005781115
3670096,0.006773221
3670097,0.003179641
3670098,0.020534467
3670099,0.0077061774
3670100,0.0074235722
3670101,0.013697174
3670102,0.005205028
3670103,0.011405385
3670104,0.085943066
3670105,0.004985982
3670106,0.011095602
3670107,0.008305513
3670108,0.023323696
3670109,0.014679129
3670110,0.0033939823
3670111,0.026789788
3670112,0.14531721
3670113,0.013394425
3670114,0.0064048925
3670115,0.009560393
3670116,0.0008052932
3670117,0.0039000912
3670118,0.008608619
3670119,0.00851212
3670120,0.005547112
3670121,0.011162552
3670122,0.007151651
3670123,0.008072729
3670124,0.009051042
3670125,0.023334011
3670126,0.011641725
3670127,0.0051229633
3670128,0.013828281
3670129,0.00391673
3670130,0.0145214405
3670131,0.002326754
3670132,0.00092603004
3670133,0.008050168
3670134,0.006399272
3670135,0.006615709
3670136,0.025379108
3670137,0.0053840238
3670138,0.0037511026
3670139,0.014621686
3670140,0.024073137
3670141,0.004066685
3670142,0.011505242
3670143,0.011803517
3670144,0.0067694495
3670145,0.035846468
3670146,0.029723642
3670147,0.008365832
3670148,0.012361433
3670149,0.008618436
3670150,0.04534297
3670151,0.009320451
3670152,0.049187656
3670153,0.008202766
3670154,0.006477821
3670155,0.0014288892
3670156,0.027486466
3670157,0.0022085947
3670158,0.009009234
3670159,0.009525877
3670160,0.022192298
3670161,0.0031172067
3670162,0.0052929274
3670163,0.005047545
3670164,0.0034264273
3670165,0.047740813
3670166,0.0027148759
3670167,0.0075073866
3670168,0.0071938867
3670169,0.030215936
3670170,0.0055206735
3670171,0.0125425635
3670172,0.0045188977
3670173,0.008833062
3670174,0.21128327
3670175,0.009405604
3670176,0.013035524
3670177,0.0024220243
3670178,0.020434909
3670179,0.34892878
3670180,0.00977984
3670181,0.0034614753
3670182,0.0044145496
3670183,0.014451051
3670184,0.0030516058
3670185,0.0027731748
3670186,0.0039782603
3670187,0.026189392
3670188,0.004573072
3670189,0.06932091
3670190,0.01840147
3670191,0.02077594
3670192,0.07358458
3670193,0.0053896904
3670194,0.025974821
3670195,0.014987278
3670196,0.008958942
3670197,0.007828801
3670198,0.0027058392
3670199,0.0039137416
3670200,0.0029887029
3670201,0.044950612
3670202,0.003070631
3670203,0.0070580486
3670204,0.012311329
3670205,0.00681743
3670206,0.070333794
3670207,0.070333794
3670208,0.0029532965
3670209,0.010260866
3670210,0.0047810795
3670211,0.0031794433
3670212,0.0040016384
3670213,0.0028264578
3670214,0.010377746
3670215,0.006693818
3670216,0.010352966
3670217,0.028224027
3670218,0.008361565
3670219,0.0155978305
3670220,0.005219799
3670221,0.0035560047
3670222,0.014417187
3670223,0.0094734095
3670224,0.0060958285
3670225,0.0035443269
3670226,0.003679869
3670227,0.017250812
3670228,0.0034424015
3670229,0.0019091108
3670230,0.005052893
3670231,0.009652191
3670232,0.0050488263
3670233,0.0022345653
3670234,0.028974457
3670235,0.006648748
3670236,0.009247606
3670237,0.010254984
3670238,0.008718853
3670239,0.003725402
3670240,0.007131689
3670241,0.027156197
3670242,0.0023630913
3670243,0.004728239
3670244,0.012285675
3670245,0.003429643
3670246,0.016000781
3670247,0.0026672387
3670248,0.008172478
3670249,0.008207837
3670250,0.009348013
3670251,0.0310081
3670252,0.030383848
3670253,0.022518367
3670254,0.002667647
3670255,0.010592235
3670256,0.011452617
3670257,0.0035231707
3670258,0.0061160186
3670259,0.0042189844
3670260,0.0055662757
3670261,0.017049847
3670262,0.011369955
3670263,0.018218212
3670264,0.0032866797
3670265,0.006823871
3670266,0.011397248
3670267,0.006158628
3670268,0.013351649
3670269,0.012768332
3670270,0.01798733
3670271,0.11522811
3670272,0.021056617
3670273,0.074248396
3670274,0.011019675
3670275,0.008823757
3670276,0.01052253
3670277,0.010965962
3670278,0.005097484
3670279,0.0055642626
3670280,0.00964885
3670281,0.061866045
3670282,0.008082541
3670283,0.011022601
3670284,0.00833993
3670285,0.010430689
3670286,0.012183415
3670287,0.56200093
3670288,0.014165918
3670289,0.002801188
3670290,0.016073868
3670291,0.024759708
3670292,0.022919765
3670293,0.0056341505
3670294,0.0028260078
3670295,0.0337018
3670296,0.0016435126
3670297,0.026722979
3670298,0.038408272
3670299,0.006993986
3670300,0.0063172015
3670301,0.0079801055
3670302,0.0017493056
3670303,0.034176864
3670304,0.008079502
3670305,0.00940798
3670306,0.012470941
3670307,0.0058576697
3670308,0.05397167
3670309,0.017300265
3670310,0.0035796885
3670311,0.0037211233
3670312,0.01714433
3670313,0.0039315885
3670314,0.023126023
3670315,0.007386638
3670316,0.04594969
3670317,0.008587251
3670318,0.013868629
3670319,0.00963156
3670320,0.006303462
3670321,0.013174367
3670322,0.012070139
3670323,0.016262297
3670324,0.0066398014
3670325,0.0026704764
3670326,0.04320586
3670327,0.007759288
3670328,0.0020142414
3670329,0.012518356
3670330,0.011136297
3670331,0.012645021
3670332,0.003974361
3670333,0.061224572
3670334,0.012645021
3670335,0.016178325
3670336,0.0022064238
3670337,0.008613113
3670338,0.008304076
3670339,0.04318686
3670340,0.007805092
3670341,0.0065955147
3670342,0.0042487467
3670343,0.00782348
3670344,0.00277608
3670345,0.0042974106
3670346,0.0030202358
3670347,0.0071711526
3670348,0.006056767
3670349,0.049582496
3670350,0.010196125
3670351,0.017678276
3670352,0.006402532
3670353,0.008339334
3670354,0.0024125872
3670355,0.0036438846
3670356,0.009561174
3670357,0.0035105639
3670358,0.0046463534
3670359,0.006768799
3670360,0.009549621
3670361,0.01415843
3670362,0.013635437
3670363,0.0032341704
3670364,0.007042339
3670365,0.011656893
3670366,0.031345844
3670367,0.0056259553
3670368,0.007350237
3670369,0.010913347
3670370,0.005877362
3670371,0.016094172
3670372,0.0162646
3670373,0.009327
3670374,0.006073946
3670375,0.008052647
3670376,0.0067097116
3670377,0.007601854
3670378,0.01053088
3670379,0.019804342
3670380,0.009401703
3670381,0.036720008
3670382,0.0152761135
3670383,0.010933336
3670384,0.0068776617
3670385,0.004041723
3670386,0.008533129
3670387,0.0067588077
3670388,0.0039899563
3670389,0.0024554539
3670390,0.011787948
3670391,0.0023411568
3670392,0.007955719
3670393,0.019504072
3670394,0.0023602108
3670395,0.0044263224
3670396,0.0053462475
3670397,0.021391695
3670398,0.0075802607
3670399,0.010244105
3670400,0.0070116427
3670401,0.0036551012
3670402,0.008272975
3670403,0.004742084
3670404,0.0057843197
3670405,0.007836791
3670406,0.0077922703
3670407,0.0072181243
3670408,0.02021104
3670409,0.0062724585
3670410,0.03012452
3670411,0.0047511216
3670412,0.0028750382
3670413,0.13864492
3670414,0.003766394
3670415,0.0039182426
3670416,0.0041105226
3670417,0.005938915
3670418,0.008708235
3670419,0.009249061
3670420,0.0070699314
3670421,0.026210653
3670422,0.0056378464
3670423,0.004069065
3670424,0.015393509
3670425,0.012212285
3670426,0.0067605395
3670427,0.0051074233
3670428,0.004552372
3670429,0.0039330395
3670430,0.0031837213
3670431,0.004470996
3670432,0.011362647
3670433,0.009756956
3670434,0.018399192
3670435,0.011858181
3670436,0.02589252
3670437,0.007469667
3670438,0.01900564
3670439,0.006954717
3670440,0.016653784
3670441,0.024876904
3670442,0.035025947
3670443,0.0042112907
3670444,0.0074635814
3670445,0.03734107
3670446,0.0037493831
3670447,0.0036222292
3670448,0.00433967
3670449,0.007038062
3670450,0.012438414
3670451,0.005237634
3670452,0.011025373
3670453,0.0022630761
3670454,0.0061455346
3670455,0.008863204
3670456,0.0070660794
3670457,0.02938963
3670458,0.004633198
3670459,0.009719012
3670460,0.021987446
3670461,0.006830709
3670462,0.013900785
3670463,0.016223475
3670464,0.0027628606
3670465,0.003948198
3670466,0.026746247
3670467,0.009702693
3670468,0.0032425958
3670469,0.005446702
3670470,0.02155121
3670471,0.014728081
3670472,0.00944677
3670473,0.056797843
3670474,0.0046774475
3670475,0.006465775
3670476,0.017720696
3670477,0.008132366
3670478,0.022635587
3670479,0.0030226158
3670480,0.009515203
3670481,0.0064215977
3670482,0.0047165332
3670483,0.025814263
3670484,0.089236505
3670485,0.006851625
3670486,0.0047308924
3670487,0.0045700925
3670488,0.002701378
3670489,0.0043979157
3670490,0.0027643642
3670491,0.008378333
3670492,0.0055759735
3670493,0.0022182644
3670494,0.007435668
3670495,0.0028509167
3670496,0.022387223
3670497,0.0033679744
3670498,0.01297758
3670499,0.015304004
3670500,0.00796349
3670501,0.055791177
3670502,0.0040325583
3670503,0.006423807
3670504,0.006292591
3670505,0.008236452
3670506,0.002032216
3670507,0.005769864
3670508,0.007706783
3670509,0.004267521
3670510,0.010488854
3670511,0.004070182
3670512,0.0052337176
3670513,0.0056583975
3670514,0.050035663
3670515,0.0136592
3670516,0.011875773
3670517,0.006073238
3670518,0.017765798
3670519,0.007916323
3670520,0.0128727425
3670521,0.022874588
3670522,0.0067639276
3670523,0.0041701593
3670524,0.053880144
3670525,0.004275995
3670526,0.014037449
3670527,0.0036402475
3670528,0.008075353
3670529,0.0096001085
3670530,0.0064025167
3670531,0.009649009
3670532,0.03228008
3670533,0.008793802
3670534,0.008757314
3670535,0.004458792
3670536,0.005078902
3670537,0.050035663
3670538,0.0038266894
3670539,0.0073616044
3670540,0.005556013
3670541,0.00137165
3670542,0.021293279
3670543,0.007459136
3670544,0.016754026
3670545,0.0128727425
3670546,0.008882557
3670547,0.0068851598
3670548,0.007397095
3670549,0.006075172
3670550,0.007567201
3670551,0.010556957
3670552,0.0057841935
3670553,0.04027138
3670554,0.008883652
3670555,0.0138970455
3670556,0.0077350372
3670557,0.0272548
3670558,0.011679726
3670559,0.014024941
3670560,0.0027333042
3670561,0.0067146225
3670562,0.00621945
3670563,0.0075589614
3670564,0.021533571
3670565,0.0060990653
3670566,0.012269906
3670567,0.010870908
3670568,0.0121291885
3670569,0.0020649277
3670570,0.0019274747
3670571,0.007815005
3670572,0.008904227
3670573,0.003399876
3670574,0.008060512
3670575,0.07531477
3670576,0.008830899
3670577,0.018065145
3670578,0.002974334
3670579,0.0064672697
3670580,0.011309285
3670581,0.002177873
3670582,0.001788649
3670583,0.0020547241
3670584,0.011104997
3670585,0.01902354
3670586,0.009222933
3670587,0.0052581653
3670588,0.0057601538
3670589,0.0043472024
3670590,0.0062635094
3670591,0.0020540466
3670592,0.0017212573
3670593,0.014074699
3670594,0.010858092
3670595,0.006909787
3670596,0.021752447
3670597,0.021078376
3670598,0.006422964
3670599,0.011908231
3670600,0.021325609
3670601,0.008727846
3670602,0.013668485
3670603,0.008368052
3670604,0.0028452952
3670605,0.001616429
3670606,0.027693842
3670607,0.0049147764
3670608,0.011264884
3670609,0.035020344
3670610,0.003368885
3670611,0.0033237431
3670612,0.007934176
3670613,0.0046923268
3670614,0.0022564288
3670615,0.021657737
3670616,0.0023969018
3670617,0.010904518
3670618,0.007701046
3670619,0.009840638
3670620,0.013850232
3670621,0.009936409
3670622,0.018792791
3670623,0.059224572
3670624,0.0053245327
3670625,0.006156685
3670626,0.0107823
3670627,0.06966651
3670628,0.007302723
3670629,0.023460703
3670630,0.0027062832
3670631,0.020489726
3670632,0.01202461
3670633,0.0030451904
3670634,0.007951607
3670635,0.0059131654
3670636,0.008399614
3670637,0.017937258
3670638,0.009599954
3670639,0.02399111
3670640,0.023919793
3670641,0.005414814
3670642,0.004253676
3670643,0.012329717
3670644,0.019790033
3670645,0.09189948
3670646,0.0241874
3670647,0.016532697
3670648,0.021739677
3670649,0.008350924
3670650,0.014122214
3670651,0.02331369
3670652,0.01119082
3670653,0.015089088
3670654,0.004214743
3670655,0.010240967
3670656,0.0069635874
3670657,0.00976505
3670658,0.007954533
3670659,0.011264501
3670660,0.0063531892
3670661,0.012268854
3670662,0.0079074595
3670663,0.0046743336
3670664,0.008415165
3670665,0.022130737
3670666,0.6565762
3670667,0.0046446803
3670668,0.015123026
3670669,0.7950944
3670670,0.00097036327
3670671,0.027545344
3670672,0.7997988
3670673,0.95917493
3670674,0.017792169
3670675,0.0077228304
3670676,0.061895244
3670677,0.010030934
3670678,0.007095337
3670679,0.65278727
3670680,0.0050421166
3670681,0.007708625
3670682,0.005841187
3670683,0.6144008
3670684,0.0101042995
3670685,0.0059990333
3670686,0.0042404896
3670687,0.003139872
3670688,0.019210674
3670689,0.012080645
3670690,0.01223475
3670691,0.019847393
3670692,0.014267192
3670693,0.006087234
3670694,0.011775389
3670695,0.001423399
3670696,0.0025992019
3670697,0.005324088
3670698,0.009094104
3670699,0.008225086
3670700,0.0063527976
3670701,0.020005587
3670702,0.0020229619
3670703,0.006678237
3670704,0.07868978
3670705,0.033115044
3670706,0.034726247
3670707,0.004108577
3670708,0.069733426
3670709,0.032507304
3670710,0.0021496385
3670711,0.002628977
3670712,0.008083592
3670713,0.001683994
3670714,0.028408453
3670715,0.009590896
3670716,0.0010167025
3670717,0.006164012
3670718,0.012937384
3670719,0.013847099
3670720,0.002928029
3670721,0.0017865194
3670722,0.0070781475
3670723,0.0025963355
3670724,0.0043193856
3670725,0.016864635
3670726,0.004866431
3670727,0.01150528
3670728,0.00718399
3670729,0.0026806975
3670730,0.0046973755
3670731,0.011164925
3670732,0.02346975
3670733,0.002537326
3670734,0.008321289
3670735,0.037349924
3670736,0.027181301
3670737,0.0068059065
3670738,0.008279691
3670739,0.012465193
3670740,0.0027615093
3670741,0.014962012
3670742,0.015659532
3670743,0.0026050343
3670744,0.0042662467
3670745,0.020229677
3670746,0.002961678
3670747,0.0018303728
3670748,0.02110578
3670749,0.0065030744
3670750,0.0052417475
3670751,0.004460907
3670752,0.012702539
3670753,0.0044894395
3670754,0.007459267
3670755,0.0019038916
3670756,0.0041903066
3670757,0.016139867
3670758,0.0023907174
3670759,0.002911471
3670760,0.05492516
3670761,0.006227333
3670762,0.010153164
3670763,0.004527383
3670764,0.0020579023
3670765,0.0069043026
3670766,0.013618593
3670767,0.00910142
3670768,0.0053175795
3670769,0.018689811
3670770,0.005077076
3670771,0.0053843
3670772,0.009141091
3670773,0.011607484
3670774,0.006414881
3670775,0.0015037582
3670776,0.005557815
3670777,0.0022114844
3670778,0.014977475
3670779,0.009851856
3670780,0.002288205
3670781,0.0027917086
3670782,0.0077936007
3670783,0.0052811312
3670784,0.0047936356
3670785,0.03613585
3670786,0.008399666
3670787,0.0030178376
3670788,0.0112181
3670789,0.031711515
3670790,0.0032218073
3670791,0.0024178503
3670792,0.0053948155
3670793,0.0061510038
3670794,0.0033989518
3670795,0.0034630464
3670796,0.003756611
3670797,0.007398993
3670798,0.0034742462
3670799,0.008740239
3670800,0.0041167936
3670801,0.0057704444
3670802,0.011476318
3670803,0.0031388707
3670804,0.0054778974
3670805,0.0084310165
3670806,0.04107786
3670807,0.008979762
3670808,0.0044242595
3670809,0.0087307505
3670810,0.004247597
3670811,0.0049193935
3670812,0.011232771
3670813,0.0076607256
3670814,0.006669617
3670815,0.006383598
3670816,0.004632996
3670817,0.0030300755
3670818,0.0033866805
3670819,0.013979707
3670820,0.0031900865
3670821,0.009544427
3670822,0.0024026406
3670823,0.002256109
3670824,0.0015637224
3670825,0.015976017
3670826,0.005434536
3670827,0.01299147
3670828,0.00423989
3670829,0.007877005
3670830,0.0015465822
3670831,0.009942157
3670832,0.007292829
3670833,0.009631379
3670834,0.008588976
3670835,0.030470243
3670836,0.0048328373
3670837,0.0074786977
3670838,0.011638762
3670839,0.0028509735
3670840,0.005592454
3670841,0.04401237
3670842,0.033749767
3670843,0.0025288563
3670844,0.013538961
3670845,0.010432753
3670846,0.0035400789
3670847,0.0056496044
3670848,0.003946908
3670849,0.0055288374
3670850,0.002886257
3670851,0.060422253
3670852,0.0021098403
3670853,0.011365116
3670854,0.01251013
3670855,0.0064029447
3670856,0.004020414
3670857,0.016538698
3670858,0.0053458693
3670859,0.0037751282
3670860,0.06131368
3670861,0.010408801
3670862,0.010193478
3670863,0.008008819
3670864,0.006933994
3670865,0.038060993
3670866,0.0024493132
3670867,0.005214023
3670868,0.083503135
3670869,0.037109207
3670870,0.008396453
3670871,0.0039986824
3670872,0.18574665
3670873,0.01665326
3670874,0.01901435
3670875,0.005376996
3670876,0.005778394
3670877,0.0029776916
3670878,0.002506114
3670879,0.0037133887
3670880,0.00781332
3670881,0.0045159687
3670882,0.0025201328
3670883,0.0015275935
3670884,0.0053363647
3670885,0.008433034
3670886,0.0119220475
3670887,0.011138843
3670888,0.009008382
3670889,0.003112929
3670890,0.00815235
3670891,0.021704374
3670892,0.009038951
3670893,0.009461358
3670894,0.02178827
3670895,0.018296197
3670896,0.004582961
3670897,0.012874179
3670898,0.008568188
3670899,0.0104926545
3670900,0.011437554
3670901,0.008208187
3670902,0.0046731825
3670903,0.04195509
3670904,0.005030115
3670905,0.004832271
3670906,0.010379054
3670907,0.013486008
3670908,0.010621483
3670909,0.008505639
3670910,0.0056970837
3670911,0.006334205
3670912,0.004213647
3670913,0.013458047
3670914,0.006007507
3670915,0.007968389
3670916,0.004730735
3670917,0.0029514886
3670918,0.00623981
3670919,0.0050246506
3670920,0.0021507815
3670921,0.010212298
3670922,0.052266467
3670923,0.037519544
3670924,0.005591648
3670925,0.016774429
3670926,0.0044015213
3670927,0.013613746
3670928,0.0027375408
3670929,0.029599817
3670930,0.019627128
3670931,0.0071818307
3670932,0.010073916
3670933,0.019782344
3670934,0.004155612
3670935,0.0017145657
3670936,0.0025414652
3670937,0.011505529
3670938,0.0099032475
3670939,0.0040354207
3670940,0.006718316
3670941,0.010599393
3670942,0.014764772
3670943,0.002797908
3670944,0.0045121163
3670945,0.006455218
3670946,0.010615122
3670947,0.014541319
3670948,0.034076624
3670949,0.013243388
3670950,0.0135982195
3670951,0.00974401
3670952,0.007704329
3670953,0.010689784
3670954,0.0042443434
3670955,0.005980769
3670956,0.0011459505
3670957,0.014998496
3670958,0.032366406
3670959,0.010674298
3670960,0.00476811
3670961,0.03190697
3670962,0.015582739
3670963,0.013831136
3670964,0.005475438
3670965,0.010435662
3670966,0.0045915856
3670967,0.014680199
3670968,0.0071849762
3670969,0.014272391
3670970,0.006495248
3670971,0.006525633
3670972,0.0043711932
3670973,0.0022540607
3670974,0.0011112484
3670975,0.009583904
3670976,0.11828359
3670977,0.056804374
3670978,0.0058688316
3670979,0.00274062
3670980,0.0051999865
3670981,0.052272286
3670982,0.0073743793
3670983,0.01961396
3670984,0.028031716
3670985,0.021275757
3670986,0.0047616763
3670987,0.012071953
3670988,0.008150287
3670989,0.014817407
3670990,0.0021886586
3670991,0.007957514
3670992,0.00701485
3670993,0.00594938
3670994,0.0020128712
3670995,0.017105734
3670996,0.0032410428
3670997,0.0046768147
3670998,0.0045453697
3670999,0.035991885
3671000,0.008013669
3671001,0.0136271985
3671002,0.010344576
3671003,0.003548612
3671004,0.019738587
3671005,0.007941029
3671006,0.0031778475
3671007,0.003918866
3671008,0.004419058
3671009,0.0062789107
3671010,0.0057138475
3671011,0.025241159
3671012,0.004058171
3671013,0.0035333482
3671014,0.0031971373
3671015,0.005147253
3671016,0.0069137155
3671017,0.006506526
3671018,0.054478772
3671019,0.0025289406
3671020,0.007022747
3671021,0.0013260412
3671022,0.0046215113
3671023,0.010300782
3671024,0.0044712215
3671025,0.01703246
3671026,0.003986045
3671027,0.008082472
3671028,0.017169828
3671029,0.01354284
3671030,0.0657197
3671031,0.002460858
3671032,0.0031195842
3671033,0.005452077
3671034,0.0074451407
3671035,0.008454117
3671036,0.012258475
3671037,0.04376745
3671038,0.016368663
3671039,0.015431448
3671040,0.013521587
3671041,0.02168504
3671042,0.02374313
3671043,0.0074556316
3671044,0.014652994
3671045,0.016807318
3671046,0.034309104
3671047,0.002974436
3671048,0.006065575
3671049,0.04451512
3671050,0.003429695
3671051,0.0063042836
3671052,0.005008219
3671053,0.01308159
3671054,0.010204757
3671055,0.058464948
3671056,0.026364567
3671057,0.002042269
3671058,0.0011210899
3671059,0.04179369
3671060,0.0063789506
3671061,0.025816947
3671062,0.003697138
3671063,0.008364215
3671064,0.024476927
3671065,0.013008467
3671066,0.0024273216
3671067,0.03211966
3671068,0.0073846234
3671069,0.009887247
3671070,0.047035623
3671071,0.0055383598
3671072,0.012265324
3671073,0.004903344
3671074,0.0057272534
3671075,0.0038461573
3671076,0.0036099402
3671077,0.0039410433
3671078,0.029107919
3671079,0.04360224
3671080,0.008477047
3671081,0.00838586
3671082,0.005568863
3671083,0.013272227
3671084,0.015092037
3671085,0.0051006023
3671086,0.0108873695
3671087,0.033916894
3671088,0.16770221
3671089,0.016282165
3671090,0.009340964
3671091,0.0018792715
3671092,0.0057426644
3671093,0.002083282
3671094,0.011117676
3671095,0.12064077
3671096,0.0036727167
3671097,0.008105951
3671098,0.012743113
3671099,0.007052827
3671100,0.009186903
3671101,0.6407343
3671102,0.010618207
3671103,0.009539807
3671104,0.016420683
3671105,0.015792757
3671106,0.01249946
3671107,0.05878392
3671108,0.005088317
3671109,0.0054046875
3671110,0.25216192
3671111,0.008200051
3671112,0.014072621
3671113,0.010429824
3671114,0.004480223
3671115,0.0067561027
3671116,0.016037174
3671117,0.0037363877
3671118,0.020553825
3671119,0.00755016
3671120,0.0058263335
3671121,0.010933011
3671122,0.0019302829
3671123,0.012743803
3671124,0.004706431
3671125,0.012765731
3671126,0.0055212025
3671127,0.00744845
3671128,0.005294969
3671129,0.01709497
3671130,0.0012146501
3671131,0.0055291336
3671132,0.012133474
3671133,0.021015061
3671134,0.0064073144
3671135,0.0022739323
3671136,0.0049909856
3671137,0.021680815
3671138,0.0030088155
3671139,0.0054208855
3671140,0.008648351
3671141,0.0018591408
3671142,0.0154562155
3671143,0.003636455
3671144,0.0055815554
3671145,0.0056348373
3671146,0.033925254
3671147,0.0073011704
3671148,0.0027278012
3671149,0.007867259
3671150,0.049426008
3671151,0.01033156
3671152,0.0040979437
3671153,0.0026500938
3671154,0.018225046
3671155,0.00622867
3671156,0.0025395693
3671157,0.026669422
3671158,0.016754026
3671159,0.055354483
3671160,0.01702657
3671161,0.006779547
3671162,0.009377057
3671163,0.017773597
3671164,0.020139493
3671165,0.018209348
3671166,0.009140378
3671167,0.010216107
3671168,0.009304038
3671169,0.016170736
3671170,0.018564232
3671171,0.019405257
3671172,0.014054196
3671173,0.009719155
3671174,0.005721443
3671175,0.015497621
3671176,0.0038376243
3671177,0.0128838485
3671178,0.07426605
3671179,0.004001523
3671180,0.009724034
3671181,0.0029716908
3671182,0.009876666
3671183,0.002620566
3671184,0.0070258263
3671185,0.010637134
3671186,0.0066860835
3671187,0.0031993978
3671188,0.011887809
3671189,0.010544224
3671190,0.00217664
3671191,0.004092716
3671192,0.016729841
3671193,0.14888202
3671194,0.0047511216
3671195,0.23629943
3671196,0.010941248
3671197,0.012425581
3671198,0.008873976
3671199,0.015235596
3671200,0.018571088
3671201,0.006173191
3671202,0.02213343
3671203,0.0053776233
3671204,0.020663701
3671205,0.0046648216
3671206,0.023781871
3671207,0.0048335553
3671208,0.0113073075
3671209,0.002141392
3671210,0.015163814
3671211,0.00816213
3671212,0.0063283434
3671213,0.0057690386
3671214,0.004255864
3671215,0.016271813
3671216,0.008337359
3671217,0.0010552709
3671218,0.0017236079
3671219,0.0037375945
3671220,0.02345691
3671221,0.010581226
3671222,0.010892177
3671223,0.016426183
3671224,0.091250606
3671225,0.0039141267
3671226,0.0060500596
3671227,0.00816213
3671228,0.028947163
3671229,0.008970969
3671230,0.01722828
3671231,0.0030837068
3671232,0.008244628
3671233,0.005836526
3671234,0.0048035914
3671235,0.009617393
3671236,0.018643543
3671237,0.013381299
3671238,0.027870528
3671239,0.01701989
3671240,0.005806346
3671241,0.0013273673
3671242,0.008688421
3671243,0.0065880613
3671244,0.09056643
3671245,0.009446292
3671246,0.0034620643
3671247,0.0062443744
3671248,0.06500606
3671249,0.02859028
3671250,0.0047097243
3671251,0.0014159522
3671252,0.0029143472
3671253,0.007562131
3671254,0.004356068
3671255,0.019438144
3671256,0.078344144
3671257,0.0048045926
3671258,0.005174472
3671259,0.0077152913
3671260,0.0052067395
3671261,0.0024461162
3671262,0.009991165
3671263,0.013153659
3671264,0.0116140945
3671265,0.0086256955
3671266,0.008239351
3671267,0.004285147
3671268,0.015463146
3671269,0.0040100305
3671270,0.0102700945
3671271,0.011613613
3671272,0.0029798
3671273,0.0065986305
3671274,0.018489698
3671275,0.009000587
3671276,0.00441407
3671277,0.007857294
3671278,0.015593431
3671279,0.0062498506
3671280,0.008526531
3671281,0.0061223577
3671282,0.02685137
3671283,0.0057775946
3671284,0.0031389035
3671285,0.003403054
3671286,0.014227099
3671287,0.004770192
3671288,0.011948352
3671289,0.010455915
3671290,0.011928284
3671291,0.003842982
3671292,0.019842904
3671293,0.0090988055
3671294,0.024811873
3671295,0.0099063385
3671296,0.10083951
3671297,0.005582768
3671298,0.0009625426
3671299,0.00554127
3671300,0.0047996836
3671301,0.0066637336
3671302,0.007973012
3671303,0.013159534
3671304,0.007573029
3671305,0.020992285
3671306,0.0030911874
3671307,0.0088795135
3671308,0.004776213
3671309,0.004525374
3671310,0.00625776
3671311,0.010996631
3671312,0.007131706
3671313,0.04384298
3671314,0.005749036
3671315,0.012996253
3671316,0.017574644
3671317,0.0080265105
3671318,0.014723321
3671319,0.016729785
3671320,0.015250504
3671321,0.007921635
3671322,0.01609273
3671323,0.0030522821
3671324,0.0047511216
3671325,0.024891175
3671326,0.0125425635
3671327,0.007930097
3671328,0.011369955
3671329,0.04704765
3671330,0.0018961257
3671331,0.009541731
3671332,0.0038787648
3671333,0.04515747
3671334,0.0039062705
3671335,0.0036891827
3671336,0.0078962715
3671337,0.028320864
3671338,0.009800692
3671339,0.0038605495
3671340,0.004188988
3671341,0.019171681
3671342,0.0110691795
3671343,0.015431244
3671344,0.007929076
3671345,0.0025490373
3671346,0.007825797
3671347,0.006859414
3671348,0.013271371
3671349,0.0166056
3671350,0.004673668
3671351,0.0021152224
3671352,0.019471273
3671353,0.008886529
3671354,0.006547336
3671355,0.010480721
3671356,0.008620815
3671357,0.0043807225
3671358,0.0070522097
3671359,0.0071916734
3671360,0.012299761
3671361,0.0025924437
3671362,0.0044709514
3671363,0.009465139
3671364,0.017790852
3671365,0.010417679
3671366,0.01022293
3671367,0.009819641
3671368,0.005283321
3671369,0.009780919
3671370,0.0074483305
3671371,0.007984776
3671372,0.019383006
3671373,0.04560654
3671374,0.019475037
3671375,0.01220838
3671376,0.007361521
3671377,0.031448673
3671378,0.024658984
3671379,0.009220083
3671380,0.009193203
3671381,0.0097931065
3671382,0.017026784
3671383,0.09482658
3671384,0.014084946
3671385,0.030222798
3671386,0.014053124
3671387,0.012619986
3671388,0.012018664
3671389,0.015966201
3671390,0.01210521
3671391,0.0045602876
3671392,0.020192096
3671393,0.011542225
3671394,0.015279155
3671395,0.012018664
3671396,0.0038474659
3671397,0.0042940145
3671398,0.010250842
3671399,0.0035928737
3671400,0.0066058203
3671401,0.0074414522
3671402,0.006763947
3671403,0.003747884
3671404,0.020339573
3671405,0.0052278843
3671406,0.008706057
3671407,0.0083318725
3671408,0.016822636
3671409,0.023050679
3671410,0.012431903
3671411,0.004232078
3671412,0.017719427
3671413,0.0045427317
3671414,0.011960986
3671415,0.02115712
3671416,0.0032577254
3671417,0.012135
3671418,0.015855359
3671419,0.026166528
3671420,0.0011078148
3671421,0.0053979815
3671422,0.013774971
3671423,0.03407171
3671424,0.010393782
3671425,0.007714868
3671426,0.005108002
3671427,0.047506496
3671428,0.003050521
3671429,0.008069954
3671430,0.013393895
3671431,0.010247988
3671432,0.0026323623
3671433,0.0030336601
3671434,0.008751082
3671435,0.008377272
3671436,0.0075725704
3671437,0.021758044
3671438,0.013704706
3671439,0.011471592
3671440,0.031015793
3671441,0.007639408
3671442,0.004493759
3671443,0.018440533
3671444,0.0025972396
3671445,0.0035166496
3671446,0.01034196
3671447,0.008141453
3671448,0.0035119487
3671449,0.003242163
3671450,0.003143486
3671451,0.39094684
3671452,0.002869821
3671453,0.009062507
3671454,0.0047318353
3671455,0.0038053833
3671456,0.096522115
3671457,0.018152494
3671458,0.0031360176
3671459,0.00908393
3671460,0.007247889
3671461,0.021340137
3671462,0.004213745
3671463,0.00872058
3671464,0.0045968886
3671465,0.010560499
3671466,0.023828475
3671467,0.004165926
3671468,0.007339355
3671469,0.0009181695
3671470,0.16203983
3671471,0.0018363511
3671472,0.0076431786
3671473,0.016995711
3671474,0.009829568
3671475,0.010443007
3671476,0.005066061
3671477,0.0058729476
3671478,0.007393623
3671479,0.010863487
3671480,0.002303653
3671481,0.004005215
3671482,0.014903298
3671483,0.007569253
3671484,0.014041297
3671485,0.0058207186
3671486,0.10073273
3671487,0.016841866
3671488,0.0023455669
3671489,0.0018370366
3671490,0.0122018205
3671491,0.0042107147
3671492,0.041335892
3671493,0.0053514782
3671494,0.023407944
3671495,0.00871692
3671496,0.008369069
3671497,0.003819377
3671498,0.025967143
3671499,0.024334684
3671500,0.015914911
3671501,0.014269915
3671502,0.0028623436
3671503,0.01798776
3671504,0.0028994111
3671505,0.013538961
3671506,0.0067688986
3671507,0.0028994111
3671508,0.009525877
3671509,0.0074255043
3671510,0.010942776
3671511,0.007959378
3671512,0.010846412
3671513,0.015286165
3671514,0.0017537794
3671515,0.0051716496
3671516,0.01767137
3671517,0.0033985497
3671518,0.009423942
3671519,0.017981444
3671520,0.028913265
3671521,0.006125341
3671522,0.050120037
3671523,0.017397521
3671524,0.006501556
3671525,0.012794054
3671526,0.019547274
3671527,0.0047378438
3671528,0.019015038
3671529,0.0032713434
3671530,0.012966077
3671531,0.014674951
3671532,0.005589922
3671533,0.009232223
3671534,0.00615282
3671535,0.0057724584
3671536,0.017675601
3671537,0.031816795
3671538,0.0044742236
3671539,0.008225527
3671540,0.005775718
3671541,0.010572085
3671542,0.030155813
3671543,0.0053943214
3671544,0.06932091
3671545,0.021721262
3671546,0.0053158724
3671547,0.005837929
3671548,0.00389473
3671549,0.017872961
3671550,0.012882902
3671551,0.0054277
3671552,0.00898618
3671553,0.010980602
3671554,0.01192189
3671555,0.0023967333
3671556,0.0024784165
3671557,0.027178835
3671558,0.007269241
3671559,0.00841275
3671560,0.070333794
3671561,0.03665726
3671562,0.004234202
3671563,0.0060811327
3671564,0.015924413
3671565,0.023758408
3671566,0.015713684
3671567,0.010410627
3671568,0.008837768
3671569,0.005953151
3671570,0.008897489
3671571,0.01206084
3671572,0.010734053
3671573,0.013383578
3671574,0.0046512694
3671575,0.005206712
3671576,0.0041347025
3671577,0.013508966
3671578,0.025683014
3671579,0.007349224
3671580,0.0034914166
3671581,0.014716025
3671582,0.0064996774
3671583,0.015960155
3671584,0.016661907
3671585,0.0013813765
3671586,0.010549379
3671587,0.007281108
3671588,0.02514961
3671589,0.0031277777
3671590,0.0063946047
3671591,0.005776077
3671592,0.008766765
3671593,0.010985383
3671594,0.371689
3671595,0.009791746
3671596,0.002594289
3671597,0.012440107
3671598,0.013868629
3671599,0.017366296
3671600,0.007160063
3671601,0.0039541884
3671602,0.020416059
3671603,0.0038769834
3671604,0.44669306
3671605,0.008968617
3671606,0.015876213
3671607,0.004406083
3671608,0.0102986675
3671609,0.44372338
3671610,0.0072818045
3671611,0.0065214923
3671612,0.01252122
3671613,0.03301291
3671614,0.0072212964
3671615,0.011334489
3671616,0.0044930554
3671617,0.0025819957
3671618,0.005012336
3671619,0.006108533
3671620,0.019231115
3671621,0.010942781
3671622,0.011177509
3671623,0.0024947904
3671624,0.0056456574
3671625,0.013121635
3671626,0.012150512
3671627,0.008198213
3671628,0.0018440096
3671629,0.45914975
3671630,0.027641509
3671631,0.070333794
3671632,0.03426562
3671633,0.0093388865
3671634,0.011884158
3671635,0.004219565
3671636,0.027007522
3671637,0.070333794
3671638,0.0020459206
3671639,0.0029753495
3671640,0.0033465454
3671641,0.0044053276
3671642,0.006191878
3671643,0.0065158876
3671644,0.015749611
3671645,0.015286165
3671646,0.007834918
3671647,0.061104175
3671648,0.0074587404
3671649,0.022728823
3671650,0.0027331559
3671651,0.01999868
3671652,0.006309029
3671653,0.0020807853
3671654,0.0050416286
3671655,0.012237124
3671656,0.0038537835
3671657,0.009713754
3671658,0.0022756292
3671659,0.003315314
3671660,0.008233851
3671661,0.010590286
3671662,0.013207482
3671663,0.013034451
3671664,0.009570534
3671665,0.009928143
3671666,0.0027175301
3671667,0.013701033
3671668,0.0075479303
3671669,0.008594399
3671670,0.011168132
3671671,0.030534629
3671672,0.0023749536
3671673,0.5433355
3671674,0.0034421778
3671675,0.0034801038
3671676,0.014390112
3671677,0.004205821
3671678,0.0051696706
3671679,0.005989836
3671680,0.0049415994
3671681,0.017257215
3671682,0.41215262
3671683,0.02464923
3671684,0.005871138
3671685,0.0069939196
3671686,0.012310749
3671687,0.0022075884
3671688,0.006322861
3671689,0.009411705
3671690,0.014454828
3671691,0.0053511458
3671692,0.13199301
3671693,0.01493275
3671694,0.012595305
3671695,0.010400155
3671696,0.0052047684
3671697,0.016754026
3671698,0.015557655
3671699,0.013207482
3671700,0.004315747
3671701,0.01075763
3671702,0.013207482
3671703,0.00199583
3671704,0.005973205
3671705,0.0026243138
3671706,0.012266254
3671707,0.006111371
3671708,0.009011546
3671709,0.017532902
3671710,0.009405604
3671711,0.0070470055
3671712,0.0018923123
3671713,0.0043109017
3671714,0.031636074
3671715,0.0048617115
3671716,0.007038062
3671717,0.071344
3671718,0.010229519
3671719,0.002764179
3671720,0.039667528
3671721,0.003192794
3671722,0.0055460315
3671723,0.0053727543
3671724,0.0026726006
3671725,0.36156595
3671726,0.0142997615
3671727,0.08904662
3671728,0.13184527
3671729,0.02306132
3671730,0.0063774884
3671731,0.012854614
3671732,0.010332901
3671733,0.00570591
3671734,0.0058338316
3671735,0.110787325
3671736,0.0090416595
3671737,0.010724427
3671738,0.65398264
3671739,0.23989546
3671740,0.016330382
3671741,0.005980769
3671742,0.0048098257
3671743,0.009246754
3671744,0.014751342
3671745,0.004725978
3671746,0.021788316
3671747,0.010121995
3671748,0.0047511216
3671749,0.010722966
3671750,0.0031669727
3671751,0.010057979
3671752,0.0024493132
3671753,0.011167669
3671754,0.00935468
3671755,0.029873112
3671756,0.017633665
3671757,0.0054603596
3671758,0.008269162
3671759,0.007251857
3671760,0.005991906
3671761,0.014702163
3671762,0.017158445
3671763,0.02140852
3671764,0.0059978166
3671765,0.0051801205
3671766,0.015802156
3671767,0.55022895
3671768,0.002914849
3671769,0.002732492
3671770,0.0053973077
3671771,0.017679268
3671772,0.009821863
3671773,0.009263413
3671774,0.0073191607
3671775,0.002866732
3671776,0.009821863
3671777,0.043809276
3671778,0.016857395
3671779,0.07390704
3671780,0.030146113
3671781,0.044912606
3671782,0.010451648
3671783,0.0069031776
3671784,0.010778841
3671785,0.43800077
3671786,0.020104175
3671787,0.015168093
3671788,0.007444235
3671789,0.012920783
3671790,0.004268334
3671791,0.006062985
3671792,0.009143497
3671793,0.0031365335
3671794,0.008744673
3671795,0.00801252
3671796,0.012927615
3671797,0.0037544772
3671798,0.003954173
3671799,0.007838191
3671800,0.001752069
3671801,0.014543095
3671802,0.038587343
3671803,0.011467548
3671804,0.0029052426
3671805,0.007930097
3671806,0.013280396
3671807,0.0019411535
3671808,0.0045110323
3671809,0.008908251
3671810,0.007030992
3671811,0.01277888
3671812,0.0083318725
3671813,0.007091699
3671814,0.006410454
3671815,0.0030730697
3671816,0.008015826
3671817,0.004045487
3671818,0.004134141
3671819,0.014741166
3671820,0.0048512993
3671821,0.0043159416
3671822,0.0045137675
3671823,0.011680397
3671824,0.011242642
3671825,0.005004212
3671826,0.0014808528
3671827,0.0043070232
3671828,0.0068939943
3671829,0.005241735
3671830,0.0023751447
3671831,0.0058271154
3671832,0.004744749
3671833,0.0043643583
3671834,0.012573618
3671835,0.005832562
3671836,0.0046375957
3671837,0.002858398
3671838,0.0019936848
3671839,0.004019784
3671840,0.005545592
3671841,0.017536337
3671842,0.006481787
3671843,0.012945461
3671844,0.0063197403
3671845,0.008924739
3671846,0.0024869626
3671847,0.0035962071
3671848,0.006258027
3671849,0.0058554374
3671850,0.0027711156
3671851,0.0069312262
3671852,0.0029698631
3671853,0.012738098
3671854,0.0049405587
3671855,0.005882256
3671856,0.014910839
3671857,0.007179516
3671858,0.007115457
3671859,0.01161705
3671860,0.0059797238
3671861,0.0025430904
3671862,0.0033444928
3671863,0.0031687296
3671864,0.0096068615
3671865,0.0041697733
3671866,0.0069553
3671867,0.0074685183
3671868,0.004092252
3671869,0.0046136263
3671870,0.0073455833
3671871,0.0057792626
3671872,0.044973303
3671873,0.0108199185
3671874,0.005021319
3671875,0.0033773715
3671876,0.014597009
3671877,0.00819957
3671878,0.0051389677
3671879,0.0075625856
3671880,0.0070649423
3671881,0.025452478
3671882,0.018195948
3671883,0.0026339416
3671884,0.011152603
3671885,0.010854483
3671886,0.02950981
3671887,0.0046901447
3671888,0.03883907
3671889,0.031445555
3671890,0.0057021673
3671891,0.004840696
3671892,0.025286084
3671893,0.050479878
3671894,0.004175908
3671895,0.025286084
3671896,0.0058248863
3671897,0.02896688
3671898,0.0015197123
3671899,0.005333404
3671900,0.016378963
3671901,0.016500846
3671902,0.0043814653
3671903,0.031442545
3671904,0.0060261604
3671905,0.04318805
3671906,0.02659794
3671907,0.0024386935
3671908,0.005025442
3671909,0.110579014
3671910,0.025714358
3671911,0.046271063
3671912,0.012609207
3671913,0.010824212
3671914,0.0023911612
3671915,0.0086835185
3671916,0.005836598
3671917,0.0031371657
3671918,0.0065185674
3671919,0.0075165834
3671920,0.004792178
3671921,0.0015388437
3671922,0.007229395
3671923,0.029250663
3671924,0.0051183263
3671925,0.0011788949
3671926,0.007842858
3671927,0.0057923435
3671928,0.012764336
3671929,0.10086991
3671930,0.07095952
3671931,0.0030280654
3671932,0.008627395
3671933,0.02162657
3671934,0.0026700317
3671935,0.09325033
3671936,0.006654602
3671937,0.0048734215
3671938,0.022786815
3671939,0.013204268
3671940,0.009000541
3671941,0.01887777
3671942,0.011974958
3671943,0.012049725
3671944,0.0012416531
3671945,0.0064650304
3671946,0.013807001
3671947,0.0041847886
3671948,0.003902307
3671949,0.027297266
3671950,0.0011368257
3671951,0.016039718
3671952,0.005976907
3671953,0.0055303792
3671954,0.0025468718
3671955,0.009239929
3671956,0.011998648
3671957,0.003432697
3671958,0.011689659
3671959,0.020379813
3671960,0.009518336
3671961,0.0018812679
3671962,0.0017164913
3671963,0.003225713
3671964,0.0010921073
3671965,0.0056550903
3671966,0.0064181276
3671967,0.024421725
3671968,0.0049104686
3671969,0.00614767
3671970,0.008372235
3671971,0.005446438
3671972,0.0069565647
3671973,0.009511891
3671974,0.007966064
3671975,0.009632815
3671976,0.0058308956
3671977,0.010031866
3671978,0.025403474
3671979,0.0025594693
3671980,0.006186522
3671981,0.012760695
3671982,0.0077633155
3671983,0.008957274
3671984,0.013757323
3671985,0.008077121
3671986,0.0033690212
3671987,0.008733814
3671988,0.01236746
3671989,0.0057093604
3671990,0.013159584
3671991,0.010530597
3671992,0.013780088
3671993,0.020271303
3671994,0.012128806
3671995,0.013278423
3671996,0.011994793
3671997,0.013311625
3671998,0.02726406
3671999,0.005922706
3672000,0.010955743
3672001,0.00990798
3672002,0.00652704
3672003,0.008424912
3672004,0.0038324962
3672005,0.01018763
3672006,0.015148383
3672007,0.007511676
3672008,0.0053178193
3672009,0.018412847
3672010,0.011167595
3672011,0.0062645893
3672012,0.02611478
3672013,0.014842948
3672014,0.005004953
3672015,0.00846757
3672016,0.008236732
3672017,0.0038474659
3672018,0.0016630278
3672019,0.012535065
3672020,0.02148751
3672021,0.00940846
3672022,0.0051309504
3672023,0.01553768
3672024,0.011129908
3672025,0.020619601
3672026,0.014539336
3672027,0.007902961
3672028,0.020490311
3672029,0.0016140161
3672030,0.005644718
3672031,0.007838867
3672032,0.015147251
3672033,0.007602084
3672034,0.01081977
3672035,0.0030198798
3672036,0.016216688
3672037,0.0021673846
3672038,0.024132697
3672039,0.002085318
3672040,0.0050765174
3672041,0.0032273263
3672042,0.0042148693
3672043,0.0030692066
3672044,0.004163596
3672045,0.0029129856
3672046,0.001354112
3672047,0.002915998
3672048,0.007583853
3672049,0.010778811
3672050,0.01252519
3672051,0.0024402507
3672052,0.008173529
3672053,0.0037571553
3672054,0.0045132665
3672055,0.0061755907
3672056,0.005274827
3672057,0.008980882
3672058,0.0055759735
3672059,0.016454525
3672060,0.020855505
3672061,0.0031813933
3672062,0.022471037
3672063,0.024877569
3672064,0.02219746
3672065,0.017329091
3672066,0.0020868152
3672067,0.018356036
3672068,0.010661178
3672069,0.0128853405
3672070,0.0059499857
3672071,0.0068438095
3672072,0.05384718
3672073,0.011207748
3672074,0.0032954265
3672075,0.016220318
3672076,0.0017311439
3672077,0.0030877027
3672078,0.0028086838
3672079,0.0026591418
3672080,0.0047511216
3672081,0.017718606
3672082,0.18494262
3672083,0.28874856
3672084,0.015645655
3672085,0.39089456
3672086,0.11218475
3672087,0.012194489
3672088,0.5304272
3672089,0.0041357805
3672090,0.020041803
3672091,0.0033876076
3672092,0.0019157386
3672093,0.0062979273
3672094,0.45555273
3672095,0.0061040735
3672096,0.015760666
3672097,0.019901412
3672098,0.010623108
3672099,0.006866912
3672100,0.020106206
3672101,0.02807782
3672102,0.014720699
3672103,0.017575303
3672104,0.002274563
3672105,0.0071306494
3672106,0.011369955
3672107,0.0071827522
3672108,0.011633915
3672109,0.0033082566
3672110,0.0077598537
3672111,0.004390404
3672112,0.0023057833
3672113,0.008903676
3672114,0.0022281152
3672115,0.006640732
3672116,0.00896785
3672117,0.00795102
3672118,0.0057398286
3672119,0.005687503
3672120,0.006729345
3672121,0.0015709776
3672122,0.0068438095
3672123,0.018600982
3672124,0.005399561
3672125,0.016287535
3672126,0.0020437166
3672127,0.0036197675
3672128,0.59720874
3672129,0.022742808
3672130,0.007596478
3672131,0.002312382
3672132,0.006436727
3672133,0.0069686077
3672134,0.015772313
3672135,0.006181614
3672136,0.010625117
3672137,0.0012717406
3672138,0.0073406096
3672139,0.011462236
3672140,0.004383481
3672141,0.006545535
3672142,0.003175373
3672143,0.006120022
3672144,0.017513806
3672145,0.011499083
3672146,0.0036000898
3672147,0.006085783
3672148,0.004235085
3672149,0.011170402
3672150,0.011015389
3672151,0.014055754
3672152,0.008154717
3672153,0.0073593296
3672154,0.014438757
3672155,0.0045933817
3672156,0.006023296
3672157,0.008991112
3672158,0.0067483513
3672159,0.016664961
3672160,0.0050478806
3672161,0.008834449
3672162,0.052280523
3672163,0.008602696
3672164,0.006298187
3672165,0.0056095785
3672166,0.02774949
3672167,0.034328375
3672168,0.0023722202
3672169,0.0034524782
3672170,0.010203211
3672171,0.0020456742
3672172,0.011465246
3672173,0.017878715
3672174,0.0039863857
3672175,0.0069851987
3672176,0.0072820107
3672177,0.0051285047
3672178,0.03820901
3672179,0.0065374374
3672180,0.0027736442
3672181,0.0073306686
3672182,0.0059949774
3672183,0.0054870467
3672184,0.0026471447
3672185,0.012322171
3672186,0.0074372343
3672187,0.025346315
3672188,0.0069388812
3672189,0.0011803838
3672190,0.016411744
3672191,0.0021718019
3672192,0.009438795
3672193,0.0029944927
3672194,0.0051034293
3672195,0.016754026
3672196,0.01304624
3672197,0.018646827
3672198,0.021307092
3672199,0.009043309
3672200,0.008337888
3672201,0.00277657
3672202,0.005694573
3672203,0.008706556
3672204,0.022232652
3672205,0.021560492
3672206,0.0038626387
3672207,0.031280324
3672208,0.03639303
3672209,0.0021182932
3672210,0.004084408
3672211,0.010253309
3672212,0.016387854
3672213,0.019318901
3672214,0.03152021
3672215,0.0020908753
3672216,0.0016778718
3672217,0.019181048
3672218,0.051857118
3672219,0.010546538
3672220,0.025238214
3672221,0.012133096
3672222,0.0047596837
3672223,0.010950608
3672224,0.0076818294
3672225,0.010066624
3672226,0.009666048
3672227,0.0039559673
3672228,0.07642133
3672229,0.006343314
3672230,0.0029989362
3672231,0.013583735
3672232,0.0068554776
3672233,0.018007178
3672234,0.0050151977
3672235,0.0017413078
3672236,0.0051167067
3672237,0.017177159
3672238,0.0066492683
3672239,0.06150469
3672240,0.008627069
3672241,0.006607504
3672242,0.00753907
3672243,0.0032486536
3672244,0.012909331
3672245,0.017592996
3672246,0.016012438
3672247,0.00544463
3672248,0.0023717822
3672249,0.012600223
3672250,0.0056745443
3672251,0.0047369874
3672252,0.019236742
3672253,0.041068442
3672254,0.011483257
3672255,0.012864111
3672256,0.021173088
3672257,0.005225177
3672258,0.042052675
3672259,0.0008422967
3672260,0.001891582
3672261,0.0063928715
3672262,0.022273768
3672263,0.016091343
3672264,0.00817482
3672265,0.1088805
3672266,0.009088966
3672267,0.0031206047
3672268,0.01697174
3672269,0.0355429
3672270,0.04536403
3672271,0.03325119
3672272,0.009595925
3672273,0.015262503
3672274,0.009512372
3672275,0.0040447647
3672276,0.004201913
3672277,0.015038603
3672278,0.010299071
3672279,0.0028236264
3672280,0.25550497
3672281,0.010806581
3672282,0.08893281
3672283,0.014334564
3672284,0.010856823
3672285,0.031073334
3672286,0.013174795
3672287,0.0049799136
3672288,0.031064412
3672289,0.0026405137
3672290,0.0023045824
3672291,0.011154538
3672292,0.008819813
3672293,0.015537243
3672294,0.0058780946
3672295,0.018992854
3672296,0.015354351
3672297,0.009300465
3672298,0.018670214
3672299,0.0020968325
3672300,0.015018126
3672301,0.008246434
3672302,0.014252072
3672303,0.009191245
3672304,0.006675716
3672305,0.017211786
3672306,0.0035782687
3672307,0.0019106542
3672308,0.012580571
3672309,0.0048493496
3672310,0.0054622837
3672311,0.0040897145
3672312,0.008664862
3672313,0.0064338245
3672314,0.0057369336
3672315,0.0038474659
3672316,0.0070978636
3672317,0.007692109
3672318,0.002669194
3672319,0.017001519
3672320,0.010447522
3672321,0.013236199
3672322,0.005339608
3672323,0.0040334947
3672324,0.013759943
3672325,0.005397536
3672326,0.021514194
3672327,0.017211786
3672328,0.012279948
3672329,0.017323166
3672330,0.017211786
3672331,0.008188015
3672332,0.0034704974
3672333,0.01229825
3672334,0.0040486734
3672335,0.07213486
3672336,0.0138277095
3672337,0.0060829804
3672338,0.008219017
3672339,0.004097329
3672340,0.0070018386
3672341,0.01777065
3672342,0.0100859245
3672343,0.005855654
3672344,0.044665914
3672345,0.014513889
3672346,0.037255853
3672347,0.005858128
3672348,0.008265787
3672349,0.0077854153
3672350,0.023070658
3672351,0.010432206
3672352,0.003355824
3672353,0.0064176135
3672354,0.004917746
3672355,0.014722298
3672356,0.017330928
3672357,0.009276252
3672358,0.007347315
3672359,0.0024947145
3672360,0.020911407
3672361,0.020493891
3672362,0.007993362
3672363,0.0093747135
3672364,0.00672184
3672365,0.007299557
3672366,0.009768721
3672367,0.0036625096
3672368,0.002989935
3672369,0.03286071
3672370,0.0026274058
3672371,0.05416773
3672372,0.00520231
3672373,0.07912474
3672374,0.029400773
3672375,0.021647237
3672376,0.023301592
3672377,0.13400449
3672378,0.0031042902
3672379,0.039510883
3672380,0.061457466
3672381,0.028529333
3672382,0.00941311
3672383,0.12502788
3672384,0.036242492
3672385,0.0041305535
3672386,0.0029230372
3672387,0.004854466
3672388,0.003404702
3672389,0.01596137
3672390,0.009583904
3672391,0.0053273644
3672392,0.00814589
3672393,0.0067372597
3672394,0.012287411
3672395,0.0064293914
3672396,0.019637406
3672397,0.007883312
3672398,0.005429793
3672399,0.010510096
3672400,0.0141931875
3672401,0.0019617195
3672402,0.011524212
3672403,0.008864787
3672404,0.0061553395
3672405,0.002006989
3672406,0.005260575
3672407,0.004074477
3672408,0.0061288923
3672409,0.013768215
3672410,0.008962394
3672411,0.0032444012
3672412,0.100268364
3672413,0.005337716
3672414,0.022435326
3672415,0.011266047
3672416,0.004270367
3672417,0.008711883
3672418,0.004076622
3672419,0.0036053602
3672420,0.0047129444
3672421,0.007121533
3672422,0.0120155215
3672423,0.017921256
3672424,0.008323115
3672425,0.012504635
3672426,0.010056953
3672427,0.0058673657
3672428,0.008013669
3672429,0.00469693
3672430,0.006064876
3672431,0.011108443
3672432,0.009583904
3672433,0.011260062
3672434,0.005457732
3672435,0.004163511
3672436,0.026291026
3672437,0.006289768
3672438,0.025704129
3672439,0.008598943
3672440,0.0120155215
3672441,0.006314754
3672442,0.018773325
3672443,0.0045818277
3672444,0.0018613099
3672445,0.022234932
3672446,0.0076524615
3672447,0.00704437
3672448,0.014505454
3672449,0.008397331
3672450,0.013623064
3672451,0.005353273
3672452,0.010957975
3672453,0.0072545754
3672454,0.011167911
3672455,0.0038191734
3672456,0.007596478
3672457,0.0024026828
3672458,0.004309355
3672459,0.003944296
3672460,0.004734816
3672461,0.004418951
3672462,0.0118191
3672463,0.002664775
3672464,0.016635988
3672465,0.048930656
3672466,0.59854
3672467,0.014728081
3672468,0.007557334
3672469,0.0050680107
3672470,0.011693247
3672471,0.018341666
3672472,0.014781234
3672473,0.004601261
3672474,0.08479558
3672475,0.009355714
3672476,0.019948566
3672477,0.005413877
3672478,0.013379366
3672479,0.24122106
3672480,0.002314123
3672481,0.0026005001
3672482,0.3178254
3672483,0.07874632
3672484,0.012153958
3672485,0.34750697
3672486,0.0057038595
3672487,0.0055795126
3672488,0.0045528626
3672489,0.045122266
3672490,0.0048946706
3672491,0.033502854
3672492,0.0040354338
3672493,0.010860961
3672494,0.011862049
3672495,0.014812166
3672496,0.0030475408
3672497,0.0061825337
3672498,0.050035663
3672499,0.010569501
3672500,0.0048907287
3672501,0.018908901
3672502,0.02538074
3672503,0.007444493
3672504,0.007692109
3672505,0.002370888
3672506,0.011455825
3672507,0.012504635
3672508,0.004174807
3672509,0.0245797
3672510,0.016593007
3672511,0.007158043
3672512,0.0016609558
3672513,0.009976993
3672514,0.006154987
3672515,0.0046547567
3672516,0.009791441
3672517,0.006183084
3672518,0.021049747
3672519,0.0936526
3672520,0.024995312
3672521,0.0029808881
3672522,0.006692201
3672523,0.008358983
3672524,0.022451213
3672525,0.013503986
3672526,0.0034754616
3672527,0.0040754643
3672528,0.037196808
3672529,0.0041582533
3672530,0.0063494635
3672531,0.0050456654
3672532,0.017144628
3672533,0.007100545
3672534,0.0044719917
3672535,0.04969624
3672536,0.015893089
3672537,0.0073244493
3672538,0.0038641437
3672539,0.13054478
3672540,0.006526743
3672541,0.0037861587
3672542,0.006302211
3672543,0.008760911
3672544,0.026545774
3672545,0.21112123
3672546,0.023218982
3672547,0.0017423192
3672548,0.005045129
3672549,0.018474068
3672550,0.009652332
3672551,0.011693247
3672552,0.02620042
3672553,0.0034517844
3672554,0.013898326
3672555,0.0016918925
3672556,0.010458569
3672557,0.01299821
3672558,0.008996552
3672559,0.015269121
3672560,0.0024792608
3672561,0.005197153
3672562,0.0050074304
3672563,0.025367957
3672564,0.027712587
3672565,0.005658355
3672566,0.0061556604
3672567,0.012609207
3672568,0.003097184
3672569,0.0061359024
3672570,0.12734205
3672571,0.0031275607
3672572,0.00892846
3672573,0.040147163
3672574,0.013891402
3672575,0.02279947
3672576,0.013468978
3672577,0.012566433
3672578,0.0014134375
3672579,0.00652704
3672580,0.007960063
3672581,0.010673432
3672582,0.0078043304
3672583,0.009486323
3672584,0.007022747
3672585,0.03221642
3672586,0.03320081
3672587,0.005889287
3672588,0.017738558
3672589,0.017216489
3672590,0.003081282
3672591,0.0055694995
3672592,0.00158934
3672593,0.011087871
3672594,0.0128791295
3672595,0.00716788
3672596,0.006619273
3672597,0.008060379
3672598,0.009485727
3672599,0.002928934
3672600,0.0046231197
3672601,0.014478098
3672602,0.008926258
3672603,0.010400155
3672604,0.028188843
3672605,0.0037444616
3672606,0.011964858
3672607,0.0028625994
3672608,0.005640336
3672609,0.013563815
3672610,0.18500437
3672611,0.027494103
3672612,0.009600584
3672613,0.0044401768
3672614,0.14382319
3672615,0.009854773
3672616,0.0045510433
3672617,0.0076792496
3672618,0.049263492
3672619,0.20923905
3672620,0.014112863
3672621,0.002220897
3672622,0.0037998185
3672623,0.0054273736
3672624,0.0073861266
3672625,0.0048702476
3672626,0.029329997
3672627,0.0031700917
3672628,0.011242938
3672629,0.011609814
3672630,0.0030737475
3672631,0.029157665
3672632,0.0058678556
3672633,0.00464254
3672634,0.004026318
3672635,0.011256915
3672636,0.0040948703
3672637,0.005790073
3672638,0.021553388
3672639,0.007312591
3672640,0.034578957
3672641,0.0073690056
3672642,0.0037283518
3672643,0.005364609
3672644,0.015997997
3672645,0.00930101
3672646,0.02089749
3672647,0.0035473055
3672648,0.018362636
3672649,0.009266205
3672650,0.01155456
3672651,0.011872952
3672652,0.003865985
3672653,0.011442942
3672654,0.0124771325
3672655,0.03768306
3672656,0.003801053
3672657,0.008291634
3672658,0.015122189
3672659,0.005597346
3672660,0.5864187
3672661,0.6139772
3672662,0.0056567825
3672663,0.015601792
3672664,0.0068738097
3672665,0.004836015
3672666,0.18519954
3672667,0.011155537
3672668,0.010730945
3672669,0.0061599473
3672670,0.013823705
3672671,0.008253226
3672672,0.005465134
3672673,0.0058505097
3672674,0.12214241
3672675,0.0039021927
3672676,0.00439173
3672677,0.4650049
3672678,0.037218817
3672679,0.50196564
3672680,0.0025519887
3672681,0.022464743
3672682,0.0095174145
3672683,0.019736025
3672684,0.016554791
3672685,0.0046622367
3672686,0.0030881867
3672687,0.014348692
3672688,0.005995895
3672689,0.01675031
3672690,0.012372079
3672691,0.036319043
3672692,0.04632469
3672693,0.041129798
3672694,0.01523848
3672695,0.049965464
3672696,0.005749036
3672697,0.0028497225
3672698,0.013557028
3672699,0.0047856485
3672700,0.020465352
3672701,0.008834957
3672702,0.013498822
3672703,0.02422245
3672704,0.032521036
3672705,0.0012341482
3672706,0.0035772093
3672707,0.004733266
3672708,0.0023561576
3672709,0.011914871
3672710,0.007535913
3672711,0.009766406
3672712,0.096298166
3672713,0.007707808
3672714,0.0058971485
3672715,0.007896496
3672716,0.013233614
3672717,0.04724472
3672718,0.051317204
3672719,0.0039255205
3672720,0.014009434
3672721,0.0040419456
3672722,0.009711172
3672723,0.0046965843
3672724,0.027674338
3672725,0.013520111
3672726,0.024940254
3672727,0.009557069
3672728,0.018447261
3672729,0.016630372
3672730,0.104241975
3672731,0.012256264
3672732,0.006466145
3672733,0.009850447
3672734,0.024747621
3672735,0.0055903755
3672736,0.019712709
3672737,0.06855594
3672738,0.03259405
3672739,0.002999039
3672740,0.006299491
3672741,0.0047293208
3672742,0.0028593726
3672743,0.0043676957
3672744,0.007197876
3672745,0.18047589
3672746,0.017976006
3672747,0.0062150313
3672748,0.008430096
3672749,0.0061287503
3672750,0.031816833
3672751,0.004405031
3672752,0.048245147
3672753,0.0072718356
3672754,0.08094526
3672755,0.011564651
3672756,0.003156727
3672757,0.007930097
3672758,0.002127043
3672759,0.0043182843
3672760,0.0119398385
3672761,0.059799317
3672762,0.0025985949
3672763,0.030101506
3672764,0.0043363785
3672765,0.00528969
3672766,0.0377026
3672767,0.012367838
3672768,0.0056340336
3672769,0.014066703
3672770,0.0065465644
3672771,0.0014363239
3672772,0.0073454375
3672773,0.0016155273
3672774,0.008656695
3672775,0.010136433
3672776,0.00564882
3672777,0.032872897
3672778,0.0030581004
3672779,0.034403123
3672780,0.0051460396
3672781,0.014814408
3672782,0.00995138
3672783,0.0040409802
3672784,0.004147435
3672785,0.0049905693
3672786,0.008159736
3672787,0.007172218
3672788,0.010257539
3672789,0.0015566406
3672790,0.0018856379
3672791,0.0028373918
3672792,0.010784796
3672793,0.003371392
3672794,0.0056379586
3672795,0.0030423936
3672796,0.0063687647
3672797,0.010659679
3672798,0.0057801725
3672799,0.0058676107
3672800,0.005142572
3672801,0.0062063104
3672802,0.015435853
3672803,0.02835045
3672804,0.005933268
3672805,0.0074590547
3672806,0.005851583
3672807,0.016312484
3672808,0.007386005
3672809,0.0090614455
3672810,0.01097189
3672811,0.005148003
3672812,0.002979062
3672813,0.030277282
3672814,0.0070401793
3672815,0.010533767
3672816,0.009870535
3672817,0.007776123
3672818,0.0054151737
3672819,0.01584943
3672820,0.025375891
3672821,0.0070903026
3672822,0.026794953
3672823,0.00808267
3672824,0.0035559996
3672825,0.01584943
3672826,0.01617283
3672827,0.02806932
3672828,0.01584943
3672829,0.005622998
3672830,0.0027419848
3672831,0.0021751327
3672832,0.010784415
3672833,0.004249473
3672834,0.036269657
3672835,0.063786544
3672836,0.06826175
3672837,0.014266898
3672838,0.00056685007
3672839,0.009589066
3672840,0.018462801
3672841,0.00921215
3672842,0.047681548
3672843,0.015583486
3672844,0.012048881
3672845,0.036781203
3672846,0.02696654
3672847,0.005544393
3672848,0.00450966
3672849,0.032462157
3672850,0.047237147
3672851,0.005800156
3672852,0.006400664
3672853,0.0026945486
3672854,0.025697948
3672855,0.0017545526
3672856,0.008141611
3672857,0.013699867
3672858,0.004044396
3672859,0.018006181
3672860,0.004067392
3672861,0.005393961
3672862,0.004270367
3672863,0.0039796815
3672864,0.007943129
3672865,0.012700166
3672866,0.0064546065
3672867,0.0017165304
3672868,0.0040421374
3672869,0.010080185
3672870,0.0063654766
3672871,0.0035360307
3672872,0.008012199
3672873,0.004777351
3672874,0.017167944
3672875,0.00437696
3672876,0.0037446893
3672877,0.0074252686
3672878,0.0067293537
3672879,0.027222222
3672880,0.016866857
3672881,0.005967922
3672882,0.0040767826
3672883,0.011089157
3672884,0.020752767
3672885,0.0036680955
3672886,0.027546374
3672887,0.06235328
3672888,0.002458626
3672889,0.006366701
3672890,0.024739722
3672891,0.007969821
3672892,0.009394836
3672893,0.010225228
3672894,0.023939785
3672895,0.014078219
3672896,0.02469618
3672897,0.03397928
3672898,0.046526432
3672899,0.010480552
3672900,0.004326111
3672901,0.010202653
3672902,0.008849341
3672903,0.008032648
3672904,0.03368511
3672905,0.0037512167
3672906,0.027701283
3672907,0.01702096
3672908,0.0022588302
3672909,0.07236646
3672910,0.0070648286
3672911,0.0145705445
3672912,0.14862521
3672913,0.0143244425
3672914,0.01212098
3672915,0.00931435
3672916,0.009890174
3672917,0.32752255
3672918,0.03651406
3672919,0.007825979
3672920,0.009623003
3672921,0.007249131
3672922,0.010187673
3672923,0.007084293
3672924,0.01507396
3672925,0.0032084465
3672926,0.006527306
3672927,0.0022679316
3672928,0.024080448
3672929,0.015613814
3672930,0.003433043
3672931,0.007616657
3672932,0.0056080627
3672933,0.0023230398
3672934,0.0026768784
3672935,0.006933994
3672936,0.0038417901
3672937,0.007903444
3672938,0.00829882
3672939,0.02139807
3672940,0.03556266
3672941,0.0053451317
3672942,0.010062737
3672943,0.008926992
3672944,0.07271933
3672945,0.010033525
3672946,0.0029987735
3672947,0.02478844
3672948,0.029471379
3672949,0.011742099
3672950,0.005158742
3672951,0.004171726
3672952,0.006644489
3672953,0.0035045922
3672954,0.0076716295
3672955,0.0048793685
3672956,0.0113811735
3672957,0.013715809
3672958,0.021190211
3672959,0.0048302994
3672960,0.026262147
3672961,0.014994022
3672962,0.00398681
3672963,0.007840644
3672964,0.014419695
3672965,0.011273278
3672966,0.025450904
3672967,0.012517842
3672968,0.014738908
3672969,0.003215144
3672970,0.009019913
3672971,0.008689501
3672972,0.006774912
3672973,0.025272409
3672974,0.008829781
3672975,0.011357735
3672976,0.0015294243
3672977,0.0016060042
3672978,0.0026508423
3672979,0.007533574
3672980,0.005222379
3672981,0.0032661154
3672982,0.008886898
3672983,0.0061767553
3672984,0.024967339
3672985,0.015472222
3672986,0.0039767493
3672987,0.012048777
3672988,0.008528297
3672989,0.011137957
3672990,0.008115012
3672991,0.013634033
3672992,0.019193243
3672993,0.0056104115
3672994,0.033326197
3672995,0.011337167
3672996,0.0075743515
3672997,0.025061093
3672998,0.0044719833
3672999,0.020358576
3673000,0.006855624
3673001,0.012429081
3673002,0.0027230617
3673003,0.018672738
3673004,0.0049323677
3673005,0.0025668375
3673006,0.008109199
3673007,0.0019211712
3673008,0.009074672
3673009,0.02966102
3673010,0.0387133
3673011,0.06315414
3673012,0.012128759
3673013,0.0026568284
3673014,0.02530489
3673015,0.010318974
3673016,0.007486442
3673017,0.010894161
3673018,0.018722687
3673019,0.021753848
3673020,0.018176965
3673021,0.0060823113
3673022,0.0052089407
3673023,0.003653462
3673024,0.004257141
3673025,0.003850521
3673026,0.0049765073
3673027,0.047193367
3673028,0.0029709295
3673029,0.0020274925
3673030,0.0015784363
3673031,0.007378167
3673032,0.0040577645
3673033,0.06665611
3673034,0.00154698
3673035,0.11701199
3673036,0.06932091
3673037,0.004501599
3673038,0.070333794
3673039,0.012436792
3673040,0.070333794
3673041,0.070333794
3673042,0.00941971
3673043,0.0037241955
3673044,0.008298184
3673045,0.007626513
3673046,0.020936856
3673047,0.004653632
3673048,0.012553458
3673049,0.0760068
3673050,0.007962583
3673051,0.005005796
3673052,0.00989101
3673053,0.004939443
3673054,0.003777123
3673055,0.055830117
3673056,0.023813564
3673057,0.0050805355
3673058,0.01831114
3673059,0.0034104167
3673060,0.0023219096
3673061,0.024920061
3673062,0.003571179
3673063,0.010004466
3673064,0.0038230652
3673065,0.0025415474
3673066,0.010703711
3673067,0.0056178435
3673068,0.0019964457
3673069,0.024135727
3673070,0.0117262015
3673071,0.002068276
3673072,0.0065392586
3673073,0.005808722
3673074,0.052243367
3673075,0.55640143
3673076,0.01060309
3673077,0.004282625
3673078,0.0016242764
3673079,0.016356615
3673080,0.0054626153
3673081,0.013774924
3673082,0.007896301
3673083,0.007839791
3673084,0.0077767414
3673085,0.0016017823
3673086,0.0038489995
3673087,0.01175084
3673088,0.001929921
3673089,0.021388052
3673090,0.0024726326
3673091,0.0040772455
3673092,0.002671945
3673093,0.0032475854
3673094,0.017295167
3673095,0.014939829
3673096,0.006370699
3673097,0.0057639726
3673098,0.007359155
3673099,0.0047935494
3673100,0.0065506096
3673101,0.07522406
3673102,0.0044811806
3673103,0.004994075
3673104,0.0026650806
3673105,0.09192753
3673106,0.026116714
3673107,0.003971185
3673108,0.004235857
3673109,0.007996542
3673110,0.0029669434
3673111,0.016743071
3673112,0.009869021
3673113,0.0040543824
3673114,0.028148834
3673115,0.05312889
3673116,0.043143287
3673117,0.026174018
3673118,0.0074571515
3673119,0.0047956654
3673120,0.009572898
3673121,0.011222401
3673122,0.004632046
3673123,0.008613394
3673124,0.004244327
3673125,0.007444958
3673126,0.0029319143
3673127,0.0070504267
3673128,0.0076607256
3673129,0.011685578
3673130,0.021411253
3673131,0.051641893
3673132,0.009396065
3673133,0.008780859
3673134,0.010010116
3673135,0.0018329002
3673136,0.005513667
3673137,0.0040324433
3673138,0.004691211
3673139,0.018976359
3673140,0.016129216
3673141,0.0026621672
3673142,0.013890003
3673143,0.011782789
3673144,0.0027134314
3673145,0.0064233933
3673146,0.003704056
3673147,0.17970367
3673148,0.011380154
3673149,0.028245196
3673150,0.01364474
3673151,0.0039056726
3673152,0.025083087
3673153,0.09215099
3673154,0.005393403
3673155,0.0126880575
3673156,0.007046502
3673157,0.014080802
3673158,0.12248698
3673159,0.040263243
3673160,0.0050205784
3673161,0.014568012
3673162,0.13355342
3673163,0.0024709417
3673164,0.018414985
3673165,0.0029905147
3673166,0.08840499
3673167,0.009032192
3673168,0.018667564
3673169,0.0028062153
3673170,0.02239878
3673171,0.018840017
3673172,0.13370085
3673173,0.014242108
3673174,0.0051144813
3673175,0.008927574
3673176,0.010914289
3673177,0.0033541864
3673178,0.004221535
3673179,0.06683324
3673180,0.010909153
3673181,0.0052948254
3673182,0.0022833974
3673183,0.010963345
3673184,0.009515027
3673185,0.048575353
3673186,0.013692968
3673187,0.013526937
3673188,0.01852476
3673189,0.0012193014
3673190,0.045972407
3673191,0.0047803307
3673192,0.0101208575
3673193,0.04880643
3673194,0.018274829
3673195,0.009869245
3673196,0.005989362
3673197,0.023135725
3673198,0.0058375746
3673199,0.009358003
3673200,0.01153327
3673201,0.02543428
3673202,0.01175511
3673203,0.0032132631
3673204,0.006737477
3673205,0.004353721
3673206,0.0058884164
3673207,0.025065435
3673208,0.0065087792
3673209,0.006699959
3673210,0.013193469
3673211,0.00988733
3673212,0.009506519
3673213,0.036446255
3673214,0.009147856
3673215,0.0077831326
3673216,0.010074382
3673217,0.007786082
3673218,0.0059473156
3673219,0.008408838
3673220,0.019508418
3673221,0.009763395
3673222,0.0067903567
3673223,0.004390927
3673224,0.068815306
3673225,0.0071856673
3673226,0.0134544335
3673227,0.015217178
3673228,0.002615583
3673229,0.0031577537
3673230,0.013095344
3673231,0.005781592
3673232,0.011203516
3673233,0.0052650385
3673234,0.012998302
3673235,0.007964602
3673236,0.0017739091
3673237,0.011260859
3673238,0.0102304695
3673239,0.07106926
3673240,0.02735488
3673241,0.08409757
3673242,0.014764772
3673243,0.050285123
3673244,0.0134576745
3673245,0.009552336
3673246,0.002762459
3673247,0.008453229
3673248,0.004157602
3673249,0.0039975718
3673250,0.005560393
3673251,0.013190215
3673252,0.009137831
3673253,0.027813353
3673254,0.06924611
3673255,0.0031808775
3673256,0.011819941
3673257,0.034041595
3673258,0.034777287
3673259,0.010540359
3673260,0.0026230922
3673261,0.008897362
3673262,0.013847014
3673263,0.006164258
3673264,0.0062779826
3673265,0.0148385195
3673266,0.06924611
3673267,0.013297659
3673268,0.0048079747
3673269,0.013207482
3673270,0.0019580594
3673271,0.0055412366
3673272,0.008156383
3673273,0.002765169
3673274,0.0024493132
3673275,0.0029067558
3673276,0.004317231
3673277,0.052925922
3673278,0.10807068
3673279,0.013207482
3673280,0.0022739475
3673281,0.056823373
3673282,0.009953222
3673283,0.006901978
3673284,0.0051985974
3673285,0.004720013
3673286,0.005123481
3673287,0.057247438
3673288,0.013280627
3673289,0.005056046
3673290,0.0031295014
3673291,0.0060704034
3673292,0.011056914
3673293,0.004036958
3673294,0.0019767738
3673295,0.004881216
3673296,0.03957126
3673297,0.008877222
3673298,0.00301595
3673299,0.03786358
3673300,0.0178876
3673301,0.058320787
3673302,0.027743367
3673303,0.029483326
3673304,0.004532894
3673305,0.01110573
3673306,0.013974417
3673307,0.073460735
3673308,0.0058175707
3673309,0.0049690777
3673310,0.009004629
3673311,0.013449876
3673312,0.010562975
3673313,0.015969893
3673314,0.0030226677
3673315,0.013944422
3673316,0.05342339
3673317,0.040465742
3673318,0.032235213
3673319,0.013986617
3673320,0.004094526
3673321,0.006978623
3673322,0.003677221
3673323,0.0075676017
3673324,0.010529826
3673325,0.00974685
3673326,0.14866081
3673327,0.0035831889
3673328,0.017689515
3673329,0.0045466796
3673330,0.032604806
3673331,0.09482615
3673332,0.011073654
3673333,0.024890324
3673334,0.0077260933
3673335,0.0062495014
3673336,0.012573618
3673337,0.0046813693
3673338,0.0044594416
3673339,0.008135502
3673340,0.0108808605
3673341,0.009843273
3673342,0.0070825955
3673343,0.0055337185
3673344,0.0026793184
3673345,0.004483227
3673346,0.023093319
3673347,0.0045393817
3673348,0.015039549
3673349,0.0022893548
3673350,0.0035834424
3673351,0.0066820877
3673352,0.02330462
3673353,0.0041908817
3673354,0.0047511216
3673355,0.005331313
3673356,0.0020892632
3673357,0.025302295
3673358,0.037292104
3673359,0.007899952
3673360,0.012601693
3673361,0.05133248
3673362,0.0070859296
3673363,0.006042574
3673364,0.007366624
3673365,0.012002198
3673366,0.009958011
3673367,0.017527146
3673368,0.0109376265
3673369,0.016564732
3673370,0.015850248
3673371,0.004108456
3673372,0.0037803145
3673373,0.014825588
3673374,0.009814603
3673375,0.0035211858
3673376,0.007549399
3673377,0.026348893
3673378,0.094811246
3673379,0.01927953
3673380,0.007080222
3673381,0.08081561
3673382,0.0028572988
3673383,0.0028520513
3673384,0.005804692
3673385,0.021878589
3673386,0.0030444334
3673387,0.031942595
3673388,0.06872232
3673389,0.06872232
3673390,0.0066139796
3673391,0.009968123
3673392,0.0031345482
3673393,0.053325884
3673394,0.1709248
3673395,0.008891074
3673396,0.1274653
3673397,0.008595703
3673398,0.085394
3673399,0.0026259343
3673400,0.12574571
3673401,0.01877976
3673402,0.005104773
3673403,0.0023161662
3673404,0.0052743717
3673405,0.046780933
3673406,0.028946392
3673407,0.015092193
3673408,0.021007298
3673409,0.010179632
3673410,0.0061591477
3673411,0.004067477
3673412,0.017808026
3673413,0.002587529
3673414,0.0027360546
3673415,0.02673924
3673416,0.04267425
3673417,0.008302215
3673418,0.016479231
3673419,0.0031730358
3673420,0.006481056
3673421,0.00394551
3673422,0.004400652
3673423,0.008100551
3673424,0.008975329
3673425,0.016107468
3673426,0.011322103
3673427,0.021870788
3673428,0.0060006604
3673429,0.0059815263
3673430,0.008551035
3673431,0.0045444528
3673432,0.024166813
3673433,0.0022461389
3673434,0.01697961
3673435,0.0034541835
3673436,0.001457823
3673437,0.01675247
3673438,0.014914383
3673439,0.0021446713
3673440,0.004748099
3673441,0.00438571
3673442,0.003197499
3673443,0.005424576
3673444,0.0045063216
3673445,0.020253181
3673446,0.008048911
3673447,0.007781656
3673448,0.0031617081
3673449,0.010548463
3673450,0.0043240967
3673451,0.007869246
3673452,0.014119195
3673453,0.0035982959
3673454,0.00802333
3673455,0.026173582
3673456,0.020663455
3673457,0.007782075
3673458,0.013764642
3673459,0.018303161
3673460,0.03088281
3673461,0.008444222
3673462,0.014034816
3673463,0.011108695
3673464,0.0049410183
3673465,0.0053179
3673466,0.008782429
3673467,0.010378044
3673468,0.016818117
3673469,0.002470929
3673470,0.0030527029
3673471,0.008814741
3673472,0.010126941
3673473,0.009052941
3673474,0.001372289
3673475,0.0025400755
3673476,0.025851415
3673477,0.00311997
3673478,0.009788677
3673479,0.013684862
3673480,0.025753887
3673481,0.0085984105
3673482,0.005932829
3673483,0.06900191
3673484,0.015132455
3673485,0.003024962
3673486,0.0063193184
3673487,0.0024781395
3673488,0.041582294
3673489,0.0059074135
3673490,0.0036412976
3673491,0.012388176
3673492,0.0047792755
3673493,0.014015962
3673494,0.0052448213
3673495,0.010620682
3673496,0.0033870747
3673497,0.004430916
3673498,0.006603802
3673499,0.0054099495
3673500,0.03713473
3673501,0.0034636424
3673502,0.0058685844
3673503,0.013577602
3673504,0.020431865
3673505,0.030486813
3673506,0.0075499164
3673507,0.0066012912
3673508,0.009327573
3673509,0.008247179
3673510,0.00163158
3673511,0.016207973
3673512,0.0075725853
3673513,0.0022942876
3673514,0.0046731955
3673515,0.07062177
3673516,0.0024180044
3673517,0.008843003
3673518,0.0015245185
3673519,0.0060256524
3673520,0.021074006
3673521,0.0033814732
3673522,0.011693247
3673523,0.009775301
3673524,0.005688571
3673525,0.008712727
3673526,0.025198003
3673527,0.0038615568
3673528,0.008799065
3673529,0.0029476169
3673530,0.010062362
3673531,0.009185284
3673532,0.0051558674
3673533,0.0057766964
3673534,0.010593809
3673535,0.0030048045
3673536,0.0090627335
3673537,0.006335457
3673538,0.0052745393
3673539,0.005040332
3673540,0.010127797
3673541,0.0015685383
3673542,0.010008151
3673543,0.0049345754
3673544,0.011026438
3673545,0.01711555
3673546,0.0061611007
3673547,0.003998466
3673548,0.0036804876
3673549,0.003932037
3673550,0.014966574
3673551,0.010465115
3673552,0.014965892
3673553,0.0028288148
3673554,0.008891721
3673555,0.02927873
3673556,0.053068858
3673557,0.01011801
3673558,0.002172304
3673559,0.004715034
3673560,0.006592679
3673561,0.010390011
3673562,0.0014736216
3673563,0.062168576
3673564,0.0064946814
3673565,0.0038802554
3673566,0.018811224
3673567,0.0083815195
3673568,0.018566864
3673569,0.010485454
3673570,0.011362501
3673571,0.007270118
3673572,0.007570782
3673573,0.016871136
3673574,0.013382916
3673575,0.0072433893
3673576,0.0033567776
3673577,0.0024443888
3673578,0.024271788
3673579,0.0066252677
3673580,0.0060538314
3673581,0.014344309
3673582,0.004951753
3673583,0.005692
3673584,0.023858927
3673585,0.007291155
3673586,0.05558655
3673587,0.0093356045
3673588,0.01462304
3673589,0.017757962
3673590,0.01184954
3673591,0.010711343
3673592,0.009020113
3673593,0.0026195466
3673594,0.023355827
3673595,0.10233083
3673596,0.006921728
3673597,0.0023998956
3673598,0.0049225455
3673599,0.014989952
3673600,0.0053323675
3673601,0.0041454816
3673602,0.01079742
3673603,0.022634659
3673604,0.008447017
3673605,0.0033156972
3673606,0.01653269
3673607,0.0090877125
3673608,0.017110897
3673609,0.002916876
3673610,0.015905906
3673611,0.010566839
3673612,0.009081556
3673613,0.010288364
3673614,0.00884843
3673615,0.0031949044
3673616,0.002886257
3673617,0.011369955
3673618,0.007108591
3673619,0.010222569
3673620,0.0064125075
3673621,0.008990492
3673622,0.009467241
3673623,0.0044449875
3673624,0.029549904
3673625,0.026240317
3673626,0.025567483
3673627,0.0172588
3673628,0.0113140745
3673629,0.14510328
3673630,0.040760215
3673631,0.014040057
3673632,0.0052445554
3673633,0.0030900459
3673634,0.0057371976
3673635,0.004447731
3673636,0.012558603
3673637,0.0063557513
3673638,0.0072453264
3673639,0.0043337606
3673640,0.0034317055
3673641,0.0068380525
3673642,0.004681258
3673643,0.009095676
3673644,0.004401954
3673645,0.011482526
3673646,0.013709632
3673647,0.017695457
3673648,0.0029554765
3673649,0.0049924636
3673650,0.0066792625
3673651,0.0066780318
3673652,0.0035113965
3673653,0.008057955
3673654,0.0061928844
3673655,0.003435161
3673656,0.00865316
3673657,0.014077067
3673658,0.018699616
3673659,0.016700787
3673660,0.00605888
3673661,0.021752447
3673662,0.013433803
3673663,0.01261271
3673664,0.014394852
3673665,0.022849215
3673666,0.0075325756
3673667,0.0058406084
3673668,0.0059223943
3673669,0.011285999
3673670,0.004825298
3673671,0.013542789
3673672,0.033801746
3673673,0.17798881
3673674,0.008185273
3673675,0.0020918576
3673676,0.1735925
3673677,0.005319744
3673678,0.009641207
3673679,0.0073284307
3673680,0.008495471
3673681,0.0071144057
3673682,0.007791993
3673683,0.013560255
3673684,0.0044978224
3673685,0.009182481
3673686,0.0066056293
3673687,0.007456951
3673688,0.0071400236
3673689,0.016754026
3673690,0.0061070137
3673691,0.017876135
3673692,0.003297156
3673693,0.010894047
3673694,0.07352413
3673695,0.0070885937
3673696,0.006357378
3673697,0.051646776
3673698,0.0090487795
3673699,0.006543067
3673700,0.010229655
3673701,0.005499337
3673702,0.007987719
3673703,0.09328967
3673704,0.008565807
3673705,0.07962995
3673706,0.006188376
3673707,0.016623365
3673708,0.43539947
3673709,0.09734918
3673710,0.012170257
3673711,0.034860704
3673712,0.03572619
3673713,0.0188662
3673714,0.0132692605
3673715,0.00081300206
3673716,0.041302755
3673717,0.002978007
3673718,0.00956771
3673719,0.013485881
3673720,0.0029733684
3673721,0.011792376
3673722,0.013055163
3673723,0.0063343667
3673724,0.0031156377
3673725,0.001302808
3673726,0.0038302469
3673727,0.011827107
3673728,0.0020340262
3673729,0.0033766413
3673730,0.0023995407
3673731,0.0020910576
3673732,0.003067882
3673733,0.15191887
3673734,0.010089167
3673735,0.0060900617
3673736,0.00483868
3673737,0.0026698196
3673738,0.028851038
3673739,0.0015190005
3673740,0.0062986016
3673741,0.010351052
3673742,0.003967522
3673743,0.009529648
3673744,0.0013937976
3673745,0.0028621096
3673746,0.0041420325
3673747,0.00896699
3673748,0.020226251
3673749,0.009182664
3673750,0.007831783
3673751,0.010688639
3673752,0.011785443
3673753,0.017275477
3673754,0.009156483
3673755,0.01041272
3673756,0.009294408
3673757,0.0052198283
3673758,0.0057279486
3673759,0.00940938
3673760,0.0072448635
3673761,0.0667528
3673762,0.0076407236
3673763,0.018287677
3673764,0.0061951475
3673765,0.00097447686
3673766,0.004532959
3673767,0.012955659
3673768,0.0037344
3673769,0.016184313
3673770,0.0052061663
3673771,0.0034272806
3673772,0.0057551363
3673773,0.007845586
3673774,0.003954656
3673775,0.08222487
3673776,0.005455064
3673777,0.0072246636
3673778,0.0059064166
3673779,0.008065851
3673780,0.011927064
3673781,0.0016584804
3673782,0.0049233376
3673783,0.006786411
3673784,0.0047154636
3673785,0.013393801
3673786,0.0044819484
3673787,0.17925346
3673788,0.022959532
3673789,0.01188044
3673790,0.011485172
3673791,0.023846908
3673792,0.1467261
3673793,0.007860513
3673794,0.017942391
3673795,0.015293631
3673796,0.004220054
3673797,0.009552679
3673798,0.0076714302
3673799,0.0054428824
3673800,0.010983399
3673801,0.008509416
3673802,0.0022995577
3673803,0.0076555875
3673804,0.025930034
3673805,0.089531556
3673806,0.019627973
3673807,0.012841986
3673808,0.009591834
3673809,0.043528713
3673810,0.0051236977
3673811,0.03648148
3673812,0.0060579786
3673813,0.01290158
3673814,0.015828565
3673815,0.02290097
3673816,0.0025609124
3673817,0.0063587814
3673818,0.0048770164
3673819,0.005684322
3673820,0.0077319746
3673821,0.041667297
3673822,0.008066756
3673823,0.0022184174
3673824,0.01067026
3673825,0.02598877
3673826,0.007930097
3673827,0.06326256
3673828,0.0071043754
3673829,0.00777131
3673830,0.018754339
3673831,0.002886257
3673832,0.04108063
3673833,0.0054139355
3673834,0.008627681
3673835,0.005532451
3673836,0.02033148
3673837,0.01460566
3673838,0.003382783
3673839,0.006924701
3673840,0.008809868
3673841,0.009377952
3673842,0.006665429
3673843,0.011271121
3673844,0.014454291
3673845,0.020041494
3673846,0.023660524
3673847,0.007819084
3673848,0.04887799
3673849,0.006556592
3673850,0.014208219
3673851,0.13964891
3673852,0.036551017
3673853,0.0035083895
3673854,0.007501587
3673855,0.008413204
3673856,0.003275396
3673857,0.00877596
3673858,0.014416009
3673859,0.02227004
3673860,0.009784929
3673861,0.010678669
3673862,0.0060258377
3673863,0.011595749
3673864,0.0059844474
3673865,0.012291422
3673866,0.043639958
3673867,0.004880864
3673868,0.00974413
3673869,0.014887121
3673870,0.014603863
3673871,0.005768478
3673872,0.0051581203
3673873,0.0046041016
3673874,0.0064613526
3673875,0.01965774
3673876,0.011936689
3673877,0.018618764
3673878,0.0018631421
3673879,0.005159929
3673880,0.015243216
3673881,0.020799978
3673882,0.004412505
3673883,0.0048302743
3673884,0.008067908
3673885,0.007872408
3673886,0.00400284
3673887,0.030038668
3673888,0.012593312
3673889,0.00621851
3673890,0.00819365
3673891,0.002863125
3673892,0.00868877
3673893,0.030043473
3673894,0.002414555
3673895,0.006213323
3673896,0.0022282973
3673897,0.0020009151
3673898,0.0018649261
3673899,0.013356644
3673900,0.016747233
3673901,0.018368043
3673902,0.03141831
3673903,0.0011869107
3673904,0.0039762356
3673905,0.0057204124
3673906,0.0047711655
3673907,0.007899197
3673908,0.022310512
3673909,0.008204373
3673910,0.017446473
3673911,0.004335942
3673912,0.0069684796
3673913,0.00703246
3673914,0.012267768
3673915,0.00374785
3673916,0.005495948
3673917,0.003592568
3673918,0.0024270467
3673919,0.005889552
3673920,0.0036063418
3673921,0.0038536666
3673922,0.013640697
3673923,0.004303981
3673924,0.018329274
3673925,0.011575354
3673926,0.0033545261
3673927,0.005032567
3673928,0.014144878
3673929,0.02158048
3673930,0.0037315872
3673931,0.030153211
3673932,0.01510622
3673933,0.006722451
3673934,0.01473593
3673935,0.012768604
3673936,0.0044704294
3673937,0.016338058
3673938,0.009115514
3673939,0.0013710388
3673940,0.0071323714
3673941,0.00840883
3673942,0.0081967125
3673943,0.0027771164
3673944,0.0028228343
3673945,0.004579223
3673946,0.010296471
3673947,0.016503926
3673948,0.024014289
3673949,0.011419346
3673950,0.0032184296
3673951,0.007279785
3673952,0.00632057
3673953,0.011337481
3673954,0.009963446
3673955,0.034752168
3673956,0.009148051
3673957,0.009234077
3673958,0.0029794613
3673959,0.010948434
3673960,0.029941477
3673961,0.0015026146
3673962,0.0074770516
3673963,0.0039385003
3673964,0.0028622646
3673965,0.018532386
3673966,0.02873714
3673967,0.012011882
3673968,0.010698587
3673969,0.05150711
3673970,0.005091703
3673971,0.044863306
3673972,0.011792898
3673973,0.005756485
3673974,0.017475564
3673975,0.023101196
3673976,0.0065077096
3673977,0.0073622563
3673978,0.015239738
3673979,0.0050979317
3673980,0.0030497771
3673981,0.015309
3673982,0.020973032
3673983,0.012474025
3673984,0.0314733
3673985,0.002992132
3673986,0.013358391
3673987,0.009088708
3673988,0.0054208855
3673989,0.014144878
3673990,0.009265151
3673991,0.004325392
3673992,0.0073171863
3673993,0.010429238
3673994,0.012214511
3673995,0.07782035
3673996,0.002937177
3673997,0.0038865157
3673998,0.010955226
3673999,0.012873258
3674000,0.034815323
3674001,0.0059049972
3674002,0.024667861
3674003,0.0018912571
3674004,0.016352864
3674005,0.00808734
3674006,0.07782966
3674007,0.009987346
3674008,0.0048255795
3674009,0.010403059
3674010,0.0045478214
3674011,0.007201819
3674012,0.011693247
3674013,0.0019147441
3674014,0.004756516
3674015,0.006154987
3674016,0.0059057726
3674017,0.009778953
3674018,0.0052703284
3674019,0.07673958
3674020,0.015858186
3674021,0.012029705
3674022,0.08004458
3674023,0.017777218
3674024,0.0061136857
3674025,0.009272949
3674026,0.010252564
3674027,0.007871373
3674028,0.010062552
3674029,0.009779567
3674030,0.14265026
3674031,0.008697095
3674032,0.007092841
3674033,0.050227217
3674034,0.005088921
3674035,0.1388191
3674036,0.016068883
3674037,0.0040679327
3674038,0.004783726
3674039,0.002260313
3674040,0.029866053
3674041,0.0027322879
3674042,0.0023111207
3674043,0.009049113
3674044,0.0033556037
3674045,0.0029285175
3674046,0.012497918
3674047,0.011130627
3674048,0.0064320415
3674049,0.010206703
3674050,0.34036386
3674051,0.004464625
3674052,0.02456715
3674053,0.028006047
3674054,0.0054157744
3674055,0.020506825
3674056,0.008381096
3674057,0.054234013
3674058,0.0034424015
3674059,0.013552297
3674060,0.0033637371
3674061,0.4706993
3674062,0.063185476
3674063,0.019743662
3674064,0.008337359
3674065,0.0037115633
3674066,0.009095698
3674067,0.01220197
3674068,0.0066067465
3674069,0.016882805
3674070,0.013181015
3674071,0.0067265565
3674072,0.0037159915
3674073,0.01100078
3674074,0.13364716
3674075,0.0031286147
3674076,0.008313207
3674077,0.007992481
3674078,0.0047170166
3674079,0.0069083152
3674080,0.0037916522
3674081,0.014570517
3674082,0.010134099
3674083,0.009335622
3674084,0.012556562
3674085,0.004730466
3674086,0.011003842
3674087,0.0113337515
3674088,0.004294757
3674089,0.0059647798
3674090,0.008203438
3674091,0.005487086
3674092,0.027598774
3674093,0.0058532143
3674094,0.005251174
3674095,0.008119242
3674096,0.009581212
3674097,0.008525878
3674098,0.0056570778
3674099,0.049044773
3674100,0.0050404062
3674101,0.0076343846
3674102,0.02122892
3674103,0.01746453
3674104,0.0035440002
3674105,0.0060508996
3674106,0.39783508
3674107,0.009351755
3674108,0.009656203
3674109,0.010692235
3674110,0.001494764
3674111,0.003055967
3674112,0.014063131
3674113,0.014174938
3674114,0.03216757
3674115,0.004841838
3674116,0.01855305
3674117,0.010578641
3674118,0.014638205
3674119,0.006415993
3674120,0.005211847
3674121,0.01084414
3674122,0.0038078446
3674123,0.014613657
3674124,0.031664196
3674125,0.038797285
3674126,0.099026896
3674127,0.013859418
3674128,0.0017027258
3674129,0.0031273896
3674130,0.0107015185
3674131,0.0059190793
3674132,0.0066929623
3674133,0.03555219
3674134,0.012960201
3674135,0.0051870965
3674136,0.028863851
3674137,0.010568654
3674138,0.003647723
3674139,0.005003322
3674140,0.0070397956
3674141,0.004079372
3674142,0.09837287
3674143,0.01583627
3674144,0.012253995
3674145,0.0045673274
3674146,0.0037950885
3674147,0.0052798386
3674148,0.012330832
3674149,0.0043742512
3674150,0.010044869
3674151,0.090295665
3674152,0.0057881605
3674153,0.024283083
3674154,0.0039094165
3674155,0.010547628
3674156,0.01923919
3674157,0.014144878
3674158,0.005878947
3674159,0.11229716
3674160,0.012512963
3674161,0.014612922
3674162,0.0012910087
3674163,0.0051637907
3674164,0.0038058285
3674165,0.010158504
3674166,0.00766709
3674167,0.0071306825
3674168,0.003212608
3674169,0.0064769774
3674170,0.008748084
3674171,0.007608649
3674172,0.03809962
3674173,0.0035159844
3674174,0.049141016
3674175,0.0051917243
3674176,0.008596903
3674177,0.02226327
3674178,0.006415786
3674179,0.00827665
3674180,0.029621547
3674181,0.018903524
3674182,0.0097028855
3674183,0.0016253028
3674184,0.007673612
3674185,0.11217534
3674186,0.0062677995
3674187,0.02584187
3674188,0.014380565
3674189,0.012131543
3674190,0.016932746
3674191,0.040095147
3674192,0.012298771
3674193,0.0037546128
3674194,0.005799389
3674195,0.0014762733
3674196,0.02584735
3674197,0.0045139454
3674198,0.008877117
3674199,0.05844192
3674200,0.007822851
3674201,0.005281276
3674202,0.009118065
3674203,0.031578314
3674204,0.0070649087
3674205,0.008924739
3674206,0.0014217787
3674207,0.0047511216
3674208,0.013731345
3674209,0.012263765
3674210,0.02385734
3674211,0.004878972
3674212,0.018623976
3674213,0.037044074
3674214,0.002536858
3674215,0.0422095
3674216,0.06336245
3674217,0.002713305
3674218,0.0054443
3674219,0.009854927
3674220,0.0024434798
3674221,0.0025711628
3674222,0.03335147
3674223,0.00590035
3674224,0.014144878
3674225,0.033895597
3674226,0.038323697
3674227,0.0037650238
3674228,0.0035228105
3674229,0.0013993838
3674230,0.0061344807
3674231,0.011443853
3674232,0.035825673
3674233,0.022249278
3674234,0.015280811
3674235,0.018286834
3674236,0.0050022276
3674237,0.014848904
3674238,0.011113064
3674239,0.0033056757
3674240,0.009868671
3674241,0.007827653
3674242,0.012522984
3674243,0.032597024
3674244,0.03139251
3674245,0.003879124
3674246,0.011270169
3674247,0.014955134
3674248,0.004650817
3674249,0.010760071
3674250,0.0046169097
3674251,0.010951507
3674252,0.0048184544
3674253,0.15920845
3674254,0.015850218
3674255,0.02534897
3674256,0.00786753
3674257,0.009869999
3674258,0.018413788
3674259,0.006929343
3674260,0.0031488908
3674261,0.0045468262
3674262,0.0033173964
3674263,0.0025587317
3674264,0.029472698
3674265,0.007100545
3674266,0.007471534
3674267,0.012148297
3674268,0.011039003
3674269,0.011245122
3674270,0.0025392275
3674271,0.0036407663
3674272,0.0040914086
3674273,0.10593872
3674274,0.0022671872
3674275,0.0027958134
3674276,0.0055162045
3674277,0.0068374444
3674278,0.03158261
3674279,0.005836258
3674280,0.014087701
3674281,0.0026847648
3674282,0.006900792
3674283,0.0034907297
3674284,0.0023986197
3674285,0.016985541
3674286,0.010897228
3674287,0.0048830416
3674288,0.020992696
3674289,0.01495781
3674290,0.009540821
3674291,0.005122336
3674292,0.013679778
3674293,0.0033233515
3674294,0.009640155
3674295,0.006972879
3674296,0.012739034
3674297,0.0052047684
3674298,0.01032271
3674299,0.0062771235
3674300,0.0054115304
3674301,0.005363909
3674302,0.0036586975
3674303,0.0054208855
3674304,0.08226042
3674305,0.03769138
3674306,0.0017317308
3674307,0.007553144
3674308,0.006130856
3674309,0.003063015
3674310,0.033320837
3674311,0.11183487
3674312,0.0076607256
3674313,0.0031108386
3674314,0.016371174
3674315,0.022057043
3674316,0.016789733
3674317,0.0021560274
3674318,0.027261047
3674319,0.003706862
3674320,0.006376515
3674321,0.005766531
3674322,0.032424234
3674323,0.008864859
3674324,0.018909918
3674325,0.023860749
3674326,0.008163365
3674327,0.022971686
3674328,0.0013740734
3674329,0.015343706
3674330,0.02411534
3674331,0.40042862
3674332,0.007943369
3674333,0.0012865737
3674334,0.010131593
3674335,0.010020976
3674336,0.017496625
3674337,0.20918664
3674338,0.0017433396
3674339,0.009722662
3674340,0.006610938
3674341,0.015891904
3674342,0.05147032
3674343,0.044133928
3674344,0.0027387296
3674345,0.005930226
3674346,0.008189273
3674347,0.005871628
3674348,0.0028468962
3674349,0.06540957
3674350,0.0053046267
3674351,0.017071063
3674352,0.0052818777
3674353,0.0056755077
3674354,0.0077471016
3674355,0.03868972
3674356,0.0066830465
3674357,0.035712756
3674358,0.011306423
3674359,0.009648795
3674360,0.013000089
3674361,0.008963105
3674362,0.002254538
3674363,0.018281879
3674364,0.0047592954
3674365,0.03606788
3674366,0.005600245
3674367,0.0021818494
3674368,0.00574693
3674369,0.009583904
3674370,0.008029795
3674371,0.024488857
3674372,0.010798475
3674373,0.0038625891
3674374,0.008928963
3674375,0.002478269
3674376,0.007657438
3674377,0.0042116507
3674378,0.0062667183
3674379,0.0050308383
3674380,0.04068764
3674381,0.006207231
3674382,0.0040732045
3674383,0.005749036
3674384,0.036601946
3674385,0.0019741782
3674386,0.010118268
3674387,0.0042027305
3674388,0.015194713
3674389,0.008767291
3674390,0.0114285275
3674391,0.0067241867
3674392,0.011166131
3674393,0.007959562
3674394,0.007861685
3674395,0.0063918573
3674396,0.011178922
3674397,0.018581176
3674398,0.0057707727
3674399,0.01242447
3674400,0.0051350705
3674401,0.0074948585
3674402,0.009020957
3674403,0.033818405
3674404,0.057384674
3674405,0.07872185
3674406,0.024528457
3674407,0.00932871
3674408,0.005027066
3674409,0.0025895874
3674410,0.04187918
3674411,0.010377746
3674412,0.0068206885
3674413,0.0057860618
3674414,0.04697575
3674415,0.01578088
3674416,0.017612917
3674417,0.032672364
3674418,0.028085077
3674419,0.046982132
3674420,0.008984388
3674421,0.0098529495
3674422,0.017612917
3674423,0.03186938
3674424,0.011432126
3674425,0.009538753
3674426,0.015823752
3674427,0.051446207
3674428,0.013976921
3674429,0.04190201
3674430,0.01031359
3674431,0.0014251263
3674432,0.017054636
3674433,0.01199107
3674434,0.023204613
3674435,0.002774503
3674436,0.004849283
3674437,0.013494847
3674438,0.0047672633
3674439,0.017766513
3674440,0.02645545
3674441,0.0350555
3674442,0.0038674779
3674443,0.0065845605
3674444,0.02585814
3674445,0.0056642517
3674446,0.014617957
3674447,0.0068096016
3674448,0.03139968
3674449,0.0061970796
3674450,0.02268806
3674451,0.009552742
3674452,0.0034523255
3674453,0.02456803
3674454,0.008224386
3674455,0.006032284
3674456,0.0030106828
3674457,0.009405604
3674458,0.008793844
3674459,0.019015038
3674460,0.0070085265
3674461,0.03891695
3674462,0.009640155
3674463,0.0062125013
3674464,0.014844182
3674465,0.008721376
3674466,0.016048675
3674467,0.010173503
3674468,0.0060460404
3674469,0.007540815
3674470,0.0054749395
3674471,0.17790663
3674472,0.012926252
3674473,0.006861048
3674474,0.011791331
3674475,0.005781274
3674476,0.08820876
3674477,0.0057930495
3674478,0.007055983
3674479,0.0068393745
3674480,0.009430782
3674481,0.0025668435
3674482,0.0025244544
3674483,0.0091631785
3674484,0.0043049376
3674485,0.0031204475
3674486,0.022597525
3674487,0.0031482368
3674488,0.004614765
3674489,0.009554403
3674490,0.0048532034
3674491,0.011002108
3674492,0.008092861
3674493,0.023724888
3674494,0.013779693
3674495,0.0037240714
3674496,0.0066614486
3674497,0.014728081
3674498,0.0036738494
3674499,0.023219386
3674500,0.0058248863
3674501,0.0025964985
3674502,0.0070212204
3674503,0.002687093
3674504,0.012603598
3674505,0.02562546
3674506,0.47670525
3674507,0.0033863299
3674508,0.0019413058
3674509,0.006859628
3674510,0.004626985
3674511,0.004661252
3674512,0.01678058
3674513,0.015779762
3674514,0.017769935
3674515,0.009947988
3674516,0.004155804
3674517,0.0069357804
3674518,0.029245364
3674519,0.12046371
3674520,0.0077349925
3674521,0.032945193
3674522,0.0075318026
3674523,0.031803865
3674524,0.014835132
3674525,0.05943759
3674526,0.0055612815
3674527,0.018316353
3674528,0.015168093
3674529,0.006147128
3674530,0.009089177
3674531,0.006119918
3674532,0.017017346
3674533,0.010781537
3674534,0.007760918
3674535,0.0015701492
3674536,0.014790923
3674537,0.017884273
3674538,0.011079179
3674539,0.0056220354
3674540,0.038610674
3674541,0.4046058
3674542,0.0030309586
3674543,0.0045618135
3674544,0.006608625
3674545,0.0040532486
3674546,0.009039668
3674547,0.007399504
3674548,0.0068476223
3674549,0.06786004
3674550,0.016724342
3674551,0.0034271518
3674552,0.0033803277
3674553,0.0038685254
3674554,0.01356996
3674555,0.01422829
3674556,0.0049163876
3674557,0.0013250432
3674558,0.0076065026
3674559,0.0047008567
3674560,0.0029671297
3674561,0.006931722
3674562,0.0019431998
3674563,0.00525307
3674564,0.0058520297
3674565,0.006829202
3674566,0.017239789
3674567,0.006058315
3674568,0.007908672
3674569,0.0020542548
3674570,0.006167417
3674571,0.005611492
3674572,0.014449802
3674573,0.0119209625
3674574,0.011574537
3674575,0.005395225
3674576,0.018470878
3674577,0.005024558
3674578,0.0752761
3674579,0.097078316
3674580,0.01151859
3674581,0.007753024
3674582,0.009249096
3674583,0.0057153893
3674584,0.082204245
3674585,0.012152676
3674586,0.0057055205
3674587,0.014492203
3674588,0.0032112617
3674589,0.007295757
3674590,0.0066259895
3674591,0.0035297007
3674592,0.0094555775
3674593,0.011574488
3674594,0.002064574
3674595,0.013664847
3674596,0.010710277
3674597,0.011005695
3674598,0.002414555
3674599,0.014298202
3674600,0.009833546
3674601,0.14062084
3674602,0.08207111
3674603,0.06514874
3674604,0.008966659
3674605,0.0066872737
3674606,0.0047318935
3674607,0.04634278
3674608,0.004595072
3674609,0.008489216
3674610,0.011354187
3674611,0.057560004
3674612,0.007104318
3674613,0.006710547
3674614,0.0050940686
3674615,0.1497052
3674616,0.0032066326
3674617,0.012566694
3674618,0.09416151
3674619,0.022545772
3674620,0.024388773
3674621,0.0017688695
3674622,0.0046777357
3674623,0.0031292618
3674624,0.08386366
3674625,0.14085746
3674626,0.015613814
3674627,0.0051004523
3674628,0.0028974034
3674629,0.032455266
3674630,0.0014983916
3674631,0.013088222
3674632,0.08320429
3674633,0.0064759157
3674634,0.004011524
3674635,0.011396239
3674636,0.019889543
3674637,0.09334129
3674638,0.0064474917
3674639,0.058306135
3674640,0.005682274
3674641,0.020723296
3674642,0.008640415
3674643,0.0051820963
3674644,0.009215651
3674645,0.0063336855
3674646,0.013968321
3674647,0.024680134
3674648,0.006374341
3674649,0.03623907
3674650,0.017026832
3674651,0.007367771
3674652,0.018776175
3674653,0.03158969
3674654,0.005065655
3674655,0.024743738
3674656,0.0028383336
3674657,0.026930686
3674658,0.022367112
3674659,0.01372436
3674660,0.016097602
3674661,0.002457805
3674662,0.00815903
3674663,0.03709011
3674664,0.0047719446
3674665,0.0099199675
3674666,0.007821508
3674667,0.0044684266
3674668,0.008427908
3674669,0.013241276
3674670,0.011182828
3674671,0.017177925
3674672,0.011200495
3674673,0.00466716
3674674,0.003835999
3674675,0.004247597
3674676,0.008261539
3674677,0.0052521583
3674678,0.013954089
3674679,0.011369955
3674680,0.004602873
3674681,0.015433315
3674682,0.0056064758
3674683,0.0026958184
3674684,0.007822851
3674685,0.0070857587
3674686,0.005926227
3674687,0.0074495007
3674688,0.013122852
3674689,0.010681088
3674690,0.0036663779
3674691,0.008268231
3674692,0.0066642133
3674693,0.0039908546
3674694,0.0071568876
3674695,0.010284767
3674696,0.0069199908
3674697,0.08877639
3674698,0.015778584
3674699,0.034150437
3674700,0.013014217
3674701,0.051578593
3674702,0.007944538
3674703,0.009003548
3674704,0.005011813
3674705,0.008833768
3674706,0.005353606
3674707,0.0051727686
3674708,0.003295265
3674709,0.008010827
3674710,0.010128236
3674711,0.005858128
3674712,0.040305257
3674713,0.08125822
3674714,0.061008293
3674715,0.003660118
3674716,0.005260106
3674717,0.023831457
3674718,0.01336015
3674719,0.009463102
3674720,0.011049356
3674721,0.018626211
3674722,0.008209324
3674723,0.022423375
3674724,0.004908719
3674725,0.048030842
3674726,0.020483082
3674727,0.033767104
3674728,0.009882622
3674729,0.015183793
3674730,0.024125021
3674731,0.012183667
3674732,0.012859891
3674733,0.02875465
3674734,0.011139286
3674735,0.056755967
3674736,0.030439034
3674737,0.013589319
3674738,0.006986416
3674739,0.04673573
3674740,0.010801027
3674741,0.059756637
3674742,0.009664144
3674743,0.075570464
3674744,0.018754339
3674745,0.0045430893
3674746,0.091712505
3674747,0.03656809
3674748,0.014168583
3674749,0.019474555
3674750,0.084324434
3674751,0.004940242
3674752,0.009824456
3674753,0.005263523
3674754,0.01455311
3674755,0.01374444
3674756,0.1022514
3674757,0.012855612
3674758,0.005742768
3674759,0.001517948
3674760,0.018273592
3674761,0.0058534895
3674762,0.01745406
3674763,0.0125425635
3674764,0.009425132
3674765,0.008205893
3674766,0.0077894935
3674767,0.0035559002
3674768,0.1022514
3674769,0.009109449
3674770,0.04413553
3674771,0.0350591
3674772,0.052145224
3674773,0.0053334525
3674774,0.058159553
3674775,0.010041873
3674776,0.0057067866
3674777,0.0035637429
3674778,0.00747007
3674779,0.001801864
3674780,0.0026493212
3674781,0.011428705
3674782,0.0034721752
3674783,0.0047008838
3674784,0.0075770407
3674785,0.002685061
3674786,0.0038363012
3674787,0.0066264635
3674788,0.01130695
3674789,0.018767014
3674790,0.008055328
3674791,0.011442882
3674792,0.011893198
3674793,0.02330406
3674794,0.0040633664
3674795,0.03266667
3674796,0.0028250618
3674797,0.037186008
3674798,0.0088135665
3674799,0.0031349147
3674800,0.016179394
3674801,0.009308425
3674802,0.014441038
3674803,0.010363343
3674804,0.0019141366
3674805,0.010616044
3674806,0.005998951
3674807,0.024838697
3674808,0.0020754999
3674809,0.028651841
3674810,0.008909169
3674811,0.0064713703
3674812,0.006808873
3674813,0.17744023
3674814,0.0070206253
3674815,0.007458405
3674816,0.0118747875
3674817,0.010964385
3674818,0.039093174
3674819,0.003022692
3674820,0.007680318
3674821,0.017935494
3674822,0.080363035
3674823,0.0044494104
3674824,0.005937961
3674825,0.0035400686
3674826,0.03674994
3674827,0.0032911145
3674828,0.0020519998
3674829,0.00836366
3674830,0.012964685
3674831,0.013679868
3674832,0.003223071
3674833,0.01061004
3674834,0.0042662467
3674835,0.006941277
3674836,0.004844003
3674837,0.010221377
3674838,0.05033226
3674839,0.035298932
3674840,0.021190884
3674841,0.020968862
3674842,0.045763444
3674843,0.0038858254
3674844,0.07064646
3674845,0.023476956
3674846,0.03054884
3674847,0.010286364
3674848,0.008881188
3674849,0.050018962
3674850,0.0016636257
3674851,0.060407534
3674852,0.0030972373
3674853,0.0131173385
3674854,0.011675015
3674855,0.015126486
3674856,0.13613163
3674857,0.06498242
3674858,0.0023700837
3674859,0.008854613
3674860,0.02157464
3674861,0.011252483
3674862,0.0076406766
3674863,0.0096157715
3674864,0.019360665
3674865,0.08385642
3674866,0.013105331
3674867,0.030182878
3674868,0.019900415
3674869,0.007242936
3674870,0.0025365357
3674871,0.004866505
3674872,0.0044098706
3674873,0.0042856596
3674874,0.010973847
3674875,0.017621279
3674876,0.0060683093
3674877,0.017479453
3674878,0.008397776
3674879,0.013096755
3674880,0.010931867
3674881,0.017589377
3674882,0.0041954773
3674883,0.03922179
3674884,0.036074944
3674885,0.0071294005
3674886,0.051110726
3674887,0.0019573094
3674888,0.07949751
3674889,0.024266126
3674890,0.021830944
3674891,0.011046872
3674892,0.0036432736
3674893,0.045726478
3674894,0.017531538
3674895,0.0023351216
3674896,0.0042191967
3674897,0.01695799
3674898,0.0075063813
3674899,0.005734489
3674900,0.010141727
3674901,0.009468145
3674902,0.010332121
3674903,0.006704025
3674904,0.012574731
3674905,0.08907163
3674906,0.0016629613
3674907,0.003993509
3674908,0.0031248915
3674909,0.049054325
3674910,0.011499625
3674911,0.006049325
3674912,0.07749572
3674913,0.6857562
3674914,0.05729356
3674915,0.0012953825
3674916,0.5884365
3674917,0.559752
3674918,0.0048621288
3674919,0.14218032
3674920,0.003653462
3674921,0.02059935
3674922,0.004019104
3674923,0.5180292
3674924,0.021683227
3674925,0.002738287
3674926,0.052996166
3674927,0.011070636
3674928,0.044865098
3674929,0.009827536
3674930,0.24348046
3674931,0.43546528
3674932,0.011056528
3674933,0.023213742
3674934,0.45008874
3674935,0.022044139
3674936,0.45542818
3674937,0.06714872
3674938,0.076293245
3674939,0.033471934
3674940,0.011693247
3674941,0.079678155
3674942,0.046613496
3674943,0.0140063455
3674944,0.0035262809
3674945,0.005503326
3674946,0.0059912107
3674947,0.0072568045
3674948,0.07619539
3674949,0.005830879
3674950,0.0052292407
3674951,0.0029110585
3674952,0.1005397
3674953,0.007658018
3674954,0.036042094
3674955,0.005340289
3674956,0.006591445
3674957,0.0036819044
3674958,0.0025041585
3674959,0.005409029
3674960,0.008361624
3674961,0.003108571
3674962,0.03180974
3674963,0.005835143
3674964,0.083019935
3674965,0.046613496
3674966,0.0070387023
3674967,0.004301493
3674968,0.027711451
3674969,0.0050236066
3674970,0.0031543241
3674971,0.06564744
3674972,0.02048799
3674973,0.020629697
3674974,0.025921894
3674975,0.033860434
3674976,0.0015401264
3674977,0.055908464
3674978,0.0063042836
3674979,0.14946862
3674980,0.026042918
3674981,0.014691833
3674982,0.006165739
3674983,0.0025580565
3674984,0.027520735
3674985,0.008253012
3674986,0.008452495
3674987,0.05391062
3674988,0.02262047
3674989,0.0042462843
3674990,0.008353151
3674991,0.28938752
3674992,0.0073403316
3674993,0.015518984
3674994,0.009841489
3674995,0.01165669
3674996,0.010598374
3674997,0.013007126
3674998,0.008659551
3674999,0.063131414
3675000,0.0035780356
3675001,0.054507673
3675002,0.0069565913
3675003,0.0051847743
3675004,0.0032277836
3675005,0.008082174
3675006,0.12793931
3675007,0.005909954
3675008,0.018709026
3675009,0.04907753
3675010,0.0059674014
3675011,0.0043973294
3675012,0.004216723
3675013,0.0016891934
3675014,0.007374117
3675015,0.026286814
3675016,0.002665405
3675017,0.0062368596
3675018,0.1840542
3675019,0.008541261
3675020,0.0064159897
3675021,0.02431363
3675022,0.0667609
3675023,0.006147871
3675024,0.02498162
3675025,0.012014016
3675026,0.017277937
3675027,0.016393764
3675028,0.006599671
3675029,0.020707339
3675030,0.028584335
3675031,0.0015747044
3675032,0.032628864
3675033,0.023041515
3675034,0.06300821
3675035,0.01608741
3675036,0.016797945
3675037,0.022615915
3675038,0.004340801
3675039,0.0019540137
3675040,0.009164269
3675041,0.014455418
3675042,0.009139354
3675043,0.034556676
3675044,0.105008654
3675045,0.004497178
3675046,0.0044170907
3675047,0.0049024457
3675048,0.004332921
3675049,0.0030213357
3675050,0.12057168
3675051,0.009781963
3675052,0.114229165
3675053,0.0048466814
3675054,0.012787027
3675055,0.02139135
3675056,0.0064185346
3675057,0.0020625186
3675058,0.008074871
3675059,0.016291745
3675060,0.016537318
3675061,0.12549016
3675062,0.014915615
3675063,0.025714407
3675064,0.2954106
3675065,0.01321054
3675066,0.0054512057
3675067,0.002468819
3675068,0.0042119683
3675069,0.1410413
3675070,0.0066424278
3675071,0.001682333
3675072,0.014915615
3675073,0.02162657
3675074,0.006526864
3675075,0.006519756
3675076,0.0046585514
3675077,0.02923126
3675078,0.008951452
3675079,0.026527446
3675080,0.012573618
3675081,0.006072141
3675082,0.013093644
3675083,0.0051615913
3675084,0.2638919
3675085,0.47811207
3675086,0.0057152044
3675087,0.10616982
3675088,0.0061846753
3675089,0.009071143
3675090,0.003757805
3675091,0.10616982
3675092,0.6606004
3675093,0.0011849959
3675094,0.005809212
3675095,0.08773881
3675096,0.01057008
3675097,0.002197894
3675098,0.06829521
3675099,0.007265267
3675100,0.0024882357
3675101,0.0038413925
3675102,0.0046565174
3675103,0.008951452
3675104,0.04083943
3675105,0.01966031
3675106,0.006933688
3675107,0.0061819768
3675108,0.005051124
3675109,0.004777634
3675110,0.0322114
3675111,0.15389077
3675112,0.016247284
3675113,0.007438188
3675114,0.02220008
3675115,0.007911658
3675116,0.0075567584
3675117,0.009901737
3675118,0.17614338
3675119,0.0099381115
3675120,0.004411621
3675121,0.010427191
3675122,0.0055282316
3675123,0.0045663607
3675124,0.0808516
3675125,0.6238878
3675126,0.030736538
3675127,0.0058455034
3675128,0.0029977444
3675129,0.008648658
3675130,0.0015112896
3675131,0.0076307445
3675132,0.0125157805
3675133,0.014173886
3675134,0.0083629135
3675135,0.0037458104
3675136,0.008832744
3675137,0.005807265
3675138,0.004908519
3675139,0.31192538
3675140,0.0070481338
3675141,0.010083906
3675142,0.012812562
3675143,0.0024423653
3675144,0.007269812
3675145,0.013382735
3675146,0.023142042
3675147,0.4378963
3675148,0.012812562
3675149,0.5272351
3675150,0.43812183
3675151,0.22136548
3675152,0.32603025
3675153,0.23108634
3675154,0.008945134
3675155,0.004225957
3675156,0.0070632435
3675157,0.011362501
3675158,0.0058535305
3675159,0.0023557844
3675160,0.01151733
3675161,0.006018579
3675162,0.6870777
3675163,0.009200647
3675164,0.67259127
3675165,0.67259127
3675166,0.0037751086
3675167,0.5912106
3675168,0.0095600495
3675169,0.005388686
3675170,0.6083614
3675171,0.007712456
3675172,0.00423084
3675173,0.6083614
3675174,0.011402304
3675175,0.7926773
3675176,0.0078033446
3675177,0.011034408
3675178,0.7933747
3675179,0.019490212
3675180,0.0130116455
3675181,0.025378905
3675182,0.007590538
3675183,0.011088127
3675184,0.0034062946
3675185,0.0050078128
3675186,0.038606852
3675187,0.297282
3675188,0.0034424819
3675189,0.0071059735
3675190,0.015132633
3675191,0.099789865
3675192,0.022567391
3675193,0.027377402
3675194,0.005711954
3675195,0.1695493
3675196,0.0014415976
3675197,0.7125886
3675198,0.7872863
3675199,0.0067527313
3675200,0.79263544
3675201,0.046949927
3675202,0.050781503
3675203,0.0028720226
3675204,0.00466082
3675205,0.003813112
3675206,0.0030619972
3675207,0.022012664
3675208,0.006220561
3675209,0.10742486
3675210,0.00795803
3675211,0.025200866
3675212,0.01545776
3675213,0.009771249
3675214,0.017167656
3675215,0.017148187
3675216,0.02488336
3675217,0.0119704
3675218,0.06363009
3675219,0.0054532485
3675220,0.18065202
3675221,0.005599547
3675222,0.643572
3675223,0.062066734
3675224,0.75108993
3675225,0.006924842
3675226,0.0030593798
3675227,0.0046497136
3675228,0.69784296
3675229,0.7862381
3675230,0.013034045
3675231,0.008978774
3675232,0.009135814
3675233,0.006842617
3675234,0.019974994
3675235,0.051051207
3675236,0.032392386
3675237,0.0123449
3675238,0.008984291
3675239,0.0058847857
3675240,0.009173704
3675241,0.010126013
3675242,0.042712428
3675243,0.0040485985
3675244,0.0021634272
3675245,0.015685882
3675246,0.02300052
3675247,0.05225436
3675248,0.011307515
3675249,0.024309954
3675250,0.08467978
3675251,0.23316061
3675252,0.014344729
3675253,0.006322861
3675254,0.009744839
3675255,0.004410511
3675256,0.0072162724
3675257,0.0010490319
3675258,0.08649055
3675259,0.027229263
3675260,0.0013329904
3675261,0.031356655
3675262,0.00655204
3675263,0.002343431
3675264,0.01133287
3675265,0.006844575
3675266,0.007023525
3675267,0.0063377987
3675268,0.0041986755
3675269,0.0063947286
3675270,0.006772586
3675271,0.006387855
3675272,0.007893912
3675273,0.006337231
3675274,0.0047364747
3675275,0.0045700083
3675276,0.008357873
3675277,0.01662341
3675278,0.011744866
3675279,0.010837177
3675280,0.0034524456
3675281,0.007568232
3675282,0.012452369
3675283,0.017432028
3675284,0.0041795657
3675285,0.020974774
3675286,0.014312127
3675287,0.006808705
3675288,0.011641703
3675289,0.020431865
3675290,0.0041179997
3675291,0.0054498743
3675292,0.0032774238
3675293,0.0069897915
3675294,0.0053770877
3675295,0.016925827
3675296,0.0023088579
3675297,0.002821789
3675298,0.009623189
3675299,0.007870419
3675300,0.01318192
3675301,0.009260048
3675302,0.002609362
3675303,0.0029003434
3675304,0.0016414641
3675305,0.0062570754
3675306,0.0022698864
3675307,0.007760918
3675308,0.003623856
3675309,0.0063614785
3675310,0.0022160597
3675311,0.01298645
3675312,0.0017063161
3675313,0.050031662
3675314,0.020163056
3675315,0.012981965
3675316,0.002437499
3675317,0.005645117
3675318,0.008679358
3675319,0.0034426127
3675320,0.0043790215
3675321,0.021871304
3675322,0.0065807938
3675323,0.004290917
3675324,0.0014209375
3675325,0.004517798
3675326,0.0030843946
3675327,0.0017807598
3675328,0.0027828442
3675329,0.0049231644
3675330,0.0038663796
3675331,0.0031993676
3675332,0.002613018
3675333,0.0075725853
3675334,0.01356777
3675335,0.028076787
3675336,0.0032605429
3675337,0.006858826
3675338,0.008234688
3675339,0.019373057
3675340,0.017882792
3675341,0.0041703493
3675342,0.00955443
3675343,0.021442775
3675344,0.0058649434
3675345,0.012945461
3675346,0.024787404
3675347,0.00574377
3675348,0.017060999
3675349,0.0030016361
3675350,0.009746757
3675351,0.0047899135
3675352,0.006718224
3675353,0.00446461
3675354,0.22091413
3675355,0.048250783
3675356,0.0033371225
3675357,0.003941202
3675358,0.0025712166
3675359,0.025031112
3675360,0.006511928
3675361,0.0062977513
3675362,0.0057018287
3675363,0.018404666
3675364,0.004431396
3675365,0.0039270106
3675366,0.01878433
3675367,0.0022172367
3675368,0.0047613666
3675369,0.007831457
3675370,0.018968279
3675371,0.057972386
3675372,0.0062032877
3675373,0.0035549572
3675374,0.004770282
3675375,0.0038203548
3675376,0.009200116
3675377,0.0029904637
3675378,0.030827038
3675379,0.0056150425
3675380,0.0066517787
3675381,0.005431122
3675382,0.00842945
3675383,0.020424437
3675384,0.013263761
3675385,0.0048348033
3675386,0.01974732
3675387,0.010378044
3675388,0.018051134
3675389,0.008912441
3675390,0.0055298205
3675391,0.011039862
3675392,0.0039339345
3675393,0.0043807663
3675394,0.013331387
3675395,0.011305809
3675396,0.017800413
3675397,0.0083318725
3675398,0.006012349
3675399,0.011500541
3675400,0.0053400155
3675401,0.04130096
3675402,0.003480995
3675403,0.003885222
3675404,0.004296362
3675405,0.0043411455
3675406,0.0024373855
3675407,0.009146499
3675408,0.0048131025
3675409,0.0046411897
3675410,0.018190386
3675411,0.028545037
3675412,0.032100145
3675413,0.0031325405
3675414,0.0032178834
3675415,0.0035864061
3675416,0.0042566783
3675417,0.0028121234
3675418,0.0031784459
3675419,0.014913759
3675420,0.0077729374
3675421,0.050300386
3675422,0.00977334
3675423,0.004332041
3675424,0.01606641
3675425,0.0044297804
3675426,0.019333646
3675427,0.005574324
3675428,0.0043778927
3675429,0.018019462
3675430,0.005918266
3675431,0.015484773
3675432,0.009619405
3675433,0.0071088774
3675434,0.0045946944
3675435,0.01417965
3675436,0.0035874986
3675437,0.019065497
3675438,0.015252467
3675439,0.001821523
3675440,0.010456319
3675441,0.011580555
3675442,0.0056156972
3675443,0.003771511
3675444,0.020359445
3675445,0.0015606359
3675446,0.007357902
3675447,0.015615918
3675448,0.010229306
3675449,0.0058177607
3675450,0.020791132
3675451,0.01750426
3675452,0.004691921
3675453,0.0078471005
3675454,0.06533141
3675455,0.0073951455
3675456,0.007002598
3675457,0.00534319
3675458,0.002662819
3675459,0.009436334
3675460,0.016149903
3675461,0.0028995795
3675462,0.0037469864
3675463,0.0032568676
3675464,0.05938393
3675465,0.015126708
3675466,0.0017559989
3675467,0.12185868
3675468,0.0030975156
3675469,0.009705836
3675470,0.0016650074
3675471,0.007526739
3675472,0.011979274
3675473,0.07485291
3675474,0.01278134
3675475,0.00535371
3675476,0.0076230713
3675477,0.107130155
3675478,0.006791308
3675479,0.09792061
3675480,0.017139446
3675481,0.002667836
3675482,0.018282538
3675483,0.009890296
3675484,0.013786986
3675485,0.02051118
3675486,0.0042338003
3675487,0.010026843
3675488,0.0030483569
3675489,0.0049730283
3675490,0.05059425
3675491,0.016811188
3675492,0.008829702
3675493,0.01148232
3675494,0.016932327
3675495,0.003229576
3675496,0.0037459563
3675497,0.006758846
3675498,0.007081228
3675499,0.0073046656
3675500,0.04151264
3675501,0.0069918507
3675502,0.0063158846
3675503,0.003753379
3675504,0.049617764
3675505,0.0062595834
3675506,0.0046420596
3675507,0.0027963012
3675508,0.008299396
3675509,0.0023040518
3675510,0.008650563
3675511,0.011307617
3675512,0.0035765944
3675513,0.015786286
3675514,0.021153515
3675515,0.008788027
3675516,0.0083817495
3675517,0.003716832
3675518,0.009996979
3675519,0.004960482
3675520,0.0053154463
3675521,0.011241597
3675522,0.091036044
3675523,0.0122442795
3675524,0.021268355
3675525,0.004389816
3675526,0.0073401714
3675527,0.0043136026
3675528,0.019856682
3675529,0.006151756
3675530,0.009220467
3675531,0.0074564605
3675532,0.006351254
3675533,0.008031409
3675534,0.00912081
3675535,0.013199635
3675536,0.025447652
3675537,0.012773425
3675538,0.007876651
3675539,0.0065423977
3675540,0.06578406
3675541,0.007852314
3675542,0.08907391
3675543,0.028615123
3675544,0.0075577595
3675545,0.023959843
3675546,0.02807715
3675547,0.00611206
3675548,0.013458661
3675549,0.0038762009
3675550,0.0070617218
3675551,0.0082211625
3675552,0.005973205
3675553,0.007126026
3675554,0.020015355
3675555,0.0025337443
3675556,0.0023364627
3675557,0.007988078
3675558,0.018121207
3675559,0.008288799
3675560,0.021110658
3675561,0.004795422
3675562,0.010920323
3675563,0.0035550282
3675564,0.0035586616
3675565,0.006680398
3675566,0.004231521
3675567,0.0046613314
3675568,0.0073620547
3675569,0.005390595
3675570,0.0049565225
3675571,0.0060282056
3675572,0.0057363654
3675573,0.0125767095
3675574,0.0058624446
3675575,0.008124982
3675576,0.003703396
3675577,0.015071681
3675578,0.003871187
3675579,0.012307393
3675580,0.0067031677
3675581,0.019610964
3675582,0.0019643623
3675583,0.0034820687
3675584,0.010344
3675585,0.009373315
3675586,0.0133933285
3675587,0.0051613613
3675588,0.015399973
3675589,0.0022041218
3675590,0.0015160736
3675591,0.009098862
3675592,0.011467164
3675593,0.025531096
3675594,0.03220884
3675595,0.0080160275
3675596,0.009434097
3675597,0.015070653
3675598,0.027592318
3675599,0.0038944469
3675600,0.011072229
3675601,0.011452104
3675602,0.0029849042
3675603,0.010736743
3675604,0.0038180219
3675605,0.005917853
3675606,0.08519449
3675607,0.0073094936
3675608,0.020981757
3675609,0.017292688
3675610,0.02229924
3675611,0.00802956
3675612,0.0047829812
3675613,0.004181541
3675614,0.011143378
3675615,0.004702881
3675616,0.020635387
3675617,0.02239253
3675618,0.008790693
3675619,0.040199813
3675620,0.0058676633
3675621,0.004516873
3675622,0.010396612
3675623,0.0023196097
3675624,0.0057452433
3675625,0.011425995
3675626,0.009308944
3675627,0.004474723
3675628,0.0015047437
3675629,0.0478176
3675630,0.32859814
3675631,0.022418521
3675632,0.00861912
3675633,0.009888554
3675634,0.0026980182
3675635,0.04530433
3675636,0.13155062
3675637,0.01562163
3675638,0.036704257
3675639,0.01755016
3675640,0.0020638166
3675641,0.0038297994
3675642,0.016548388
3675643,0.008551928
3675644,0.0065041096
3675645,0.002110505
3675646,0.004597982
3675647,0.0032689995
3675648,0.0057387073
3675649,0.005161043
3675650,0.0069263573
3675651,0.0018443677
3675652,0.0060983514
3675653,0.03605565
3675654,0.008255482
3675655,0.004478401
3675656,0.016165594
3675657,0.0062304474
3675658,0.013354984
3675659,0.0070114867
3675660,0.0064479774
3675661,0.006648374
3675662,0.010671866
3675663,0.010008151
3675664,0.5218912
3675665,0.006422523
3675666,0.006855059
3675667,0.004339715
3675668,0.01159294
3675669,0.0094500985
3675670,0.006619985
3675671,0.5226863
3675672,0.0064511797
3675673,0.010077673
3675674,0.020512674
3675675,0.0035354511
3675676,0.0067519667
3675677,0.0027641116
3675678,0.028471848
3675679,0.004928416
3675680,0.01571195
3675681,0.0060942913
3675682,0.008377272
3675683,0.0049768025
3675684,0.0055211503
3675685,0.060340967
3675686,0.011175712
3675687,0.008705827
3675688,0.004408437
3675689,0.0060892627
3675690,0.0035420794
3675691,0.026015162
3675692,0.010627428
3675693,0.002732596
3675694,0.0017424976
3675695,0.076826245
3675696,0.0064327973
3675697,0.01616146
3675698,0.008981961
3675699,0.01748309
3675700,0.00697562
3675701,0.0102816075
3675702,0.0028727532
3675703,0.014921621
3675704,0.010841262
3675705,0.016442014
3675706,0.010404214
3675707,0.014158782
3675708,0.010035055
3675709,0.009983919
3675710,0.006037267
3675711,0.0040021976
3675712,0.0064873844
3675713,0.016754026
3675714,0.041187335
3675715,0.012986024
3675716,0.012835061
3675717,0.0069110016
3675718,0.0053917305
3675719,0.004664815
3675720,0.013498548
3675721,0.00361238
3675722,0.008853852
3675723,0.0024756996
3675724,0.007823332
3675725,0.014342469
3675726,0.1322985
3675727,0.0015695259
3675728,0.0037453051
3675729,0.009798101
3675730,0.006563668
3675731,0.008451843
3675732,0.0074171727
3675733,0.021896908
3675734,0.00486415
3675735,0.002479591
3675736,0.011461912
3675737,0.0037408597
3675738,0.0061959284
3675739,0.003510037
3675740,0.04195455
3675741,0.016189272
3675742,0.01606666
3675743,0.004198847
3675744,0.0049951863
3675745,0.00762248
3675746,0.22650531
3675747,0.0039909324
3675748,0.0070794174
3675749,0.015171348
3675750,0.02597164
3675751,0.0052186255
3675752,0.0016349598
3675753,0.02734328
3675754,0.0068694428
3675755,0.003285288
3675756,0.18234456
3675757,0.08614316
3675758,0.21676895
3675759,0.05691713
3675760,0.004183551
3675761,0.012462493
3675762,0.025326228
3675763,0.007320328
3675764,0.04454131
3675765,0.04317061
3675766,0.011225719
3675767,0.0075655784
3675768,0.07158521
3675769,0.010427147
3675770,0.0025456888
3675771,0.027872872
3675772,0.009946415
3675773,0.020543354
3675774,0.0044189068
3675775,0.009767283
3675776,0.4376789
3675777,0.015157234
3675778,0.01819019
3675779,0.010271841
3675780,0.004646285
3675781,0.17175333
3675782,0.0070794174
3675783,0.04668774
3675784,0.0046092966
3675785,0.010254175
3675786,0.0010923517
3675787,0.028478133
3675788,0.0040157726
3675789,0.011808017
3675790,0.005528528
3675791,0.013341891
3675792,0.0054556928
3675793,0.011664215
3675794,0.006385407
3675795,0.0029491463
3675796,0.01257903
3675797,0.004055235
3675798,0.0066150757
3675799,0.0041070264
3675800,0.006447266
3675801,0.07235112
3675802,0.09697402
3675803,0.006929336
3675804,0.0317514
3675805,0.016067427
3675806,0.006909787
3675807,0.0021071746
3675808,0.01781263
3675809,0.006949598
3675810,0.0042743064
3675811,0.0077435947
3675812,0.011416052
3675813,0.0049405587
3675814,0.0064404244
3675815,0.010760548
3675816,0.009430462
3675817,0.029833153
3675818,0.016238544
3675819,0.020347096
3675820,0.02373934
3675821,0.033732682
3675822,0.11865542
3675823,0.00239555
3675824,0.0053071785
3675825,0.03557627
3675826,0.0013606015
3675827,0.011890335
3675828,0.0034858284
3675829,0.0071852757
3675830,0.0025915883
3675831,0.008129275
3675832,0.01067312
3675833,0.054225598
3675834,0.005831407
3675835,0.008942657
3675836,0.00822735
3675837,0.009565478
3675838,0.003935138
3675839,0.005379437
3675840,0.0023315006
3675841,0.0069811917
3675842,0.004493968
3675843,0.0040348414
3675844,0.006909787
3675845,0.0048729177
3675846,0.005384979
3675847,0.005887816
3675848,0.003804111
3675849,0.009115868
3675850,0.0092704
3675851,0.007838889
3675852,0.009977195
3675853,0.01964193
3675854,0.028026082
3675855,0.007004279
3675856,0.0036200203
3675857,0.19395088
3675858,0.0067054825
3675859,0.002823888
3675860,0.008930477
3675861,0.0020144533
3675862,0.002477946
3675863,0.0012665801
3675864,0.0043141004
3675865,0.01580499
3675866,0.018507078
3675867,0.0035886355
3675868,0.018118892
3675869,0.012619279
3675870,0.0071702492
3675871,0.009385946
3675872,0.005331816
3675873,0.005692
3675874,0.005889287
3675875,0.0078092064
3675876,0.004856855
3675877,0.007064952
3675878,0.007509199
3675879,0.0019137922
3675880,0.0057284757
3675881,0.009026125
3675882,0.0030451166
3675883,0.0037469864
3675884,0.004596036
3675885,0.0061901556
3675886,0.008925617
3675887,0.012935204
3675888,0.082956284
3675889,0.0057090814
3675890,0.0036083933
3675891,0.0038173653
3675892,0.19064058
3675893,0.0038933686
3675894,0.0079092225
3675895,0.023347534
3675896,0.72143024
3675897,0.0037337118
3675898,0.04257166
3675899,0.00906055
3675900,0.006531435
3675901,0.0052412995
3675902,0.0073728263
3675903,0.0053988774
3675904,0.014207078
3675905,0.0077472115
3675906,0.006892761
3675907,0.024505196
3675908,0.002471178
3675909,0.0064009638
3675910,0.006757309
3675911,0.23007427
3675912,0.016473265
3675913,0.003068502
3675914,0.011987127
3675915,0.004332041
3675916,0.18912104
3675917,0.0028307254
3675918,0.012272166
3675919,0.0026103312
3675920,0.014386413
3675921,0.30726558
3675922,0.009337744
3675923,0.0041034566
3675924,0.011427908
3675925,0.051332552
3675926,0.0022802914
3675927,0.008230254
3675928,0.63231945
3675929,0.0151240425
3675930,0.0052916748
3675931,0.064007804
3675932,0.053243306
3675933,0.007562175
3675934,0.03579209
3675935,0.015203385
3675936,0.038361013
3675937,0.0060555614
3675938,0.0025016812
3675939,0.015142343
3675940,0.018018201
3675941,0.00952155
3675942,0.004606941
3675943,0.01200338
3675944,0.0059717586
3675945,0.004458669
3675946,0.0048489566
3675947,0.02638613
3675948,0.005614595
3675949,0.0061619594
3675950,0.0048413924
3675951,0.0019461847
3675952,0.008715508
3675953,0.0047100578
3675954,0.009405604
3675955,0.0056107496
3675956,0.004880132
3675957,0.018082296
3675958,0.009556384
3675959,0.00948608
3675960,0.0065644234
3675961,0.10230401
3675962,0.009863133
3675963,0.0066349027
3675964,0.5225746
3675965,0.0090075135
3675966,0.0036682195
3675967,0.03058451
3675968,0.0015154738
3675969,0.013455875
3675970,0.012296124
3675971,0.0032227645
3675972,0.55171853
3675973,0.009754498
3675974,0.040987864
3675975,0.0040513817
3675976,0.0043902476
3675977,0.013315102
3675978,0.01085026
3675979,0.0056805126
3675980,0.002136264
3675981,0.046098985
3675982,0.017030353
3675983,0.009207735
3675984,0.017002165
3675985,0.010229655
3675986,0.29685357
3675987,0.01300772
3675988,0.0056940485
3675989,0.040262036
3675990,0.0164161
3675991,0.023952968
3675992,0.005463214
3675993,0.005310258
3675994,0.005887188
3675995,0.008456119
3675996,0.0065920195
3675997,0.0100080315
3675998,0.02078215
3675999,0.0052787242
3676000,0.0016711217
3676001,0.0029285983
3676002,0.013146846
3676003,0.0063806796
3676004,0.010197237
3676005,0.002454765
3676006,0.0052029076
3676007,0.007601854
3676008,0.0010489434
3676009,0.037183806
3676010,0.0050185113
3676011,0.0012947824
3676012,0.007677008
3676013,0.015894387
3676014,0.021586603
3676015,0.005004516
3676016,0.013998466
3676017,0.0033827347
3676018,0.016338058
3676019,0.0062049725
3676020,0.024154289
3676021,0.0037112741
3676022,0.0055976645
3676023,0.010246271
3676024,0.094180286
3676025,0.020197922
3676026,0.006196774
3676027,0.00245122
3676028,0.004245075
3676029,0.05855867
3676030,0.0062715514
3676031,0.002094854
3676032,0.019692909
3676033,0.013936674
3676034,0.014572866
3676035,0.03087668
3676036,0.3705312
3676037,0.022183271
3676038,0.0069528166
3676039,0.0036526204
3676040,0.06617659
3676041,0.013104104
3676042,0.004167063
3676043,0.012615151
3676044,0.0221558
3676045,0.013762919
3676046,0.03378871
3676047,0.006878235
3676048,0.046873037
3676049,0.051017836
3676050,0.009949487
3676051,0.02124187
3676052,0.021827564
3676053,0.007903885
3676054,0.021827564
3676055,0.037406705
3676056,0.022916699
3676057,0.037406705
3676058,0.004187432
3676059,0.037406705
3676060,0.025438394
3676061,0.064529605
3676062,0.005788769
3676063,0.04950393
3676064,0.009521136
3676065,0.0090934895
3676066,0.0076826843
3676067,0.016421776
3676068,0.005273051
3676069,0.16299269
3676070,0.0049435226
3676071,0.0097028855
3676072,0.007255345
3676073,0.0030202072
3676074,0.0067741517
3676075,0.008074689
3676076,0.006985993
3676077,0.0010483174
3676078,0.014568661
3676079,0.005902909
3676080,0.00308799
3676081,0.005371455
3676082,0.006254099
3676083,0.016521266
3676084,0.010571311
3676085,0.01488212
3676086,0.0064630792
3676087,0.005558229
3676088,0.014374477
3676089,0.005217049
3676090,0.0016534642
3676091,0.0053337356
3676092,0.004565637
3676093,0.008931874
3676094,0.0041065095
3676095,0.0044079535
3676096,0.002731267
3676097,0.003387941
3676098,0.01630563
3676099,0.0035951585
3676100,0.012197826
3676101,0.005919273
3676102,0.010377359
3676103,0.024255853
3676104,0.007212966
3676105,0.011839149
3676106,0.0064194016
3676107,0.006966368
3676108,0.026768852
3676109,0.0039844303
3676110,0.0057523185
3676111,0.0037855941
3676112,0.002794338
3676113,0.02716591
3676114,0.047637526
3676115,0.09478578
3676116,0.004706067
3676117,0.0019583008
3676118,0.014215796
3676119,0.017762596
3676120,0.0047095767
3676121,0.0071355966
3676122,0.009921489
3676123,0.08642818
3676124,0.017936442
3676125,0.026076552
3676126,0.010317722
3676127,0.011121787
3676128,0.0042607933
3676129,0.011084782
3676130,0.018963462
3676131,0.1950177
3676132,0.00841915
3676133,0.034940764
3676134,0.030257372
3676135,0.02222778
3676136,0.0007864629
3676137,0.0015332659
3676138,0.010882143
3676139,0.007515979
3676140,0.10510106
3676141,0.058177337
3676142,0.021071235
3676143,0.0027351636
3676144,0.020942632
3676145,0.0028621203
3676146,0.004352132
3676147,0.01599311
3676148,0.015183793
3676149,0.0040430436
3676150,0.004805151
3676151,0.023723142
3676152,0.007730229
3676153,0.011976944
3676154,0.004661931
3676155,0.0030281432
3676156,0.003674598
3676157,0.005649653
3676158,0.0016546116
3676159,0.0027991335
3676160,0.008244924
3676161,0.0021961734
3676162,0.0642705
3676163,0.007221265
3676164,0.0023234643
3676165,0.005946301
3676166,0.017115172
3676167,0.0030856438
3676168,0.02900983
3676169,0.010454874
3676170,0.011592973
3676171,0.016797353
3676172,0.0027270762
3676173,0.009254831
3676174,0.006139163
3676175,0.00357926
3676176,0.0061872173
3676177,0.002430403
3676178,0.012496247
3676179,0.012312663
3676180,0.014613335
3676181,0.026376978
3676182,0.0019023183
3676183,0.006588102
3676184,0.03269117
3676185,0.003626922
3676186,0.004482697
3676187,0.0030989589
3676188,0.006270633
3676189,0.0061246445
3676190,0.006831916
3676191,0.02539495
3676192,0.023359323
3676193,0.039465886
3676194,0.03563285
3676195,0.013864306
3676196,0.007965615
3676197,0.008414123
3676198,0.0057580266
3676199,0.014229567
3676200,0.13936372
3676201,0.021007342
3676202,0.010687751
3676203,0.0061762347
3676204,0.0058358675
3676205,0.009391002
3676206,0.0082421135
3676207,0.009939882
3676208,0.015876548
3676209,0.0036549221
3676210,0.010938179
3676211,0.008911093
3676212,0.0071775755
3676213,0.013568141
3676214,0.15579765
3676215,0.004314969
3676216,0.011189099
3676217,0.014646014
3676218,0.0044973763
3676219,0.008354684
3676220,0.0033253029
3676221,0.007660153
3676222,0.007025793
3676223,0.009877122
3676224,0.0097036455
3676225,0.005584274
3676226,0.008052217
3676227,0.004846564
3676228,0.027256804
3676229,0.010931434
3676230,0.0040167416
3676231,0.009882435
3676232,0.005732453
3676233,0.005553347
3676234,0.0067278245
3676235,0.004099067
3676236,0.003648978
3676237,0.01220608
3676238,0.007894419
3676239,0.009584199
3676240,0.0074436083
3676241,0.0058179153
3676242,0.066799425
3676243,0.0031183418
3676244,0.0036986333
3676245,0.020457681
3676246,0.0028336667
3676247,0.033136982
3676248,0.034389008
3676249,0.017726831
3676250,0.005583374
3676251,0.013297147
3676252,0.0036589757
3676253,0.011499007
3676254,0.005765853
3676255,0.018423347
3676256,0.003420442
3676257,0.01168544
3676258,0.004694583
3676259,0.0077927196
3676260,0.0075370544
3676261,0.016639883
3676262,0.0078097787
3676263,0.021186706
3676264,0.025193458
3676265,0.0062730913
3676266,0.011310149
3676267,0.0033682003
3676268,0.0032363862
3676269,0.008102424
3676270,0.004973179
3676271,0.045181524
3676272,0.0027135941
3676273,0.009833352
3676274,0.0025014898
3676275,0.0144243445
3676276,0.0110959215
3676277,0.0062293108
3676278,0.018988516
3676279,0.0043575405
3676280,0.01568419
3676281,0.009797615
3676282,0.0030990606
3676283,0.035290286
3676284,0.004706623
3676285,0.002793889
3676286,0.0048636287
3676287,0.0047709006
3676288,0.10400649
3676289,0.0058558374
3676290,0.03296691
3676291,0.013882548
3676292,0.01789897
3676293,0.13726363
3676294,0.013671296
3676295,0.020488622
3676296,0.03233653
3676297,0.0021668246
3676298,0.02095445
3676299,0.03269803
3676300,0.0029519575
3676301,0.03456897
3676302,0.0046803053
3676303,0.014779324
3676304,0.006344129
3676305,0.0042614
3676306,0.03269803
3676307,0.0068509607
3676308,0.004342549
3676309,0.016124178
3676310,0.009586911
3676311,0.010615362
3676312,0.008605433
3676313,0.0069774105
3676314,0.01255801
3676315,0.03269803
3676316,0.011545969
3676317,0.010092563
3676318,0.007017691
3676319,0.035751875
3676320,0.007771776
3676321,0.006041804
3676322,0.0032494292
3676323,0.0050877384
3676324,0.014899887
3676325,0.02225094
3676326,0.005547112
3676327,0.006023245
3676328,0.045213357
3676329,0.015958672
3676330,0.013560089
3676331,0.00702902
3676332,0.01890278
3676333,0.0065701227
3676334,0.0032899166
3676335,0.099124625
3676336,0.017039414
3676337,0.068893954
3676338,0.006199409
3676339,0.0032385807
3676340,0.009683569
3676341,0.0054852334
3676342,0.06690568
3676343,0.028269092
3676344,0.007222896
3676345,0.0073436745
3676346,0.006563074
3676347,0.015761163
3676348,0.025755666
3676349,0.002644095
3676350,0.005184548
3676351,0.03264019
3676352,0.011021999
3676353,0.011681388
3676354,0.04105541
3676355,0.014041231
3676356,0.005775696
3676357,0.0067214454
3676358,0.010765244
3676359,0.011100913
3676360,0.0076439995
3676361,0.2075802
3676362,0.011139006
3676363,0.0056135408
3676364,0.0064325687
3676365,0.006716051
3676366,0.012956549
3676367,0.013445669
3676368,0.0024642786
3676369,0.026066441
3676370,0.0062198066
3676371,0.003857034
3676372,0.0062384713
3676373,0.0037397952
3676374,0.5619568
3676375,0.0059955963
3676376,0.016706904
3676377,0.017800413
3676378,0.011996399
3676379,0.005533157
3676380,0.0057878336
3676381,0.0017310253
3676382,0.010661178
3676383,0.008684364
3676384,0.0047922465
3676385,0.00727136
3676386,0.012132074
3676387,0.021909192
3676388,0.0037851485
3676389,0.0024288937
3676390,0.0151482895
3676391,0.027509104
3676392,0.0041445154
3676393,0.0045807906
3676394,0.005088677
3676395,0.008371305
3676396,0.008629966
3676397,0.006472974
3676398,0.0074932873
3676399,0.0032314786
3676400,0.00866914
3676401,0.0027704714
3676402,0.03246137
3676403,0.03528636
3676404,0.03528636
3676405,0.03528636
3676406,0.03528636
3676407,0.055213254
3676408,0.03528636
3676409,0.03528636
3676410,0.0655372
3676411,0.03528636
3676412,0.027570909
3676413,0.005754763
3676414,0.028709836
3676415,0.0122453
3676416,0.0033314782
3676417,0.008773633
3676418,0.011795988
3676419,0.015259595
3676420,0.02133192
3676421,0.00246617
3676422,0.008389148
3676423,0.0041875737
3676424,0.016419929
3676425,0.15184501
3676426,0.010444648
3676427,0.0054182485
3676428,0.075406864
3676429,0.00788864
3676430,0.004905038
3676431,0.019210862
3676432,0.00564573
3676433,0.015138931
3676434,0.011992138
3676435,0.015368948
3676436,0.007037676
3676437,0.02898626
3676438,0.08857814
3676439,0.006199629
3676440,0.025134265
3676441,0.02245538
3676442,0.005760375
3676443,0.006986942
3676444,0.03341924
3676445,0.009528546
3676446,0.35547587
3676447,0.20701408
3676448,0.024511985
3676449,0.009860735
3676450,0.009336209
3676451,0.008756308
3676452,0.0055042966
3676453,0.0013392869
3676454,0.014947127
3676455,0.014433208
3676456,0.011290793
3676457,0.0110046
3676458,0.04641939
3676459,0.0015215027
3676460,0.008810572
3676461,0.0032164431
3676462,0.001462596
3676463,0.0105188675
3676464,0.0053725755
3676465,0.0052292235
3676466,0.03150783
3676467,0.0012711018
3676468,0.0052016713
3676469,0.020536259
3676470,0.012536671
3676471,0.007953378
3676472,0.006036139
3676473,0.0064540133
3676474,0.7777561
3676475,0.0030443757
3676476,0.004156684
3676477,0.005333331
3676478,0.025675753
3676479,0.08427579
3676480,0.8661085
3676481,0.13353568
3676482,0.005373297
3676483,0.004393523
3676484,0.010105496
3676485,0.011276292
3676486,0.0056728953
3676487,0.0017054359
3676488,0.014939035
3676489,0.006137909
3676490,0.080628246
3676491,0.00229347
3676492,0.0056432057
3676493,0.004822464
3676494,0.010366351
3676495,0.016197339
3676496,0.010196529
3676497,0.010344064
3676498,0.006667731
3676499,0.01784975
3676500,0.0115419915
3676501,0.0071608527
3676502,0.0037238416
3676503,0.0027822782
3676504,0.022099487
3676505,0.030165428
3676506,0.0205136
3676507,0.0712038
3676508,0.0023382262
3676509,0.020942232
3676510,0.008349479
3676511,0.0018950152
3676512,0.0016071285
3676513,0.0074133333
3676514,0.005779279
3676515,0.11484415
3676516,0.011895356
3676517,0.013120042
3676518,0.009827912
3676519,0.014326408
3676520,0.0024314749
3676521,0.008680498
3676522,0.17658305
3676523,0.009110042
3676524,0.101167016
3676525,0.0072289607
3676526,0.0055754767
3676527,0.039590266
3676528,0.011544756
3676529,0.009103381
3676530,0.018510297
3676531,0.20529616
3676532,0.0028588765
3676533,0.0046939547
3676534,0.015071212
3676535,0.009055298
3676536,0.29060608
3676537,0.0041641835
3676538,0.017633483
3676539,0.0057688663
3676540,0.0063736374
3676541,0.13540398
3676542,0.25450766
3676543,0.00624186
3676544,0.010455915
3676545,0.0090439925
3676546,0.0070445137
3676547,0.011787964
3676548,0.007871645
3676549,0.010988663
3676550,0.02042179
3676551,0.0053479415
3676552,0.006139867
3676553,0.017608464
3676554,0.006528413
3676555,0.0071095875
3676556,0.0153345885
3676557,0.010705423
3676558,0.028609602
3676559,0.0056971167
3676560,0.01330522
3676561,0.014612126
3676562,0.0069190175
3676563,0.02202684
3676564,0.006600375
3676565,0.003512446
3676566,0.0061548674
3676567,0.0055247936
3676568,0.01572889
3676569,0.057489883
3676570,0.020166019
3676571,0.011666891
3676572,0.037196808
3676573,0.010940552
3676574,0.003852989
3676575,0.1490982
3676576,0.005185062
3676577,0.3921011
3676578,0.005098546
3676579,0.007930097
3676580,0.045193035
3676581,0.36708072
3676582,0.002862236
3676583,0.010910115
3676584,0.0047715437
3676585,0.0068750395
3676586,0.005211847
3676587,0.3080808
3676588,0.013003368
3676589,0.015614502
3676590,0.04573793
3676591,0.0033773296
3676592,0.3080808
3676593,0.005028512
3676594,0.020684524
3676595,0.0023458404
3676596,0.0105368085
3676597,0.0045663677
3676598,0.018150251
3676599,0.0059867734
3676600,0.01020064
3676601,0.0031290771
3676602,0.01603421
3676603,0.014359548
3676604,0.010147961
3676605,0.012165076
3676606,0.0071028383
3676607,0.005022365
3676608,0.0036785123
3676609,0.018634131
3676610,0.009139246
3676611,0.77791
3676612,0.004706221
3676613,0.0049244473
3676614,0.0036129085
3676615,0.0069596977
3676616,0.013974009
3676617,0.010299071
3676618,0.0067147277
3676619,0.0037641567
3676620,0.014975356
3676621,0.003484242
3676622,0.004875487
3676623,0.0075690774
3676624,0.0019606545
3676625,0.002468819
3676626,0.0076796673
3676627,0.015966201
3676628,0.0077298814
3676629,0.020726707
3676630,0.046256483
3676631,0.007830468
3676632,0.017312674
3676633,0.0037422122
3676634,0.023357289
3676635,0.0051627546
3676636,0.005682374
3676637,0.0075454344
3676638,0.0048623155
3676639,0.0044076983
3676640,0.012600762
3676641,0.21375792
3676642,0.015080169
3676643,0.3299777
3676644,0.005837929
3676645,0.0051852637
3676646,0.0112384865
3676647,0.011284413
3676648,0.010928964
3676649,0.0013259269
3676650,0.020195082
3676651,0.009095676
3676652,0.0058971704
3676653,0.011072229
3676654,0.0059851054
3676655,0.02235255
3676656,0.021625072
3676657,0.046619385
3676658,0.0302659
3676659,0.006605075
3676660,0.012216536
3676661,0.004822647
3676662,0.010531078
3676663,0.012022118
3676664,0.0038495006
3676665,0.0045682015
3676666,0.0055839196
3676667,0.012044993
3676668,0.0055698957
3676669,0.14610434
3676670,0.011320744
3676671,0.003287797
3676672,0.005245404
3676673,0.13893306
3676674,0.011053359
3676675,0.022988183
3676676,0.4067822
3676677,0.015459576
3676678,0.005652565
3676679,0.00827256
3676680,0.02363053
3676681,0.040768653
3676682,0.015877174
3676683,0.006360406
3676684,0.0023594778
3676685,0.025214693
3676686,0.062355146
3676687,0.023101162
3676688,0.013354984
3676689,0.008975511
3676690,0.0042585116
3676691,0.010505287
3676692,0.022009041
3676693,0.008699821
3676694,0.02671283
3676695,0.012638062
3676696,0.0044296943
3676697,0.0031557085
3676698,0.0041091293
3676699,0.0061568455
3676700,0.010355649
3676701,0.0052566445
3676702,0.021313755
3676703,0.011542787
3676704,0.021034878
3676705,0.0059742047
3676706,0.04572841
3676707,0.30054316
3676708,0.0018838152
3676709,0.0046983925
3676710,0.011743195
3676711,0.003525083
3676712,0.005656592
3676713,0.051791947
3676714,0.004299445
3676715,0.011360241
3676716,0.0033431975
3676717,0.017283484
3676718,0.03336631
3676719,0.00974339
3676720,0.002645442
3676721,0.005262487
3676722,0.0034478302
3676723,0.0060364283
3676724,0.0036772983
3676725,0.007847104
3676726,0.009312164
3676727,0.003605153
3676728,0.001478387
3676729,0.010031099
3676730,0.0054208855
3676731,0.0029334605
3676732,0.019297814
3676733,0.017096557
3676734,0.0049388804
3676735,0.007870832
3676736,0.118438356
3676737,0.0071027344
3676738,0.013892225
3676739,0.0055913245
3676740,0.013683884
3676741,0.008732546
3676742,0.021344092
3676743,0.004705471
3676744,0.0147180855
3676745,0.0014899656
3676746,0.004606016
3676747,0.0029719127
3676748,0.005077076
3676749,0.0061540534
3676750,0.023504632
3676751,0.0057314504
3676752,0.016860502
3676753,0.0187948
3676754,0.0024443911
3676755,0.012422575
3676756,0.0044044745
3676757,0.013841807
3676758,0.0053066346
3676759,0.016232528
3676760,0.0053334525
3676761,0.008061221
3676762,0.0075829304
3676763,0.002980704
3676764,0.058434337
3676765,0.0076416456
3676766,0.009778902
3676767,0.009909997
3676768,0.0060658017
3676769,0.0022572705
3676770,0.038273018
3676771,0.009902365
3676772,0.011247466
3676773,0.0030883835
3676774,0.0054958174
3676775,0.005319608
3676776,0.0131620485
3676777,0.097050436
3676778,0.002911255
3676779,0.0072040427
3676780,0.009141575
3676781,0.85029745
3676782,0.0023733354
3676783,0.0063618706
3676784,0.015159555
3676785,0.17515801
3676786,0.003314424
3676787,0.008147844
3676788,0.0049106153
3676789,0.03133273
3676790,0.004267446
3676791,0.020211864
3676792,0.0035169537
3676793,0.009830599
3676794,0.026555879
3676795,0.044368442
3676796,0.004581643
3676797,0.0129649
3676798,0.012431605
3676799,0.1845748
3676800,0.008053706
3676801,0.009798235
3676802,0.0111063905
3676803,0.0043466683
3676804,0.0136548
3676805,0.028211659
3676806,0.0026700217
3676807,0.004309046
3676808,0.013546453
3676809,0.0028695727
3676810,0.01705972
3676811,0.0042572827
3676812,0.012143532
3676813,0.0065618213
3676814,0.015641212
3676815,0.014198058
3676816,0.0055668037
3676817,0.0070172194
3676818,0.033237495
3676819,0.022832401
3676820,0.009785867
3676821,0.005116134
3676822,0.010955077
3676823,0.12910242
3676824,0.007339049
3676825,0.0063197403
3676826,0.009373094
3676827,0.10842462
3676828,0.0075460915
3676829,0.0139044775
3676830,0.007842491
3676831,0.028530417
3676832,0.0038727578
3676833,0.024610203
3676834,0.0035924262
3676835,0.016081726
3676836,0.011208662
3676837,0.008788159
3676838,0.03796407
3676839,0.061873376
3676840,0.013300481
3676841,0.01240232
3676842,0.079178125
3676843,0.0076255174
3676844,0.005174133
3676845,0.058071394
3676846,0.0025024607
3676847,0.010502283
3676848,0.009667504
3676849,0.0052976366
3676850,0.007379292
3676851,0.0042346306
3676852,0.0052819853
3676853,0.008309222
3676854,0.045438997
3676855,0.0017746175
3676856,0.015092951
3676857,0.014830193
3676858,0.03433654
3676859,0.0077936007
3676860,0.0049963193
3676861,0.01999708
3676862,0.0043582814
3676863,0.053356033
3676864,0.009170372
3676865,0.005749036
3676866,0.0047511216
3676867,0.009493275
3676868,0.016707234
3676869,0.006420278
3676870,0.00727145
3676871,0.0010251108
3676872,0.007292118
3676873,0.02141859
3676874,0.01691037
3676875,0.012541076
3676876,0.0039068325
3676877,0.0017011159
3676878,0.0039583314
3676879,0.007463748
3676880,0.009534209
3676881,0.008627689
3676882,0.0100820735
3676883,0.42658287
3676884,0.0046535945
3676885,0.020861154
3676886,0.027146908
3676887,0.0056535034
3676888,0.015070703
3676889,0.0025915303
3676890,0.010973442
3676891,0.00427882
3676892,0.0107364645
3676893,0.003522138
3676894,0.0065123197
3676895,0.007366624
3676896,0.0147673935
3676897,0.0051882924
3676898,0.00243626
3676899,0.00708602
3676900,0.007084679
3676901,0.014065281
3676902,0.0031809441
3676903,0.01213244
3676904,0.0049918313
3676905,0.010003658
3676906,0.0012534597
3676907,0.022787707
3676908,0.011341405
3676909,0.013634417
3676910,0.013534835
3676911,0.010212457
3676912,0.056199387
3676913,0.025410976
3676914,0.003041335
3676915,0.0044085057
3676916,0.0034829774
3676917,0.0018494644
3676918,0.01723533
3676919,0.034854136
3676920,0.015356586
3676921,0.005004953
3676922,0.005603969
3676923,0.006851875
3676924,0.014931388
3676925,0.005368816
3676926,0.0100820735
3676927,0.0067805257
3676928,0.005012336
3676929,0.0041095354
3676930,0.01265499
3676931,0.014469711
3676932,0.005397159
3676933,0.0422565
3676934,0.0026491599
3676935,0.0041919164
3676936,0.0117262015
3676937,0.0046832426
3676938,0.0038142947
3676939,0.014102014
3676940,0.0075280857
3676941,0.0056225127
3676942,0.002382626
3676943,0.010308757
3676944,0.013945202
3676945,0.021617038
3676946,0.010808024
3676947,0.008878993
3676948,0.023075698
3676949,0.023877209
3676950,0.004544358
3676951,0.0048692054
3676952,0.0090439245
3676953,0.007881366
3676954,0.0031058858
3676955,0.0066622067
3676956,0.0057025454
3676957,0.0018946418
3676958,0.0035993287
3676959,0.005744505
3676960,0.015189591
3676961,0.013067513
3676962,0.02526667
3676963,0.008343614
3676964,0.011552921
3676965,0.014744268
3676966,0.003641427
3676967,0.023629572
3676968,0.008198985
3676969,0.004253884
3676970,0.04503022
3676971,0.039068017
3676972,0.013223555
3676973,0.00529166
3676974,0.013674626
3676975,0.23527353
3676976,0.0055204197
3676977,0.016439253
3676978,0.0045134183
3676979,0.057526607
3676980,0.0035573957
3676981,0.013581307
3676982,0.024825798
3676983,0.008094672
3676984,0.006875652
3676985,0.020860126
3676986,0.011499809
3676987,0.005530744
3676988,0.004022287
3676989,0.018232731
3676990,0.013905243
3676991,0.008239896
3676992,0.057067968
3676993,0.01274256
3676994,0.0031775138
3676995,0.018035842
3676996,0.0065256306
3676997,0.011696824
3676998,0.013545917
3676999,0.0059323963
3677000,0.16660015
3677001,0.0033133517
3677002,0.0031668292
3677003,0.2917301
3677004,0.005031502
3677005,0.008789131
3677006,0.018792627
3677007,0.012084613
3677008,0.006104357
3677009,0.0073929755
3677010,0.007726741
3677011,0.008136926
3677012,0.005402435
3677013,0.014055589
3677014,0.015581153
3677015,0.011693247
3677016,0.036335703
3677017,0.0027692255
3677018,0.011177526
3677019,0.0035453509
3677020,0.0081419805
3677021,0.025328523
3677022,0.004580445
3677023,0.006367377
3677024,0.009678581
3677025,0.04056543
3677026,0.018565362
3677027,0.009870829
3677028,0.012937384
3677029,0.024827434
3677030,0.015475485
3677031,0.0064156437
3677032,0.00815366
3677033,0.063132174
3677034,0.012724805
3677035,0.053270873
3677036,0.31998911
3677037,0.04056543
3677038,0.011186003
3677039,0.018884242
3677040,0.1469196
3677041,0.003393674
3677042,0.018316956
3677043,0.10063912
3677044,0.011513309
3677045,0.26356387
3677046,0.009623285
3677047,0.006323709
3677048,0.0027011647
3677049,0.011022025
3677050,0.03779029
3677051,0.004820316
3677052,0.0066627967
3677053,0.006151051
3677054,0.007930097
3677055,0.010196621
3677056,0.010290117
3677057,0.0055853836
3677058,0.005185062
3677059,0.018396657
3677060,0.01051984
3677061,0.013956609
3677062,0.01574183
3677063,0.012609207
3677064,0.0047330726
3677065,0.0011805395
3677066,0.0043297973
3677067,0.0052499664
3677068,0.010186255
3677069,0.0047592954
3677070,0.0017823235
3677071,0.03427063
3677072,0.017868327
3677073,0.021338033
3677074,0.0022211433
3677075,0.0059134564
3677076,0.041441012
3677077,0.0048360904
3677078,0.002268985
3677079,0.0033230847
3677080,0.004375418
3677081,0.056075156
3677082,0.028823456
3677083,0.0047597648
3677084,0.036335703
3677085,0.0040280716
3677086,0.0070367996
3677087,0.016473265
3677088,0.016495708
3677089,0.0038737257
3677090,0.013494847
3677091,0.0036601874
3677092,0.021388052
3677093,0.094956115
3677094,0.036335703
3677095,0.0045190114
3677096,0.004668454
3677097,0.004711428
3677098,0.11195997
3677099,0.013108748
3677100,0.03091218
3677101,0.018539114
3677102,0.012340953
3677103,0.0027587304
3677104,0.036348354
3677105,0.009703412
3677106,0.005907044
3677107,0.0081332475
3677108,0.0082211625
3677109,0.0008809222
3677110,0.0155192
3677111,0.035915393
3677112,0.0026214835
3677113,0.03801342
3677114,0.0025543675
3677115,0.007464652
3677116,0.0062061516
3677117,0.006084295
3677118,0.0053721047
3677119,0.003562731
3677120,0.008950318
3677121,0.015595744
3677122,0.04154236
3677123,0.004852925
3677124,0.009032486
3677125,0.0053460468
3677126,0.017988328
3677127,0.004884307
3677128,0.007190383
3677129,0.023897761
3677130,0.018310128
3677131,0.009739529
3677132,0.009563527
3677133,0.0070212204
3677134,0.011492332
3677135,0.015191281
3677136,0.007601854
3677137,0.0058073425
3677138,0.004977908
3677139,0.0025629995
3677140,0.007271082
3677141,0.021249732
3677142,0.0033987921
3677143,0.01219423
3677144,0.0028083725
3677145,0.0040895105
3677146,0.003664412
3677147,0.0073994864
3677148,0.019774592
3677149,0.013371104
3677150,0.0060420213
3677151,0.020726398
3677152,0.0034674827
3677153,0.0112932315
3677154,0.013014272
3677155,0.02090297
3677156,0.0030669721
3677157,0.016365638
3677158,0.009422474
3677159,0.0067988704
3677160,0.006234227
3677161,0.022087988
3677162,0.027018877
3677163,0.024440354
3677164,0.0061846753
3677165,0.0055077616
3677166,0.0074354783
3677167,0.010999541
3677168,0.0069845906
3677169,0.013365016
3677170,0.29157665
3677171,0.63033026
3677172,0.00974621
3677173,0.004598901
3677174,0.0044988627
3677175,0.051512517
3677176,0.004975287
3677177,0.041238286
3677178,0.093165815
3677179,0.0077531594
3677180,0.007119069
3677181,0.027274832
3677182,0.022820711
3677183,0.004660055
3677184,0.009716659
3677185,0.0052024927
3677186,0.0058148853
3677187,0.013320716
3677188,0.0024534436
3677189,0.005444158
3677190,0.003150069
3677191,0.0018616741
3677192,0.016355779
3677193,0.010344528
3677194,0.0047511216
3677195,0.01339578
3677196,0.0573449
3677197,0.0086089885
3677198,0.011043767
3677199,0.0064897975
3677200,0.0046763127
3677201,0.006251817
3677202,0.040288366
3677203,0.010299071
3677204,0.0023106106
3677205,0.0020449765
3677206,0.0018625151
3677207,0.0033357795
3677208,0.0039436156
3677209,0.007905361
3677210,0.013383761
3677211,0.003497042
3677212,0.42434886
3677213,0.004881693
3677214,0.01013123
3677215,0.26957968
3677216,0.009850847
3677217,0.006678816
3677218,0.01023743
3677219,0.0047492823
3677220,0.29646337
3677221,0.006634369
3677222,0.0031275607
3677223,0.017694496
3677224,0.0043835184
3677225,0.0047153337
3677226,0.010293847
3677227,0.04914565
3677228,0.004193758
3677229,0.0049526296
3677230,0.0052497396
3677231,0.0144310575
3677232,0.01156107
3677233,0.004311483
3677234,0.0030679319
3677235,0.011693247
3677236,0.008716076
3677237,0.06350032
3677238,0.009904902
3677239,0.008809868
3677240,0.004242147
3677241,0.014217052
3677242,0.023793941
3677243,0.0026610354
3677244,0.023150591
3677245,0.0037454506
3677246,0.02514739
3677247,0.00782969
3677248,0.03761787
3677249,0.026091954
3677250,0.006674275
3677251,0.044797875
3677252,0.022809835
3677253,0.0043265345
3677254,0.017444855
3677255,0.0034336955
3677256,0.0046554944
3677257,0.015476451
3677258,0.008170758
3677259,0.062398948
3677260,0.018748097
3677261,0.05368527
3677262,0.037544098
3677263,0.028388388
3677264,0.0051905867
3677265,0.006484754
3677266,0.0037341642
3677267,0.013475259
3677268,0.0029269727
3677269,0.08201038
3677270,0.0033461985
3677271,0.0073313694
3677272,0.008351307
3677273,0.0063879155
3677274,0.002339095
3677275,0.009525567
3677276,0.009939093
3677277,0.00583084
3677278,0.0041907583
3677279,0.13726363
3677280,0.0022192125
3677281,0.3003846
3677282,0.017313588
3677283,0.0031586646
3677284,0.024427073
3677285,0.009714994
3677286,0.007254954
3677287,0.003882062
3677288,0.015991775
3677289,0.14060302
3677290,0.01357174
3677291,0.0011497035
3677292,0.18138869
3677293,0.0055779093
3677294,0.021483643
3677295,0.02306779
3677296,0.022298044
3677297,0.0034039076
3677298,0.0063298186
3677299,0.33637443
3677300,0.0067286245
3677301,0.012455746
3677302,0.0074075847
3677303,0.006832621
3677304,0.0069811745
3677305,0.017278124
3677306,0.0053426074
3677307,0.020254936
3677308,0.01653296
3677309,0.0046027577
3677310,0.0029487214
3677311,0.008043788
3677312,0.14757001
3677313,0.0040287813
3677314,0.008325406
3677315,0.0061252164
3677316,0.0041485517
3677317,0.39635366
3677318,0.010532251
3677319,0.0023292003
3677320,0.34127918
3677321,0.005796217
3677322,0.0046581225
3677323,0.00730589
3677324,0.0070847254
3677325,0.0039683287
3677326,0.024525639
3677327,0.011441237
3677328,0.0043763407
3677329,0.32135454
3677330,0.40559602
3677331,0.009613233
3677332,0.015248794
3677333,0.013261983
3677334,0.013802561
3677335,0.014179709
3677336,0.0020071666
3677337,0.00850008
3677338,0.024752507
3677339,0.0061133057
3677340,0.004426314
3677341,0.016257918
3677342,0.0041402173
3677343,0.024108222
3677344,0.0040508066
3677345,0.010257539
3677346,0.013498847
3677347,0.008620815
3677348,0.01117518
3677349,0.016969219
3677350,0.003424718
3677351,0.007865911
3677352,0.027638184
3677353,0.004988261
3677354,0.013494847
3677355,0.008802326
3677356,0.022820711
3677357,0.03125772
3677358,0.0056302943
3677359,0.021548958
3677360,0.028960776
3677361,0.030522712
3677362,0.013868629
3677363,0.013755258
3677364,0.048074555
3677365,0.008888784
3677366,0.0031004352
3677367,0.018477622
3677368,0.0354858
3677369,0.008311301
3677370,0.00877584
3677371,0.0026667123
3677372,0.038712516
3677373,0.0034018557
3677374,0.008059887
3677375,0.007167358
3677376,0.045977116
3677377,0.0020967885
3677378,0.0035030954
3677379,0.003652355
3677380,0.013022384
3677381,0.034930065
3677382,0.010227086
3677383,0.00634891
3677384,0.07696619
3677385,0.016029073
3677386,0.002650531
3677387,0.0022571245
3677388,0.009212395
3677389,0.011597121
3677390,0.01559838
3677391,0.004391119
3677392,0.001698626
3677393,0.0047347844
3677394,0.0031910038
3677395,0.0030035877
3677396,0.31129888
3677397,0.029031578
3677398,0.013584821
3677399,0.012119845
3677400,0.014982484
3677401,0.023834452
3677402,0.015770255
3677403,0.014866966
3677404,0.013628128
3677405,0.008653909
3677406,0.018529143
3677407,0.008023918
3677408,0.002725181
3677409,0.0048122504
3677410,0.0030471338
3677411,0.014592956
3677412,0.28594956
3677413,0.0024946718
3677414,0.009269283
3677415,0.0063245306
3677416,0.010661178
3677417,0.037638176
3677418,0.0077887527
3677419,0.0053953165
3677420,0.00437509
3677421,0.0020553784
3677422,0.0069581126
3677423,0.010865675
3677424,0.042778924
3677425,0.0046333605
3677426,0.0354858
3677427,0.008326135
3677428,0.018306747
3677429,0.0043583186
3677430,0.0063813087
3677431,0.008725969
3677432,0.006736765
3677433,0.003938953
3677434,0.01219423
3677435,0.010529658
3677436,0.0029385944
3677437,0.0057696267
3677438,0.021175692
3677439,0.0034397328
3677440,0.0108739445
3677441,0.0041447417
3677442,0.031006219
3677443,0.10882672
3677444,0.0092262365
3677445,0.04085145
3677446,0.0072051478
3677447,0.02528207
3677448,0.0046506715
3677449,0.09727651
3677450,0.012208271
3677451,0.008501562
3677452,0.009232324
3677453,0.0064540133
3677454,0.009871603
3677455,0.023294756
3677456,0.0009845669
3677457,0.008394056
3677458,0.027787436
3677459,0.0053136116
3677460,0.021942917
3677461,0.0066257007
3677462,0.007995786
3677463,0.0073595527
3677464,0.0020060493
3677465,0.013125958
3677466,0.002490753
3677467,0.023432255
3677468,0.00415993
3677469,0.007927078
3677470,0.008736498
3677471,0.0023273649
3677472,0.024307188
3677473,0.011808017
3677474,0.0011609818
3677475,0.010472935
3677476,0.028656997
3677477,0.010446058
3677478,0.009823032
3677479,0.042562835
3677480,0.0061250455
3677481,0.0043942533
3677482,0.0039187823
3677483,0.0047810795
3677484,0.0064942567
3677485,0.0055784094
3677486,0.023547424
3677487,0.010138424
3677488,0.015173763
3677489,0.005183481
3677490,0.114915185
3677491,0.010299071
3677492,0.008446729
3677493,0.009524519
3677494,0.005564075
3677495,0.004145643
3677496,0.002401042
3677497,0.0047709662
3677498,0.009600584
3677499,0.007441223
3677500,0.025427012
3677501,0.41713732
3677502,0.013574538
3677503,0.0058558374
3677504,0.026443392
3677505,0.022091944
3677506,0.007908231
3677507,0.6285347
3677508,0.017926374
3677509,0.0068229786
3677510,0.0029659506
3677511,0.74367
3677512,0.001515559
3677513,0.014930062
3677514,0.003724498
3677515,0.7223293
3677516,0.012972694
3677517,0.010252695
3677518,0.0064080916
3677519,0.0020112167
3677520,0.010672964
3677521,0.0046479967
3677522,0.0067853634
3677523,0.6048281
3677524,0.043845836
3677525,0.02008322
3677526,0.009730966
3677527,0.009726689
3677528,0.011972171
3677529,0.006490249
3677530,0.0018147029
3677531,0.0024529172
3677532,0.010528669
3677533,0.05520141
3677534,0.010340403
3677535,0.05064909
3677536,0.0075499164
3677537,0.009753
3677538,0.008383224
3677539,0.0049213544
3677540,0.018054515
3677541,0.359929
3677542,0.0011211529
3677543,0.009217453
3677544,0.014561373
3677545,0.0027903414
3677546,0.010791523
3677547,0.076732785
3677548,0.005239503
3677549,0.38675886
3677550,0.0354858
3677551,0.0034676688
3677552,0.6456241
3677553,0.005063608
3677554,0.0032533046
3677555,0.05936962
3677556,0.0074056387
3677557,0.10794747
3677558,0.0055069206
3677559,0.034054272
3677560,0.008032664
3677561,0.059826013
3677562,0.007601876
3677563,0.0045463536
3677564,0.6534971
3677565,0.18986018
3677566,0.0098362025
3677567,0.008800105
3677568,0.004416254
3677569,0.0016635512
3677570,0.033786394
3677571,0.010322788
3677572,0.017007425
3677573,0.016102783
3677574,0.05056319
3677575,0.009191279
3677576,0.007186507
3677577,0.0072451793
3677578,0.019560758
3677579,0.006304956
3677580,0.007870896
3677581,0.02255472
3677582,0.13373385
3677583,0.074686795
3677584,0.019987114
3677585,0.012629093
3677586,0.0647258
3677587,0.20344114
3677588,0.0116486065
3677589,0.021580132
3677590,0.004745254
3677591,0.18052469
3677592,0.22665474
3677593,0.22008304
3677594,0.0041633886
3677595,0.00855897
3677596,0.06993803
3677597,0.014487864
3677598,0.016159808
3677599,0.007419764
3677600,0.0043964484
3677601,0.009081583
3677602,0.012217296
3677603,0.0092239175
3677604,0.005014917
3677605,0.0151392
3677606,0.021525288
3677607,0.03003229
3677608,0.17294392
3677609,0.05665332
3677610,0.09672594
3677611,0.0064731734
3677612,0.14019002
3677613,0.011959132
3677614,0.0038752512
3677615,0.018471517
3677616,0.0068679396
3677617,0.0035117653
3677618,0.09463002
3677619,0.0104194535
3677620,0.09463002
3677621,0.04856232
3677622,0.0043336432
3677623,0.0034781331
3677624,0.044583924
3677625,0.01709352
3677626,0.031281386
3677627,0.0087592965
3677628,0.03939599
3677629,0.01781072
3677630,0.0036682056
3677631,0.01846357
3677632,0.07743758
3677633,0.005533186
3677634,0.009600584
3677635,0.004393884
3677636,0.0014258784
3677637,0.0020600548
3677638,0.0047310563
3677639,0.03986453
3677640,0.005711602
3677641,0.00401004
3677642,0.010754266
3677643,0.023657985
3677644,0.003885222
3677645,0.00914825
3677646,0.0036982466
3677647,0.049185663
3677648,0.03501134
3677649,0.004087214
3677650,0.0090439245
3677651,0.0063280975
3677652,0.0050112423
3677653,0.1445194
3677654,0.0021376263
3677655,0.024834938
3677656,0.045291245
3677657,0.03171888
3677658,0.15171435
3677659,0.0034324115
3677660,0.019541368
3677661,0.012786238
3677662,0.23280519
3677663,0.003387614
3677664,0.0032716526
3677665,0.18293181
3677666,0.21468256
3677667,0.01918382
3677668,0.00990047
3677669,0.07991565
3677670,0.0031227386
3677671,0.011725279
3677672,0.0036972081
3677673,0.0047511216
3677674,0.0097247
3677675,0.0103465095
3677676,0.008957935
3677677,0.02429907
3677678,0.0745638
3677679,0.010882143
3677680,0.0088794585
3677681,0.007723166
3677682,0.010123939
3677683,0.018154085
3677684,0.013425394
3677685,0.005871002
3677686,0.0040887473
3677687,0.014548057
3677688,0.011380626
3677689,0.06452422
3677690,0.06620661
3677691,0.15918638
3677692,0.062883556
3677693,0.020595238
3677694,0.9269969
3677695,0.06045214
3677696,0.0037469864
3677697,0.034900036
3677698,0.019339211
3677699,0.011523293
3677700,0.018271467
3677701,0.4536992
3677702,0.013248629
3677703,0.003927671
3677704,0.004609415
3677705,0.00732782
3677706,0.026348509
3677707,0.015828498
3677708,0.008100755
3677709,0.005004212
3677710,0.007168688
3677711,0.010339349
3677712,0.008154813
3677713,0.0047169277
3677714,0.015930727
3677715,0.0051309504
3677716,0.0030659956
3677717,0.7007974
3677718,0.82734376
3677719,0.021049129
3677720,0.023980493
3677721,0.00231014
3677722,0.009318373
3677723,0.01556445
3677724,0.024365135
3677725,0.005738283
3677726,0.022322549
3677727,0.14752889
3677728,0.59061825
3677729,0.012722876
3677730,0.01849039
3677731,0.008471361
3677732,0.01564163
3677733,0.040385336
3677734,0.13164932
3677735,0.017106079
3677736,0.002329188
3677737,0.0020920378
3677738,0.010688422
3677739,0.010335529
3677740,0.03315516
3677741,0.030044626
3677742,0.012487318
3677743,0.06369677
3677744,0.013309377
3677745,0.034358114
3677746,0.015785465
3677747,0.029885815
3677748,0.05321058
3677749,0.04523882
3677750,0.019343277
3677751,0.014893752
3677752,0.09598144
3677753,0.10299088
3677754,0.0075234133
3677755,0.007049786
3677756,0.037547752
3677757,0.012691517
3677758,0.008358723
3677759,0.018520487
3677760,0.0064280876
3677761,0.008744562
3677762,0.009917228
3677763,0.015993245
3677764,0.012701225
3677765,0.0024476885
3677766,0.002271346
3677767,0.0045961603
3677768,0.019087313
3677769,0.021236854
3677770,0.016373362
3677771,0.017599294
3677772,0.024873959
3677773,0.01803443
3677774,0.0033096941
3677775,0.005386981
3677776,0.021505708
3677777,0.009109014
3677778,0.003160922
3677779,0.09726552
3677780,0.01820103
3677781,0.006944065
3677782,0.010480102
3677783,0.0063408986
3677784,0.010815372
3677785,0.0032317427
3677786,0.053068772
3677787,0.023007898
3677788,0.0027419156
3677789,0.005811622
3677790,0.012159558
3677791,0.010202282
3677792,0.0112939505
3677793,0.008138493
3677794,0.011110953
3677795,0.006071114
3677796,0.014762975
3677797,0.0038627507
3677798,0.0062618353
3677799,0.0030431806
3677800,0.036375046
3677801,0.004405204
3677802,0.0048649004
3677803,0.008773696
3677804,0.011375755
3677805,0.007896301
3677806,0.0040479177
3677807,0.0034440919
3677808,0.022191621
3677809,0.011027795
3677810,0.0035662567
3677811,0.0063857636
3677812,0.02582775
3677813,0.0044984715
3677814,0.0140991025
3677815,0.01589112
3677816,0.0057646725
3677817,0.010615498
3677818,0.002906532
3677819,0.027404936
3677820,0.0041456334
3677821,0.014051738
3677822,0.041551728
3677823,0.004677285
3677824,0.01805256
3677825,0.049304266
3677826,0.017867414
3677827,0.012561412
3677828,0.003319825
3677829,0.0027736113
3677830,0.0017637971
3677831,0.009112487
3677832,0.009991373
3677833,0.0010406496
3677834,0.011078667
3677835,0.06186279
3677836,0.010973847
3677837,0.021673646
3677838,0.025997208
3677839,0.006224923
3677840,0.003721831
3677841,0.004938454
3677842,0.006122671
3677843,0.022005484
3677844,0.051885236
3677845,0.03368511
3677846,0.009556772
3677847,0.005747687
3677848,0.006389795
3677849,0.0029323325
3677850,0.0072252355
3677851,0.0038271043
3677852,0.010423216
3677853,0.009543223
3677854,0.0045436244
3677855,0.012208529
3677856,0.006282759
3677857,0.0045531327
3677858,0.006006704
3677859,0.010965538
3677860,0.0064832796
3677861,0.031132478
3677862,0.013445329
3677863,0.0036880982
3677864,0.008181926
3677865,0.006132931
3677866,0.0017103064
3677867,0.0094908355
3677868,0.013082311
3677869,0.006624536
3677870,0.007568357
3677871,0.0056150425
3677872,0.0059134564
3677873,0.018165095
3677874,0.0064622313
3677875,0.044686895
3677876,0.007956325
3677877,0.024681551
3677878,0.015822697
3677879,0.012916813
3677880,0.00691091
3677881,0.005520022
3677882,0.0055760453
3677883,0.022065505
3677884,0.0034565295
3677885,0.015157562
3677886,0.0038836761
3677887,0.009644709
3677888,0.0063867075
3677889,0.015251084
3677890,0.009439433
3677891,0.006405778
3677892,0.0030890135
3677893,0.0069198404
3677894,0.0051984177
3677895,0.014213129
3677896,0.0037133887
3677897,0.007338848
3677898,0.011877009
3677899,0.0062783756
3677900,0.01603569
3677901,0.014075884
3677902,0.0069150315
3677903,0.021649554
3677904,0.00896718
3677905,0.0061018085
3677906,0.0047544236
3677907,0.0061932686
3677908,0.039029516
3677909,0.03661731
3677910,0.009319768
3677911,0.009415782
3677912,0.0040495945
3677913,0.0010740315
3677914,0.005034847
3677915,0.007634407
3677916,0.0017245247
3677917,0.00830304
3677918,0.018724397
3677919,0.013558552
3677920,0.20981506
3677921,0.013480001
3677922,0.0038832037
3677923,0.02162657
3677924,0.0032939217
3677925,0.017056162
3677926,0.0063596554
3677927,0.02280253
3677928,0.004834918
3677929,0.008568371
3677930,0.011584895
3677931,0.022163304
3677932,0.0098399045
3677933,0.005966145
3677934,0.028072096
3677935,0.0078034885
3677936,0.006214268
3677937,0.004517212
3677938,0.043559287
3677939,0.012332029
3677940,0.001161432
3677941,0.015577636
3677942,0.014238708
3677943,0.013224975
3677944,0.007358598
3677945,0.017820815
3677946,0.016082844
3677947,0.011529514
3677948,0.007212966
3677949,0.012824601
3677950,0.004258494
3677951,0.0057275575
3677952,0.009839644
3677953,0.0057045575
3677954,0.0918921
3677955,0.004722301
3677956,0.009048506
3677957,0.014111802
3677958,0.0061901556
3677959,0.0022485168
3677960,0.002451599
3677961,0.022532372
3677962,0.0013497646
3677963,0.00386986
3677964,0.005933566
3677965,0.004372999
3677966,0.005754239
3677967,0.00575071
3677968,0.009554949
3677969,0.0077242292
3677970,0.014645602
3677971,0.011440035
3677972,0.005442612
3677973,0.009771868
3677974,0.01174795
3677975,0.007415358
3677976,0.020746212
3677977,0.020750578
3677978,0.064698875
3677979,0.010014492
3677980,0.0011968189
3677981,0.007821238
3677982,0.0100983055
3677983,0.015581256
3677984,0.109866366
3677985,0.023648322
3677986,0.027020263
3677987,0.0060236845
3677988,0.008461947
3677989,0.0366896
3677990,0.008218904
3677991,0.0049685235
3677992,0.009801007
3677993,0.0025054764
3677994,0.0256823
3677995,0.03237613
3677996,0.025492333
3677997,0.011282525
3677998,0.014566464
3677999,0.0052947225
3678000,0.013555644
3678001,0.0030948825
3678002,0.021902673
3678003,0.0066137416
3678004,0.0064265165
3678005,0.014026063
3678006,0.0053191464
3678007,0.015546974
3678008,0.008657607
3678009,0.010592235
3678010,0.011415185
3678011,0.032634266
3678012,0.012596788
3678013,0.008148149
3678014,0.026553793
3678015,0.016433032
3678016,0.002271265
3678017,0.006111773
3678018,0.016058626
3678019,0.1009705
3678020,0.0035887463
3678021,0.018203553
3678022,0.009603812
3678023,0.020566726
3678024,0.06207187
3678025,0.003888985
3678026,0.009223408
3678027,0.010908361
3678028,0.0027827597
3678029,0.0055621234
3678030,0.04240366
3678031,0.008861529
3678032,0.006521446
3678033,0.0012451665
3678034,0.018492615
3678035,0.01581063
3678036,0.010822179
3678037,0.01276879
3678038,0.020931689
3678039,0.020432532
3678040,0.023101162
3678041,0.012573618
3678042,0.011408628
3678043,0.010070845
3678044,0.004091329
3678045,0.0042426162
3678046,0.0043433863
3678047,0.0051308335
3678048,0.0060984814
3678049,0.007467013
3678050,0.003640498
3678051,0.009429717
3678052,0.009106401
3678053,0.008512917
3678054,0.0077298814
3678055,0.008169997
3678056,0.020923045
3678057,0.004788504
3678058,0.029908143
3678059,0.009286404
3678060,0.014753088
3678061,0.0015114876
3678062,0.0067812647
3678063,0.026272086
3678064,0.0044112606
3678065,0.027115434
3678066,0.01544466
3678067,0.0050947983
3678068,0.013763509
3678069,0.0564247
3678070,0.012216536
3678071,0.0077611865
3678072,0.005187345
3678073,0.009614504
3678074,0.0047722594
3678075,0.0034586524
3678076,0.0015892863
3678077,0.01293507
3678078,0.008634291
3678079,0.006779457
3678080,0.0045013214
3678081,0.008642192
3678082,0.013296014
3678083,0.00611162
3678084,0.009074977
3678085,0.008625442
3678086,0.0041008075
3678087,0.015765933
3678088,0.005711139
3678089,0.010985077
3678090,0.001202418
3678091,0.011291607
3678092,0.02992997
3678093,0.0055650966
3678094,0.038376927
3678095,0.003137567
3678096,0.016469233
3678097,0.031317502
3678098,0.0072075427
3678099,0.0056953607
3678100,0.008505261
3678101,0.0096392995
3678102,0.0017375231
3678103,0.0049244333
3678104,0.0028302758
3678105,0.016338058
3678106,0.007463398
3678107,0.0014445776
3678108,0.006616555
3678109,0.0041383775
3678110,0.0047445716
3678111,0.010011004
3678112,0.028299466
3678113,0.0063553117
3678114,0.027843693
3678115,0.009012861
3678116,0.12207856
3678117,0.0024870525
3678118,0.0040073916
3678119,0.017144572
3678120,0.34828147
3678121,0.20784028
3678122,0.0024703743
3678123,0.0070556556
3678124,0.54110694
3678125,0.01317288
3678126,0.14728919
3678127,0.6872087
3678128,0.010809202
3678129,0.6710268
3678130,0.010849288
3678131,0.009265151
3678132,0.007936905
3678133,0.78452265
3678134,0.0059118173
3678135,0.016469233
3678136,0.016318498
3678137,0.022009863
3678138,0.0043160873
3678139,0.00532836
3678140,0.006136891
3678141,0.0017650216
3678142,0.0035903056
3678143,0.44157225
3678144,0.001281571
3678145,0.016737482
3678146,0.0065984707
3678147,0.006850117
3678148,0.7349785
3678149,0.014749672
3678150,0.021145103
3678151,0.34475076
3678152,0.007342499
3678153,0.0034569649
3678154,0.013778598
3678155,0.029708382
3678156,0.049103286
3678157,0.007822355
3678158,0.0042290003
3678159,0.013703687
3678160,0.014540232
3678161,0.0031133343
3678162,0.024947746
3678163,0.019047113
3678164,0.005930982
3678165,0.010661178
3678166,0.0141418595
3678167,0.0034217674
3678168,0.003729094
3678169,0.0035753066
3678170,0.0048163626
3678171,0.057713274
3678172,0.013545987
3678173,0.014170401
3678174,0.030851932
3678175,0.0071478197
3678176,0.023494996
3678177,0.008467045
3678178,0.01288087
3678179,0.008615206
3678180,0.010293279
3678181,0.0025092834
3678182,0.006438377
3678183,0.018571906
3678184,0.005443422
3678185,0.015495507
3678186,0.009106943
3678187,0.021705806
3678188,0.0033603483
3678189,0.013477834
3678190,0.009581212
3678191,0.003736052
3678192,0.0070787943
3678193,0.0033808996
3678194,0.0076664477
3678195,0.010537256
3678196,0.001998579
3678197,0.21541092
3678198,0.0068713943
3678199,0.0100044375
3678200,0.00613758
3678201,0.12726106
3678202,0.0032997378
3678203,0.010118727
3678204,0.07879478
3678205,0.038026676
3678206,0.07088845
3678207,0.006886757
3678208,0.0500544
3678209,0.005091232
3678210,0.0029471137
3678211,0.041415926
3678212,0.0024974903
3678213,0.052188255
3678214,0.020396793
3678215,0.012440354
3678216,0.0021964617
3678217,0.016249524
3678218,0.0042143613
3678219,0.055788193
3678220,0.020010434
3678221,0.0050150575
3678222,0.16188696
3678223,0.027377225
3678224,0.017034544
3678225,0.020090513
3678226,0.008749829
3678227,0.060481235
3678228,0.03939893
3678229,0.026232721
3678230,0.008988181
3678231,0.06406498
3678232,0.03939893
3678233,0.03939893
3678234,0.03939893
3678235,0.03939893
3678236,0.16280895
3678237,0.0059488383
3678238,0.0039939303
3678239,0.008553121
3678240,0.01449206
3678241,0.0070767165
3678242,0.0051417938
3678243,0.013412351
3678244,0.06543648
3678245,0.008398975
3678246,0.0066637336
3678247,0.006462887
3678248,0.06593051
3678249,0.008092318
3678250,0.009846164
3678251,0.010951946
3678252,0.019109732
3678253,0.03663869
3678254,0.002573015
3678255,0.009715268
3678256,0.058933835
3678257,0.028790927
3678258,0.02804868
3678259,0.040150627
3678260,0.01963675
3678261,0.015584314
3678262,0.009946289
3678263,0.005001105
3678264,0.008160937
3678265,0.011995743
3678266,0.013131846
3678267,0.03795638
3678268,0.0012634359
3678269,0.006422015
3678270,0.012590022
3678271,0.008260074
3678272,0.0057889037
3678273,0.03663869
3678274,0.009123348
3678275,0.023634227
3678276,0.0049552764
3678277,0.004852989
3678278,0.008029609
3678279,0.005738283
3678280,0.013445151
3678281,0.0035229549
3678282,0.0076492573
3678283,0.024879957
3678284,0.0018229609
3678285,0.005347944
3678286,0.019691767
3678287,0.005980769
3678288,0.0090214005
3678289,0.018796101
3678290,0.06907916
3678291,0.0062134555
3678292,0.06907916
3678293,0.016145213
3678294,0.004283174
3678295,0.008083022
3678296,0.002835869
3678297,0.021294829
3678298,0.01440342
3678299,0.019892188
3678300,0.24249119
3678301,0.0108597055
3678302,0.0025464757
3678303,0.032209985
3678304,0.007995771
3678305,0.013112568
3678306,0.0058924844
3678307,0.006361858
3678308,0.009246754
3678309,0.0262247
3678310,0.016148742
3678311,0.020197593
3678312,0.007555675
3678313,0.0048142537
3678314,0.312635
3678315,0.005445947
3678316,0.0075811474
3678317,0.0065912395
3678318,0.0069959667
3678319,0.002038755
3678320,0.0060907113
3678321,0.0030698865
3678322,0.015945386
3678323,0.022669295
3678324,0.08842495
3678325,0.0029463798
3678326,0.040496767
3678327,0.008481281
3678328,0.03281282
3678329,0.005835732
3678330,0.009265151
3678331,0.00850303
3678332,0.020296305
3678333,0.014095577
3678334,0.008523903
3678335,0.026751181
3678336,0.014195275
3678337,0.0048841448
3678338,0.020751415
3678339,0.0010136657
3678340,0.0039187563
3678341,0.015885409
3678342,0.00644707
3678343,0.0030030922
3678344,0.012626144
3678345,0.008534606
3678346,0.0068483525
3678347,0.0028804592
3678348,0.0075606937
3678349,0.0016607288
3678350,0.007640388
3678351,0.019470904
3678352,0.002689415
3678353,0.008533367
3678354,0.034866203
3678355,0.029422443
3678356,0.0030514693
3678357,0.007081228
3678358,0.056478713
3678359,0.0136619685
3678360,0.005302184
3678361,0.004193073
3678362,0.01169522
3678363,0.002954746
3678364,0.0058463095
3678365,0.003646188
3678366,0.0018768427
3678367,0.003900647
3678368,0.013138479
3678369,0.0051371832
3678370,0.024500292
3678371,0.006895473
3678372,0.01063439
3678373,0.007339581
3678374,0.022172766
3678375,0.006774905
3678376,0.005359253
3678377,0.0044766897
3678378,0.014844182
3678379,0.01692459
3678380,0.0044273227
3678381,0.010042475
3678382,0.11048252
3678383,0.042058352
3678384,0.0090404935
3678385,0.058383133
3678386,0.012487118
3678387,0.0028982605
3678388,0.024254713
3678389,0.008186117
3678390,0.002514515
3678391,0.013031843
3678392,0.0027089498
3678393,0.024261158
3678394,0.006173361
3678395,0.015645705
3678396,0.024570351
3678397,0.008074142
3678398,0.029885005
3678399,0.008874237
3678400,0.0040360666
3678401,0.027387157
3678402,0.013601206
3678403,0.002174457
3678404,0.015005131
3678405,0.0030307209
3678406,0.010761202
3678407,0.016206073
3678408,0.0037634629
3678409,0.018502247
3678410,0.024152433
3678411,0.01116501
3678412,0.015467073
3678413,0.03724813
3678414,0.005919781
3678415,0.012489205
3678416,0.0064478978
3678417,0.010268292
3678418,0.01154031
3678419,0.0075860852
3678420,0.0071568876
3678421,0.016637089
3678422,0.0131715955
3678423,0.013841071
3678424,0.0065683485
3678425,0.00606302
3678426,0.0112694735
3678427,0.01761324
3678428,0.005125329
3678429,0.024415946
3678430,0.010050466
3678431,0.06308904
3678432,0.03857728
3678433,0.006555598
3678434,0.051514868
3678435,0.020860126
3678436,0.020037748
3678437,0.0037325022
3678438,0.01151479
3678439,0.011652434
3678440,0.0057142777
3678441,0.014488723
3678442,0.0017734759
3678443,0.006002096
3678444,0.016445052
3678445,0.005598668
3678446,0.063040406
3678447,0.010050466
3678448,0.0024050064
3678449,0.012270582
3678450,0.0037566607
3678451,0.010050466
3678452,0.0061568017
3678453,0.0070805876
3678454,0.031366866
3678455,0.006345665
3678456,0.009513823
3678457,0.05034895
3678458,0.009033391
3678459,0.009637029
3678460,0.005989836
3678461,0.086688586
3678462,0.0073370733
3678463,0.009448394
3678464,0.0057705757
3678465,0.009827967
3678466,0.00984995
3678467,0.016864961
3678468,0.0067586596
3678469,0.009939839
3678470,0.022825427
3678471,0.0038913593
3678472,0.017747734
3678473,0.008562746
3678474,0.0045159687
3678475,0.0017985993
3678476,0.004191429
3678477,0.0045784037
3678478,0.0055976645
3678479,0.028770233
3678480,0.110424265
3678481,0.009162201
3678482,0.004141855
3678483,0.0077571995
3678484,0.015605909
3678485,0.008679001
3678486,0.008448371
3678487,0.0056167357
3678488,0.16326217
3678489,0.06013175
3678490,0.004994826
3678491,0.021404352
3678492,0.03053699
3678493,0.0044742255
3678494,0.0014424209
3678495,0.009190376
3678496,0.005199029
3678497,0.004847208
3678498,0.0073400224
3678499,0.0037136606
3678500,0.0049077733
3678501,0.0035381264
3678502,0.04015445
3678503,0.0033015574
3678504,0.0044681
3678505,0.00543854
3678506,0.009797236
3678507,0.009577136
3678508,0.009434097
3678509,0.0077525764
3678510,0.004654843
3678511,0.018158216
3678512,0.008022187
3678513,0.009968904
3678514,0.0036233326
3678515,0.004784225
3678516,0.0051699257
3678517,0.0015525927
3678518,0.009990487
3678519,0.009265908
3678520,0.00961876
3678521,0.011629973
3678522,0.002220524
3678523,0.024977284
3678524,0.014646991
3678525,0.0058832853
3678526,0.008488666
3678527,0.023665244
3678528,0.018445682
3678529,0.0036514823
3678530,0.004612522
3678531,0.0022613131
3678532,0.016140647
3678533,0.0045424663
3678534,0.0070712403
3678535,0.32382765
3678536,0.018846625
3678537,0.019931374
3678538,0.0038474659
3678539,0.0087135015
3678540,0.015695833
3678541,0.04173582
3678542,0.004905038
3678543,0.033154678
3678544,0.0034107699
3678545,0.0041033807
3678546,0.042344872
3678547,0.01476199
3678548,0.0081604235
3678549,0.10999444
3678550,0.00700623
3678551,0.0125608025
3678552,0.008084972
3678553,0.0069957674
3678554,0.007190819
3678555,0.0111802295
3678556,0.008380771
3678557,0.009864293
3678558,0.00764127
3678559,0.004023751
3678560,0.019742932
3678561,0.004531659
3678562,0.00420125
3678563,0.013266794
3678564,0.008969791
3678565,0.0035453949
3678566,0.006821615
3678567,0.0035818885
3678568,0.0097884135
3678569,0.017064726
3678570,0.0089587895
3678571,0.0015184061
3678572,0.0059442464
3678573,0.011832001
3678574,0.0024585205
3678575,0.0029126643
3678576,0.020822285
3678577,0.009200116
3678578,0.0059592323
3678579,0.0161773
3678580,0.0144981835
3678581,0.027025132
3678582,0.006880948
3678583,0.008741727
3678584,0.0048683877
3678585,0.023163093
3678586,0.004404809
3678587,0.0047710296
3678588,0.0069278693
3678589,0.01320901
3678590,0.047052633
3678591,0.0097509
3678592,0.006590961
3678593,0.4533215
3678594,0.012745902
3678595,0.0036627252
3678596,0.05287285
3678597,0.0024617526
3678598,0.037817262
3678599,0.0033201613
3678600,0.008333374
3678601,0.013130858
3678602,0.029617539
3678603,0.0016767987
3678604,0.0013814797
3678605,0.018079614
3678606,0.0059825103
3678607,0.005101437
3678608,0.0067021395
3678609,0.043889627
3678610,0.005992054
3678611,0.009090461
3678612,0.019926516
3678613,0.031340256
3678614,0.0064156405
3678615,0.0020371345
3678616,0.007537604
3678617,0.026181877
3678618,0.004369164
3678619,0.0030494682
3678620,0.007416966
3678621,0.00513434
3678622,0.008432277
3678623,0.004343743
3678624,0.025619563
3678625,0.08299176
3678626,0.0068347473
3678627,0.007804615
3678628,0.02670598
3678629,0.037433267
3678630,0.057891827
3678631,0.010724427
3678632,0.015469529
3678633,0.0017729307
3678634,0.015541131
3678635,0.010755533
3678636,0.0066216346
3678637,0.19621494
3678638,0.04294197
3678639,0.0048555764
3678640,0.023710072
3678641,0.0103592845
3678642,0.007630159
3678643,0.00074979896
3678644,0.009348013
3678645,0.00718991
3678646,0.0575818
3678647,0.018682724
3678648,0.012197477
3678649,0.0040215366
3678650,0.013828899
3678651,0.012661062
3678652,0.011923648
3678653,0.05220263
3678654,0.024344983
3678655,0.002748401
3678656,0.0022297068
3678657,0.5526726
3678658,0.009827949
3678659,0.016428586
3678660,0.0049766446
3678661,0.015245923
3678662,0.0025942062
3678663,0.0073403316
3678664,0.008456995
3678665,0.011481405
3678666,0.030377088
3678667,0.028001796
3678668,0.008105242
3678669,0.12661244
3678670,0.0042824172
3678671,0.0052047684
3678672,0.0029163584
3678673,0.0025171249
3678674,0.009352819
3678675,0.008338289
3678676,0.0069650616
3678677,0.0573791
3678678,0.010776192
3678679,0.005299743
3678680,0.020334272
3678681,0.018105993
3678682,0.013748753
3678683,0.0063511697
3678684,0.018048361
3678685,0.21830185
3678686,0.011930043
3678687,0.0054191505
3678688,0.015992457
3678689,0.175855
3678690,0.001892933
3678691,0.020170989
3678692,0.008841766
3678693,0.008459627
3678694,0.008733719
3678695,0.020379813
3678696,0.004948845
3678697,0.0076138456
3678698,0.0059680208
3678699,0.005459484
3678700,0.0021003766
3678701,0.0048231874
3678702,0.004649663
3678703,0.013868629
3678704,0.16074117
3678705,0.005187687
3678706,0.024572447
3678707,0.013805631
3678708,0.0035128735
3678709,0.0049846275
3678710,0.046126325
3678711,0.008651892
3678712,0.0057136985
3678713,0.015494808
3678714,0.018257458
3678715,0.020238081
3678716,0.0071902815
3678717,0.002984514
3678718,0.004166834
3678719,0.009744061
3678720,0.0017960356
3678721,0.0015709776
3678722,0.008987918
3678723,0.053796705
3678724,0.009363172
3678725,0.009229728
3678726,0.012278664
3678727,0.00959447
3678728,0.0069940323
3678729,0.0100271655
3678730,0.020426897
3678731,0.015199809
3678732,0.005361104
3678733,0.08899131
3678734,0.020442018
3678735,0.00831465
3678736,0.02490288
3678737,0.0062730853
3678738,0.011069931
3678739,0.0017735182
3678740,0.01594526
3678741,0.0104578985
3678742,0.036107544
3678743,0.004630949
3678744,0.020494837
3678745,0.007414014
3678746,0.0051105428
3678747,0.26985854
3678748,0.014996431
3678749,0.006816658
3678750,0.017862862
3678751,0.009749468
3678752,0.015490669
3678753,0.007746933
3678754,0.0024017857
3678755,0.0063711037
3678756,0.003067188
3678757,0.27058032
3678758,0.005718018
3678759,0.007445173
3678760,0.008354143
3678761,0.0011527368
3678762,0.005656941
3678763,0.012794927
3678764,0.009658009
3678765,0.012097809
3678766,0.0036119611
3678767,0.007842046
3678768,0.057074603
3678769,0.005246496
3678770,0.0016420167
3678771,0.012941117
3678772,0.013906883
3678773,0.013477807
3678774,0.013208283
3678775,0.0077147763
3678776,0.009365795
3678777,0.062543474
3678778,0.0020992446
3678779,0.07815172
3678780,0.09720279
3678781,0.016783884
3678782,0.0087008905
3678783,0.004514194
3678784,0.0050185113
3678785,0.0077281003
3678786,0.0025556912
3678787,0.0055119707
3678788,0.005824434
3678789,0.010755691
3678790,0.01608408
3678791,0.009472358
3678792,0.00937208
3678793,0.00706212
3678794,0.01070416
3678795,0.0061235013
3678796,0.008381896
3678797,0.007778015
3678798,0.00997146
3678799,0.007212144
3678800,0.004581702
3678801,0.026888857
3678802,0.00499015
3678803,0.0013745374
3678804,0.0037632233
3678805,0.015062029
3678806,0.0045737536
3678807,0.0035344348
3678808,0.010191674
3678809,0.014898551
3678810,0.009238449
3678811,0.0065227035
3678812,0.0072161835
3678813,0.011516012
3678814,0.008399614
3678815,0.004868401
3678816,0.0141944215
3678817,0.0037378257
3678818,0.003035338
3678819,0.010002189
3678820,0.0539984
3678821,0.003345394
3678822,0.004506865
3678823,0.010443809
3678824,0.005859766
3678825,0.002783539
3678826,0.005309865
3678827,0.008495672
3678828,0.039918862
3678829,0.0039409683
3678830,0.0047001964
3678831,0.008106089
3678832,0.120104834
3678833,0.0035575985
3678834,0.024384694
3678835,0.006682192
3678836,0.013902281
3678837,0.0035227288
3678838,0.0076683485
3678839,0.024226975
3678840,0.005702978
3678841,0.009449425
3678842,0.017142715
3678843,0.0045435186
3678844,0.008819113
3678845,0.020862965
3678846,0.014531421
3678847,0.022638006
3678848,0.009350995
3678849,0.06805132
3678850,0.0020466023
3678851,0.016660579
3678852,0.0046026288
3678853,0.005594799
3678854,0.0018015399
3678855,0.0021331862
3678856,0.013431661
3678857,0.009892644
3678858,0.014272391
3678859,0.0062210625
3678860,0.006639486
3678861,0.015255561
3678862,0.010618612
3678863,0.005393961
3678864,0.024346553
3678865,0.011022622
3678866,0.0030178807
3678867,0.014148356
3678868,0.005483293
3678869,0.0049541574
3678870,0.001652365
3678871,0.006322861
3678872,0.012459008
3678873,0.09032591
3678874,0.008457432
3678875,0.002873726
3678876,0.0030219823
3678877,0.0058957646
3678878,0.0029374324
3678879,0.005279696
3678880,0.0027958134
3678881,0.0036795628
3678882,0.048799567
3678883,0.051457085
3678884,0.00535371
3678885,0.0077597215
3678886,0.025216509
3678887,0.009294439
3678888,0.0061185667
3678889,0.006400051
3678890,0.024979658
3678891,0.011893182
3678892,0.005807441
3678893,0.047185402
3678894,0.14275894
3678895,0.0612598
3678896,0.0091539575
3678897,0.004645906
3678898,0.06157567
3678899,0.09198142
3678900,0.028949168
3678901,0.0035249053
3678902,0.010985896
3678903,0.0037101016
3678904,0.061035488
3678905,0.0047584553
3678906,0.1888223
3678907,0.01394262
3678908,0.008465933
3678909,0.007541935
3678910,0.008794263
3678911,0.01356139
3678912,0.05046821
3678913,0.015727784
3678914,0.025026208
3678915,0.056606673
3678916,0.011116828
3678917,0.0047251973
3678918,0.013992326
3678919,0.010831004
3678920,0.0049875844
3678921,0.005400944
3678922,0.0047574886
3678923,0.022133874
3678924,0.0054339613
3678925,0.011369955
3678926,0.005839512
3678927,0.005130885
3678928,0.019661201
3678929,0.008643467
3678930,0.0071960567
3678931,0.042842876
3678932,0.0049118344
3678933,0.002455621
3678934,0.005258652
3678935,0.0035478636
3678936,0.028821923
3678937,0.012292533
3678938,0.007515136
3678939,0.004834381
3678940,0.0057255346
3678941,0.0049320073
3678942,0.0199858
3678943,0.032741006
3678944,0.007456951
3678945,0.0050172494
3678946,0.0024833726
3678947,0.014375369
3678948,0.0025809582
3678949,0.005283574
3678950,0.0044374564
3678951,0.009847671
3678952,0.011432364
3678953,0.002210347
3678954,0.010110048
3678955,0.011162004
3678956,0.004857489
3678957,0.05482047
3678958,0.0054914327
3678959,0.011399462
3678960,0.001627842
3678961,0.0073814895
3678962,0.014834639
3678963,0.012552673
3678964,0.012762341
3678965,0.004785656
3678966,0.009107469
3678967,0.0050381497
3678968,0.004361448
3678969,0.0040906603
3678970,0.007961283
3678971,0.0033435521
3678972,0.007712966
3678973,0.015545967
3678974,0.009541601
3678975,0.0069885803
3678976,0.012407316
3678977,0.015370947
3678978,0.012433623
3678979,0.013988064
3678980,0.0108929165
3678981,0.0068885386
3678982,0.014373956
3678983,0.006803332
3678984,0.010447522
3678985,0.0084123295
3678986,0.0015366393
3678987,0.0140887005
3678988,0.014059403
3678989,0.018841516
3678990,0.009249245
3678991,0.0033881904
3678992,0.006508116
3678993,0.0033241557
3678994,0.0035210801
3678995,0.022121256
3678996,0.0033171705
3678997,0.0063614785
3678998,0.004117429
3678999,0.03875486
3679000,0.03638418
3679001,0.01190492
3679002,0.0020355587
3679003,0.0099896705
3679004,0.0061951475
3679005,0.0029417258
3679006,0.0027436137
3679007,0.0096764015
3679008,0.025067858
3679009,0.06530595
3679010,0.024565779
3679011,0.0096486
3679012,0.006243205
3679013,0.024356017
3679014,0.018932074
3679015,0.0024613217
3679016,0.019063415
3679017,0.026156323
3679018,0.0052235937
3679019,0.01156754
3679020,0.026435802
3679021,0.015131582
3679022,0.007555675
3679023,0.004249001
3679024,0.03807298
3679025,0.02315406
3679026,0.004147435
3679027,0.007692109
3679028,0.009110094
3679029,0.010924125
3679030,0.0069033345
3679031,0.004617403
3679032,0.0036081295
3679033,0.11262245
3679034,0.0040201503
3679035,0.0036034542
3679036,0.0057181153
3679037,0.017833138
3679038,0.0029698631
3679039,0.03037337
3679040,0.0061229146
3679041,0.004402242
3679042,0.003173265
3679043,0.012078881
3679044,0.26119617
3679045,0.007201949
3679046,0.0020439783
3679047,0.011403138
3679048,0.023228869
3679049,0.013660169
3679050,0.014505298
3679051,0.020284874
3679052,0.014335858
3679053,0.015904704
3679054,0.050903246
3679055,0.005690678
3679056,0.017944887
3679057,0.002075083
3679058,0.020810368
3679059,0.0125425635
3679060,0.008026602
3679061,0.0025367928
3679062,0.23898749
3679063,0.0041977647
3679064,0.024703462
3679065,0.009783313
3679066,0.0026047544
3679067,0.018102434
3679068,0.003041948
3679069,0.010285141
3679070,0.012584309
3679071,0.0026850111
3679072,0.01934375
3679073,0.0070438264
3679074,0.0045755124
3679075,0.0046735215
3679076,0.004271403
3679077,0.006164395
3679078,0.014945506
3679079,0.19280028
3679080,0.02707278
3679081,0.01826241
3679082,0.04208823
3679083,0.004638355
3679084,0.01633937
3679085,0.41211632
3679086,0.006970783
3679087,0.22165613
3679088,0.009123672
3679089,0.5362407
3679090,0.025405794
3679091,0.45782647
3679092,0.017183391
3679093,0.6119907
3679094,0.008849316
3679095,0.002226675
3679096,0.008842021
3679097,0.013522285
3679098,0.009901467
3679099,0.005328431
3679100,0.3901567
3679101,0.013330528
3679102,0.0108215315
3679103,0.00942567
3679104,0.046832163
3679105,0.0059902477
3679106,0.005261586
3679107,0.0098857675
3679108,0.012257885
3679109,0.016261052
3679110,0.005823371
3679111,0.0046960316
3679112,0.0047587287
3679113,0.006925252
3679114,0.022632532
3679115,0.04706467
3679116,0.005356087
3679117,0.009188887
3679118,0.0032720042
3679119,0.0022990918
3679120,0.031138703
3679121,0.008858368
3679122,0.01595162
3679123,0.019019207
3679124,0.012565914
3679125,0.01844538
3679126,0.0033724238
3679127,0.004761464
3679128,0.0021495568
3679129,0.34205127
3679130,0.07771953
3679131,0.0116441995
3679132,0.0035086528
3679133,0.004539231
3679134,0.017162837
3679135,0.009428065
3679136,0.73700047
3679137,0.0114898505
3679138,0.73239183
3679139,0.012226293
3679140,0.010296471
3679141,0.004936959
3679142,0.019586798
3679143,0.02289137
3679144,0.6428403
3679145,0.014898551
3679146,0.0068728654
3679147,0.0059051933
3679148,0.0028171034
3679149,0.7530842
3679150,0.11086105
3679151,0.0049339617
3679152,0.015613126
3679153,0.0057170126
3679154,0.3308767
3679155,0.023022335
3679156,0.0065832823
3679157,0.017771974
3679158,0.011018366
3679159,0.02118106
3679160,0.0030275802
3679161,0.008238381
3679162,0.0075598666
3679163,0.031246051
3679164,0.007863735
3679165,0.009563513
3679166,0.008209437
3679167,0.004291732
3679168,0.024047302
3679169,0.0014078424
3679170,0.0135143185
3679171,0.012995579
3679172,0.003989829
3679173,0.011073737
3679174,0.008099593
3679175,0.014482624
3679176,0.15520719
3679177,0.024271235
3679178,0.017677529
3679179,0.008939995
3679180,0.008897489
3679181,0.016107295
3679182,0.0085338345
3679183,0.014287251
3679184,0.004317651
3679185,0.01816251
3679186,0.02167857
3679187,0.010724427
3679188,0.0044588977
3679189,0.0023970432
3679190,0.0064435494
3679191,0.0134722795
3679192,0.009918225
3679193,0.029972993
3679194,0.01004147
3679195,0.0045184516
3679196,0.004758017
3679197,0.007062775
3679198,0.011304061
3679199,0.01153732
3679200,0.042868733
3679201,0.0042198976
3679202,0.013256611
3679203,0.014491896
3679204,0.024039073
3679205,0.006283938
3679206,0.002176345
3679207,0.026481204
3679208,0.0066761943
3679209,0.0059607774
3679210,0.005909556
3679211,0.00712328
3679212,0.01012402
3679213,0.038640864
3679214,0.0040185354
3679215,0.003640806
3679216,0.0032040987
3679217,0.0032548048
3679218,0.0077677653
3679219,0.0131072495
3679220,0.005050223
3679221,0.015543328
3679222,0.012853785
3679223,0.004568143
3679224,0.043490216
3679225,0.010895141
3679226,0.019083953
3679227,0.005794766
3679228,0.020491848
3679229,0.052517403
3679230,0.003956223
3679231,0.0075901505
3679232,0.003882761
3679233,0.021096665
3679234,0.0018887888
3679235,0.009534961
3679236,0.002458787
3679237,0.012455863
3679238,0.0043884763
3679239,0.0037968052
3679240,0.021829432
3679241,0.008197577
3679242,0.0052578463
3679243,0.047371443
3679244,0.009894714
3679245,0.0027966392
3679246,0.0073704044
3679247,0.013986103
3679248,0.004829094
3679249,0.015796715
3679250,0.045555487
3679251,0.0076546674
3679252,0.015977224
3679253,0.0058721183
3679254,0.015174169
3679255,0.0067962245
3679256,0.011963054
3679257,0.0056982213
3679258,0.0070800814
3679259,0.0031960024
3679260,0.0062441733
3679261,0.006402511
3679262,0.0070265788
3679263,0.006031504
3679264,0.0038670832
3679265,0.0069236876
3679266,0.0111319665
3679267,0.0073740333
3679268,0.023411555
3679269,0.0067880224
3679270,0.0069893077
3679271,0.0029018428
3679272,0.008468022
3679273,0.0016883581
3679274,0.003582363
3679275,0.015465542
3679276,0.011443918
3679277,0.0036619753
3679278,0.00276668
3679279,0.0032597124
3679280,0.003652268
3679281,0.004071174
3679282,0.012663674
3679283,0.03673468
3679284,0.0027496258
3679285,0.031492297
3679286,0.025678884
3679287,0.008532628
3679288,0.036333907
3679289,0.008828066
3679290,0.003194722
3679291,0.0064237705
3679292,0.058450434
3679293,0.0066521973
3679294,0.0044962643
3679295,0.007936695
3679296,0.0023201671
3679297,0.003844671
3679298,0.0012288234
3679299,0.0066365968
3679300,0.04190896
3679301,0.0018680157
3679302,0.008989344
3679303,0.0030488118
3679304,0.0030547613
3679305,0.011780357
3679306,0.0075499164
3679307,0.01527721
3679308,0.00163109
3679309,0.0023577171
3679310,0.012573618
3679311,0.005689874
3679312,0.0051284786
3679313,0.016015105
3679314,0.024763646
3679315,0.013315841
3679316,0.0066727703
3679317,0.007114564
3679318,0.033065934
3679319,0.010033112
3679320,0.0037511862
3679321,0.017389461
3679322,0.019580906
3679323,0.004841514
3679324,0.011223337
3679325,0.0022685782
3679326,0.006260281
3679327,0.0068243556
3679328,0.006729727
3679329,0.021946289
3679330,0.030238159
3679331,0.027505476
3679332,0.0071265823
3679333,0.005994131
3679334,0.034424625
3679335,0.0034716818
3679336,0.0226988
3679337,0.009095186
3679338,0.009414649
3679339,0.008330931
3679340,0.007782547
3679341,0.36109436
3679342,0.004887662
3679343,0.0042236946
3679344,0.03893842
3679345,0.021812612
3679346,0.13430765
3679347,0.0348616
3679348,0.011370893
3679349,0.016654681
3679350,0.0063248305
3679351,0.0034969803
3679352,0.03635689
3679353,0.16059013
3679354,0.0038060234
3679355,0.008649843
3679356,0.035236027
3679357,0.0048158187
3679358,0.006778307
3679359,0.45470446
3679360,0.0068587773
3679361,0.014617236
3679362,0.0037957698
3679363,0.049044173
3679364,0.0046079643
3679365,0.037499323
3679366,0.00594541
3679367,0.0054208855
3679368,0.0051236977
3679369,0.0050249654
3679370,0.0052232766
3679371,0.0043782815
3679372,0.0052266866
3679373,0.01629948
3679374,0.023306541
3679375,0.004217552
3679376,0.0035100086
3679377,0.022551687
3679378,0.006561868
3679379,0.007660211
3679380,0.09667483
3679381,0.01082989
3679382,0.0030241597
3679383,0.04513728
3679384,0.0059741368
3679385,0.020919902
3679386,0.0036085905
3679387,0.014000572
3679388,0.0032025701
3679389,0.0039958423
3679390,0.011282812
3679391,0.0061692554
3679392,0.022620844
3679393,0.018839397
3679394,0.024867801
3679395,0.003643014
3679396,0.00093781535
3679397,0.014595843
3679398,0.01000158
3679399,0.010718828
3679400,0.05351903
3679401,0.011189099
3679402,0.009192634
3679403,0.008313007
3679404,0.009753843
3679405,0.00480371
3679406,0.020175636
3679407,0.013539618
3679408,0.005853636
3679409,0.0066944836
3679410,0.019285616
3679411,0.019107286
3679412,0.002171216
3679413,0.010560882
3679414,0.011596077
3679415,0.01034964
3679416,0.013857997
3679417,0.011731597
3679418,0.0037468532
3679419,0.00914937
3679420,0.005113819
3679421,0.008837847
3679422,0.029727528
3679423,0.017519396
3679424,0.014762759
3679425,0.036765456
3679426,0.0018792436
3679427,0.0122928815
3679428,0.011982886
3679429,0.0059718434
3679430,0.010000311
3679431,0.0052293153
3679432,0.0060199457
3679433,0.012990951
3679434,0.006069575
3679435,0.004370975
3679436,0.007223368
3679437,0.018426707
3679438,0.0102555165
3679439,0.0042107445
3679440,0.0037090445
3679441,0.005460976
3679442,0.012782838
3679443,0.0033741149
3679444,0.011825775
3679445,0.005948768
3679446,0.0031176026
3679447,0.009749533
3679448,0.00500615
3679449,0.007169632
3679450,0.014900477
3679451,0.020721607
3679452,0.007007179
3679453,0.014654432
3679454,0.019988244
3679455,0.006773221
3679456,0.004861822
3679457,0.003998462
3679458,0.013657028
3679459,0.022089344
3679460,0.01123998
3679461,0.0083318725
3679462,0.0035228624
3679463,0.020595238
3679464,0.04323891
3679465,0.009260682
3679466,0.011059814
3679467,0.042655405
3679468,0.032870222
3679469,0.01321054
3679470,0.03589289
3679471,0.020966923
3679472,0.010298775
3679473,0.016935304
3679474,0.012883588
3679475,0.02550888
3679476,0.01978202
3679477,0.03250524
3679478,0.012230198
3679479,0.05243391
3679480,0.010801414
3679481,0.0039099567
3679482,0.0019160231
3679483,0.0021487714
3679484,0.012182479
3679485,0.007911063
3679486,0.003986448
3679487,0.01020064
3679488,0.004790152
3679489,0.015084695
3679490,0.004258318
3679491,0.007487608
3679492,0.0022538314
3679493,0.006005212
3679494,0.002775543
3679495,0.0054208855
3679496,0.004234524
3679497,0.011707865
3679498,0.008682653
3679499,0.006533527
3679500,0.017759426
3679501,0.014958155
3679502,0.0079479925
3679503,0.01973908
3679504,0.011120141
3679505,0.013557065
3679506,0.011029184
3679507,0.005446593
3679508,0.07001273
3679509,0.013070471
3679510,0.008300131
3679511,0.013070471
3679512,0.0013171384
3679513,0.0071339584
3679514,0.009119663
3679515,0.033221357
3679516,0.003364119
3679517,0.01861289
3679518,0.016672136
3679519,0.009917387
3679520,0.028187135
3679521,0.008382284
3679522,0.008886852
3679523,0.0172838
3679524,0.019501438
3679525,0.024152433
3679526,0.046542842
3679527,0.005560256
3679528,0.016387952
3679529,0.00931681
3679530,0.013866901
3679531,0.022817068
3679532,0.005393961
3679533,0.012343614
3679534,0.0085895285
3679535,0.008488666
3679536,0.009788437
3679537,0.03425673
3679538,0.004903665
3679539,0.019808726
3679540,0.012329032
3679541,0.025026124
3679542,0.016634936
3679543,0.0024037918
3679544,0.02348753
3679545,0.011167048
3679546,0.044242218
3679547,0.00534465
3679548,0.0056175026
3679549,0.003500987
3679550,0.006781297
3679551,0.0072197267
3679552,0.015084695
3679553,0.0076231183
3679554,0.0064525306
3679555,0.026373329
3679556,0.021622842
3679557,0.017606212
3679558,0.016866218
3679559,0.009778006
3679560,0.055304024
3679561,0.010601839
3679562,0.010513965
3679563,0.020432489
3679564,0.0043161693
3679565,0.018096942
3679566,0.04080919
3679567,0.005159525
3679568,0.017662011
3679569,0.016310425
3679570,0.010514044
3679571,0.005989836
3679572,0.019373212
3679573,0.0036716126
3679574,0.006755889
3679575,0.018545423
3679576,0.011712666
3679577,0.010566734
3679578,0.018084604
3679579,0.008023773
3679580,0.011759453
3679581,0.002727233
3679582,0.0051236977
3679583,0.01669674
3679584,0.006914612
3679585,0.006410369
3679586,0.0025828346
3679587,0.009736252
3679588,0.006163808
3679589,0.049403735
3679590,0.40654007
3679591,0.009736168
3679592,0.0049983533
3679593,0.0069258753
3679594,0.0028872602
3679595,0.0042925407
3679596,0.003781705
3679597,0.00889365
3679598,0.003693216
3679599,0.011653274
3679600,0.005631098
3679601,0.02280481
3679602,0.0027600203
3679603,0.030039784
3679604,0.019913493
3679605,0.006087315
3679606,0.021299932
3679607,0.0072760675
3679608,0.016152479
3679609,0.0031101303
3679610,0.019175304
3679611,0.03210928
3679612,0.019787166
3679613,0.008733768
3679614,0.020858234
3679615,0.029897278
3679616,0.0042022318
3679617,0.014522894
3679618,0.006545501
3679619,0.0039821793
3679620,0.0064547346
3679621,0.0052803797
3679622,0.022904467
3679623,0.009287561
3679624,0.015208563
3679625,0.004964447
3679626,0.010730854
3679627,0.05143774
3679628,0.014358596
3679629,0.01568382
3679630,0.03459089
3679631,0.0059287306
3679632,0.035243977
3679633,0.005601751
3679634,0.11259972
3679635,0.0051920963
3679636,0.004362332
3679637,0.43185425
3679638,0.007571746
3679639,0.0083817495
3679640,0.010702402
3679641,0.11942921
3679642,0.012544318
3679643,0.2948014
3679644,0.007131689
3679645,0.007750277
3679646,0.0045208028
3679647,0.008542211
3679648,0.0052699056
3679649,0.004810495
3679650,0.012390778
3679651,0.013056406
3679652,0.0030207096
3679653,0.015017789
3679654,0.020058995
3679655,0.0016583358
3679656,0.0021013522
3679657,0.008415568
3679658,0.0065711653
3679659,0.010288364
3679660,0.008791445
3679661,0.010266165
3679662,0.0057220203
3679663,0.0077858577
3679664,0.0062328037
3679665,0.00405132
3679666,0.027598249
3679667,0.004720611
3679668,0.0066739363
3679669,0.01097278
3679670,0.02471867
3679671,0.005482903
3679672,0.020765945
3679673,0.0026276107
3679674,0.017405968
3679675,0.014603149
3679676,0.0047250716
3679677,0.0053070374
3679678,0.0039503365
3679679,0.006898544
3679680,0.0411067
3679681,0.0142254885
3679682,0.018744925
3679683,0.0066442247
3679684,0.01896764
3679685,0.009696678
3679686,0.037388604
3679687,0.0049368185
3679688,0.048138466
3679689,0.004055765
3679690,0.0040083127
3679691,0.17515801
3679692,0.012043227
3679693,0.0034246922
3679694,0.011369955
3679695,0.0033792323
3679696,0.0044550262
3679697,0.012898756
3679698,0.024676552
3679699,0.0034151883
3679700,0.0028415746
3679701,0.003674399
3679702,0.004084408
3679703,0.0054065743
3679704,0.027877286
3679705,0.0038045775
3679706,0.010299071
3679707,0.005105209
3679708,0.0124265645
3679709,0.01022293
3679710,0.012850627
3679711,0.008079078
3679712,0.003223644
3679713,0.024402903
3679714,0.019680189
3679715,0.01488059
3679716,0.008162542
3679717,0.09919713
3679718,0.014464613
3679719,0.15883604
3679720,0.008230358
3679721,0.010202104
3679722,0.039356455
3679723,0.003545469
3679724,0.20585856
3679725,0.022652086
3679726,0.0066465163
3679727,0.024172723
3679728,0.0824707
3679729,0.08063557
3679730,0.048498545
3679731,0.02619899
3679732,0.02162657
3679733,0.0053493897
3679734,0.037153974
3679735,0.08083763
3679736,0.006806274
3679737,0.043259785
3679738,0.00364191
3679739,0.034549713
3679740,0.0023051898
3679741,0.005267584
3679742,0.017862862
3679743,0.0035743231
3679744,0.00856122
3679745,0.16153924
3679746,0.0062328037
3679747,0.0028405492
3679748,0.058968198
3679749,0.0016222448
3679750,0.009295744
3679751,0.017383376
3679752,0.014617305
3679753,0.01574155
3679754,0.010665917
3679755,0.008654976
3679756,0.010979893
3679757,0.005881077
3679758,0.006960614
3679759,0.0041561057
3679760,0.0032242201
3679761,0.024483742
3679762,0.0013311425
3679763,0.023057895
3679764,0.0028403776
3679765,0.004350663
3679766,0.0036998247
3679767,0.008442991
3679768,0.017660554
3679769,0.003787884
3679770,0.0059075286
3679771,0.0034722064
3679772,0.002966839
3679773,0.025528291
3679774,0.0047511216
3679775,0.012083986
3679776,0.01846357
3679777,0.006743792
3679778,0.0046148766
3679779,0.007543531
3679780,0.011476606
3679781,0.043510266
3679782,0.0035964516
3679783,0.0078355
3679784,0.005552541
3679785,0.008260145
3679786,0.017220167
3679787,0.006545535
3679788,0.0037526835
3679789,0.007692109
3679790,0.006345665
3679791,0.017525913
3679792,0.007246716
3679793,0.008543967
3679794,0.006876134
3679795,0.026987236
3679796,0.011717092
3679797,0.002717861
3679798,0.0066868905
3679799,0.008486311
3679800,0.023815764
3679801,0.0021770152
3679802,0.008838762
3679803,0.0058902027
3679804,0.0036318984
3679805,0.011174563
3679806,0.0060980013
3679807,0.009234116
3679808,0.01846357
3679809,0.0104491925
3679810,0.003911034
3679811,0.04324234
3679812,0.7970353
3679813,0.0028084526
3679814,0.00808804
3679815,0.011689075
3679816,0.011393197
3679817,0.004055399
3679818,0.004180584
3679819,0.0057452433
3679820,0.033913326
3679821,0.004095288
3679822,0.009951544
3679823,0.008230755
3679824,0.010093845
3679825,0.0066299452
3679826,0.0057758964
3679827,0.0027171138
3679828,0.005787749
3679829,0.013626833
3679830,0.0042662467
3679831,0.0059497748
3679832,0.01149601
3679833,0.0088794585
3679834,0.013201983
3679835,0.007971473
3679836,0.015659386
3679837,0.007417766
3679838,0.008015986
3679839,0.038005654
3679840,0.002522565
3679841,0.1299065
3679842,0.00436133
3679843,0.002646644
3679844,0.006782222
3679845,0.0032532536
3679846,0.004095351
3679847,0.023738548
3679848,0.017198715
3679849,0.0063474337
3679850,0.005722848
3679851,0.0046477253
3679852,0.011365524
3679853,0.013648809
3679854,0.008710829
3679855,0.0041523203
3679856,0.0021761493
3679857,0.026885599
3679858,0.013589307
3679859,0.0030757836
3679860,0.015514802
3679861,0.0033579199
3679862,0.0056761294
3679863,0.033040296
3679864,0.020000225
3679865,0.0074852346
3679866,0.026960084
3679867,0.013284515
3679868,0.020525157
3679869,0.0053685843
3679870,0.0076780217
3679871,0.004701332
3679872,0.004068644
3679873,0.017182553
3679874,0.0030754183
3679875,0.010983524
3679876,0.009173593
3679877,0.008415165
3679878,0.02160311
3679879,0.047962394
3679880,0.0139653
3679881,0.017207874
3679882,0.0053876103
3679883,0.00825314
3679884,0.0076607256
3679885,0.0072515886
3679886,0.014402114
3679887,0.00396742
3679888,0.01655799
3679889,0.0024746915
3679890,0.023179324
3679891,0.008180208
3679892,0.009179202
3679893,0.0021876665
3679894,0.0024513786
3679895,0.005676469
3679896,0.023790315
3679897,0.005281276
3679898,0.008534585
3679899,0.0041799727
3679900,0.004942664
3679901,0.018010069
3679902,0.005872238
3679903,0.0039892914
3679904,0.021556202
3679905,0.0057286303
3679906,0.018880928
3679907,0.012984312
3679908,0.007415077
3679909,0.0055759735
3679910,0.017092846
3679911,0.28001356
3679912,0.0026224137
3679913,0.010260972
3679914,0.0057394067
3679915,0.023191443
3679916,0.013900334
3679917,0.002711984
3679918,0.0062494273
3679919,0.0062445076
3679920,0.00830386
3679921,0.019861182
3679922,0.8628612
3679923,0.051691085
3679924,0.019868203
3679925,0.002193406
3679926,0.007993835
3679927,0.011159231
3679928,0.003272516
3679929,0.0045356965
3679930,0.019239247
3679931,0.006365938
3679932,0.008271497
3679933,0.007046418
3679934,0.85936964
3679935,0.0077739465
3679936,0.05553712
3679937,0.0048013786
3679938,0.0017310459
3679939,0.0087101245
3679940,0.0014081374
3679941,0.006473891
3679942,0.00912942
3679943,0.007795872
3679944,0.033592016
3679945,0.011785743
3679946,0.0031252587
3679947,0.7157543
3679948,0.008770897
3679949,0.00840883
3679950,0.018399576
3679951,0.007991328
3679952,0.0030917283
3679953,0.027996676
3679954,0.015112563
3679955,0.004712837
3679956,0.026000837
3679957,0.006780253
3679958,0.011057118
3679959,0.018662537
3679960,0.012466085
3679961,0.8982449
3679962,0.0029411903
3679963,0.0071964283
3679964,0.0017493856
3679965,0.014140762
3679966,0.0028698987
3679967,0.0051221903
3679968,0.005462087
3679969,0.9024683
3679970,0.0019704425
3679971,0.0032258925
3679972,0.012335821
3679973,0.028796365
3679974,0.024835423
3679975,0.003915439
3679976,0.004910373
3679977,0.008844182
3679978,0.008835651
3679979,0.004454965
3679980,0.021551661
3679981,0.007835067
3679982,0.0077739055
3679983,0.009266722
3679984,0.002502543
3679985,0.01621923
3679986,0.06749778
3679987,0.008001953
3679988,0.0050488263
3679989,0.0073403316
3679990,0.01060324
3679991,0.014487368
3679992,0.009384355
3679993,0.0067671966
3679994,0.03098445
3679995,0.00591927
3679996,0.008039878
3679997,0.011685578
3679998,0.010637361
3679999,0.016097028
3680000,0.00661695
3680001,0.012183782
3680002,0.024083234
3680003,0.0075976783
3680004,0.005270923
3680005,0.013819662
3680006,0.0032233438
3680007,0.0052930503
3680008,0.012465193
3680009,0.006322861
3680010,0.0075962404
3680011,0.0015755923
3680012,0.017198304
3680013,0.0036075106
3680014,0.2458203
3680015,0.013868629
3680016,0.030459512
3680017,0.018582992
3680018,0.013585505
3680019,0.773349
3680020,0.00569471
3680021,0.009405604
3680022,0.019302696
3680023,0.773349
3680024,0.004874793
3680025,0.0013644685
3680026,0.023987085
3680027,0.013810072
3680028,0.006300127
3680029,0.030036533
3680030,0.02789104
3680031,0.0069598854
3680032,0.015979331
3680033,0.1000989
3680034,0.03644043
3680035,0.21859308
3680036,0.009081462
3680037,0.01729588
3680038,0.0036319362
3680039,0.773349
3680040,0.01105583
3680041,0.0118616745
3680042,0.0030081088
3680043,0.024804043
3680044,0.008346116
3680045,0.0017927601
3680046,0.009357751
3680047,0.0073622214
3680048,0.0026062117
3680049,0.008406106
3680050,0.011533611
3680051,0.010668126
3680052,0.011482526
3680053,0.012916393
3680054,0.030854808
3680055,0.006262435
3680056,0.01912262
3680057,0.010351291
3680058,0.0043958244
3680059,0.0024779039
3680060,0.008575613
3680061,0.004994338
3680062,0.0031604085
3680063,0.006395616
3680064,0.003353721
3680065,0.010165215
3680066,0.013951412
3680067,0.0027694388
3680068,0.009903206
3680069,0.020339184
3680070,0.0075572236
3680071,0.18292172
3680072,0.0048785093
3680073,0.018161323
3680074,0.006944384
3680075,0.02395466
3680076,0.0069678063
3680077,0.007312169
3680078,0.00505099
3680079,0.017512962
3680080,0.0053430586
3680081,0.0050019003
3680082,0.004872538
3680083,0.061665315
3680084,0.0046431436
3680085,0.061665315
3680086,0.004554749
3680087,0.040850397
3680088,0.0077119702
3680089,0.00942717
3680090,0.023701182
3680091,0.30637175
3680092,0.008901215
3680093,0.0077635692
3680094,0.00597606
3680095,0.05186889
3680096,0.07509624
3680097,0.01290158
3680098,0.005753049
3680099,0.004369983
3680100,0.007963053
3680101,0.013366689
3680102,0.0014459657
3680103,0.02344222
3680104,0.11287945
3680105,0.029343976
3680106,0.006608268
3680107,0.022142436
3680108,0.013663369
3680109,0.0046400554
3680110,0.0059273955
3680111,0.042580243
3680112,0.017789219
3680113,0.040509272
3680114,0.43589282
3680115,0.009674542
3680116,0.017279897
3680117,0.004921114
3680118,0.008271133
3680119,0.029004378
3680120,0.005907629
3680121,0.016986791
3680122,0.013308106
3680123,0.007713894
3680124,0.006455197
3680125,0.0066823033
3680126,0.03707707
3680127,0.0073278234
3680128,0.006803751
3680129,0.005598886
3680130,0.20917599
3680131,0.0044706734
3680132,0.0127435075
3680133,0.0080053415
3680134,0.0045456868
3680135,0.0030069593
3680136,0.045396138
3680137,0.0059730867
3680138,0.007780573
3680139,0.004099034
3680140,0.038090985
3680141,0.013494847
3680142,0.029663851
3680143,0.004752558
3680144,0.003562057
3680145,0.013235594
3680146,0.030774599
3680147,0.0008621797
3680148,0.0065379175
3680149,0.019591656
3680150,0.005562112
3680151,0.009241147
3680152,0.012665689
3680153,0.009325877
3680154,0.014608221
3680155,0.001330294
3680156,0.0042744484
3680157,0.10724213
3680158,0.0042662467
3680159,0.039829228
3680160,0.01697961
3680161,0.010291477
3680162,0.0029875278
3680163,0.005828071
3680164,0.09118536
3680165,0.013080008
3680166,0.0034548335
3680167,0.0049196947
3680168,0.010882112
3680169,0.08600814
3680170,0.011189099
3680171,0.017845387
3680172,0.25178632
3680173,0.02202684
3680174,0.0022815263
3680175,0.004514428
3680176,0.0070236945
3680177,0.018451022
3680178,0.0040445514
3680179,0.020538164
3680180,0.0062586702
3680181,0.0058242707
3680182,0.011756788
3680183,0.0021980132
3680184,0.007436851
3680185,0.008579136
3680186,0.007594433
3680187,0.0034001458
3680188,0.027407676
3680189,0.023480041
3680190,0.0020554124
3680191,0.0063080164
3680192,0.013467432
3680193,0.004116494
3680194,0.004993745
3680195,0.02009491
3680196,0.35484958
3680197,0.02061486
3680198,0.0044218637
3680199,0.014057625
3680200,0.0022638007
3680201,0.00485269
3680202,0.009253847
3680203,0.002048939
3680204,0.027506547
3680205,0.04104208
3680206,0.03138195
3680207,0.020874804
3680208,0.030023098
3680209,0.014242468
3680210,0.07386704
3680211,0.00754657
3680212,0.043479934
3680213,0.0031433648
3680214,0.0013067842
3680215,0.042518925
3680216,0.82704014
3680217,0.0071589714
3680218,0.002683597
3680219,0.0060306666
3680220,0.0042755324
3680221,0.01753682
3680222,0.023150591
3680223,0.10616847
3680224,0.0070258263
3680225,0.010100618
3680226,0.0056067654
3680227,0.00898745
3680228,0.85522807
3680229,0.002745535
3680230,0.00546698
3680231,0.00590724
3680232,0.015357141
3680233,0.021378508
3680234,0.005900498
3680235,0.08038993
3680236,0.015944622
3680237,0.0147597855
3680238,0.00992029
3680239,0.010129718
3680240,0.0027351298
3680241,0.004833092
3680242,0.011425941
3680243,0.007184326
3680244,0.0044833506
3680245,0.05854292
3680246,0.03446824
3680247,0.021691043
3680248,0.019034822
3680249,0.004214115
3680250,0.013153919
3680251,0.016908286
3680252,0.016017133
3680253,0.010746847
3680254,0.04241873
3680255,0.9379371
3680256,0.013232687
3680257,0.0032677148
3680258,0.006269478
3680259,0.011766399
3680260,0.005685489
3680261,0.05100519
3680262,0.0020743338
3680263,0.0024631992
3680264,0.006786643
3680265,0.0025320952
3680266,0.004265489
3680267,0.0060416833
3680268,0.007421871
3680269,0.0036531496
3680270,0.0033756818
3680271,0.0075195865
3680272,0.014400841
3680273,0.015802713
3680274,0.016188983
3680275,0.009268131
3680276,0.01935995
3680277,0.015240376
3680278,0.025379436
3680279,0.016123535
3680280,0.0040050684
3680281,0.040291958
3680282,0.027165243
3680283,0.032904338
3680284,0.006051407
3680285,0.008530906
3680286,0.004784763
3680287,0.008699196
3680288,0.00787487
3680289,0.02996654
3680290,0.007022318
3680291,0.0028454603
3680292,0.009946415
3680293,0.017958589
3680294,0.01487827
3680295,0.0067343824
3680296,0.02796616
3680297,0.0065322863
3680298,0.067768045
3680299,0.01879665
3680300,0.0112584755
3680301,0.008726654
3680302,0.004193101
3680303,0.13602269
3680304,0.015716493
3680305,0.009807228
3680306,0.0028758105
3680307,0.0049635423
3680308,0.27071938
3680309,0.00740362
3680310,0.008162713
3680311,0.023846908
3680312,0.0071479715
3680313,0.06009248
3680314,0.005308092
3680315,0.009560483
3680316,0.0033470623
3680317,0.0044840146
3680318,0.0139496885
3680319,0.004047318
3680320,0.012797922
3680321,0.0025567051
3680322,0.01752882
3680323,0.013132501
3680324,0.035636123
3680325,0.0070069632
3680326,0.007988917
3680327,0.0054388545
3680328,0.001648406
3680329,0.0024585463
3680330,0.008698423
3680331,0.058789533
3680332,0.005875365
3680333,0.012994032
3680334,0.0069959033
3680335,0.00427374
3680336,0.0052024927
3680337,0.004074477
3680338,0.0019666736
3680339,0.009288162
3680340,0.0148524605
3680341,0.0049482794
3680342,0.002633006
3680343,0.0058338568
3680344,0.0043686847
3680345,0.0048150164
3680346,0.0382901
3680347,0.0040936978
3680348,0.009655491
3680349,0.012434151
3680350,0.0036119628
3680351,0.015692502
3680352,0.012001339
3680353,0.0150600765
3680354,0.0042112325
3680355,0.86276615
3680356,0.0043234993
3680357,0.003616508
3680358,0.010931475
3680359,0.00915657
3680360,0.026169887
3680361,0.004224888
3680362,0.005631018
3680363,0.03319375
3680364,0.0031007698
3680365,0.007413947
3680366,0.024894392
3680367,0.009737774
3680368,0.032671355
3680369,0.019113865
3680370,0.0039881715
3680371,0.0033682815
3680372,0.0020888955
3680373,0.015643444
3680374,0.002069228
3680375,0.0074198865
3680376,0.016708424
3680377,0.005179737
3680378,0.0114654675
3680379,0.007944046
3680380,0.006013495
3680381,0.009572456
3680382,0.0025602728
3680383,0.010661178
3680384,0.008253531
3680385,0.006305013
3680386,0.005957535
3680387,0.005779293
3680388,0.005747167
3680389,0.013767885
3680390,0.0026420022
3680391,0.0067846603
3680392,0.0112269195
3680393,0.0056139533
3680394,0.065347806
3680395,0.0057695145
3680396,0.0098079685
3680397,0.0023228212
3680398,0.045637682
3680399,0.010725333
3680400,0.009508944
3680401,0.0035835532
3680402,0.0015402848
3680403,0.029793577
3680404,0.037408337
3680405,0.046876777
3680406,0.013246236
3680407,0.08101034
3680408,0.037816513
3680409,0.0057770708
3680410,0.0062800804
3680411,0.01951065
3680412,0.008282812
3680413,0.0036041287
3680414,0.015384969
3680415,0.06255356
3680416,0.0026248517
3680417,0.003682863
3680418,0.0046479967
3680419,0.04692339
3680420,0.018969648
3680421,0.008742426
3680422,0.0057121324
3680423,0.012106133
3680424,0.04846798
3680425,0.32187727
3680426,0.017703947
3680427,0.00286665
3680428,0.013621131
3680429,0.011987658
3680430,0.06850293
3680431,0.04534073
3680432,0.023019794
3680433,0.046559677
3680434,0.08383437
3680435,0.03117622
3680436,0.0068764267
3680437,0.022804262
3680438,0.002515782
3680439,0.007249323
3680440,0.0035477402
3680441,0.0013146187
3680442,0.015312005
3680443,0.0025226849
3680444,0.008722018
3680445,0.010599658
3680446,0.0046874923
3680447,0.006722212
3680448,0.009483043
3680449,0.029566359
3680450,0.0041001006
3680451,0.005611747
3680452,0.007624334
3680453,0.7549274
3680454,0.022199946
3680455,0.007220835
3680456,0.49147043
3680457,0.0063079386
3680458,0.037390012
3680459,0.027786328
3680460,0.0083081415
3680461,0.012456298
3680462,0.0087307505
3680463,0.010815811
3680464,0.0033199561
3680465,0.0036035704
3680466,0.0035549118
3680467,0.009434097
3680468,0.012413399
3680469,0.0032612805
3680470,0.05857029
3680471,0.021571914
3680472,0.004373105
3680473,0.005631787
3680474,0.019832335
3680475,0.031075379
3680476,0.007884917
3680477,0.0009578226
3680478,0.011757126
3680479,0.0077223773
3680480,0.0028866204
3680481,0.02271083
3680482,0.003789065
3680483,0.02896258
3680484,0.045108564
3680485,0.005973129
3680486,0.01022293
3680487,0.0072407085
3680488,0.00434821
3680489,0.00976767
3680490,0.037617307
3680491,0.020466333
3680492,0.024455525
3680493,0.009179415
3680494,0.031193307
3680495,0.004745724
3680496,0.007884917
3680497,0.0065419944
3680498,0.003047241
3680499,0.006995586
3680500,0.013182038
3680501,0.041206088
3680502,0.20778249
3680503,0.004584959
3680504,0.0025192292
3680505,0.0065521644
3680506,0.0050076176
3680507,0.00449139
3680508,0.0065410803
3680509,0.039563812
3680510,0.014877362
3680511,0.009436669
3680512,0.010223244
3680513,0.018279629
3680514,0.008465933
3680515,0.007973781
3680516,0.005050223
3680517,0.027411593
3680518,0.009925739
3680519,0.010296471
3680520,0.033885214
3680521,0.02105939
3680522,0.012364147
3680523,0.024321018
3680524,0.6651427
3680525,0.035759497
3680526,0.012786275
3680527,0.019496223
3680528,0.013741887
3680529,0.0031908886
3680530,0.03268933
3680531,0.019365836
3680532,0.008836349
3680533,0.10909653
3680534,0.0039329426
3680535,0.100849934
3680536,0.007010637
3680537,0.008160346
3680538,0.006345665
3680539,0.008733719
3680540,0.0041269753
3680541,0.007835971
3680542,0.027382439
3680543,0.001705078
3680544,0.009189946
3680545,0.017720696
3680546,0.0032283147
3680547,0.006764267
3680548,0.004405677
3680549,0.0015222136
3680550,0.0100229345
3680551,0.0013249972
3680552,0.010835045
3680553,0.0030404907
3680554,0.001101406
3680555,0.011295687
3680556,0.0029442976
3680557,0.0013410482
3680558,0.0046492103
3680559,0.007430437
3680560,0.012272154
3680561,0.008567018
3680562,0.013435547
3680563,0.014029729
3680564,0.011947193
3680565,0.012592762
3680566,0.04263239
3680567,0.006783825
3680568,0.011955261
3680569,0.033006374
3680570,0.019754568
3680571,0.023048794
3680572,0.03119974
3680573,0.013372778
3680574,0.011199391
3680575,0.0040706904
3680576,0.026548358
3680577,0.014104188
3680578,0.0064893025
3680579,0.005510476
3680580,0.009405319
3680581,0.011897082
3680582,0.009809831
3680583,0.0042416295
3680584,0.006067947
3680585,0.7266271
3680586,0.0056159473
3680587,0.0140634095
3680588,0.005207594
3680589,0.009791168
3680590,0.00096049655
3680591,0.0032904057
3680592,0.014751196
3680593,0.006816897
3680594,0.008666378
3680595,0.0026770197
3680596,0.0050044283
3680597,0.008555786
3680598,0.020590492
3680599,0.022902664
3680600,0.016010724
3680601,0.010948506
3680602,0.0015901878
3680603,0.010245439
3680604,0.78260815
3680605,0.026914831
3680606,0.007788252
3680607,0.023106387
3680608,0.006663071
3680609,0.08391566
3680610,0.0074627344
3680611,0.0066477405
3680612,0.0032483079
3680613,0.009595127
3680614,0.06603714
3680615,0.008346021
3680616,0.007358598
3680617,0.002596744
3680618,0.017252378
3680619,0.0035485073
3680620,0.0010553342
3680621,0.006880362
3680622,0.0432289
3680623,0.01188828
3680624,0.0022929574
3680625,0.004716377
3680626,0.039511926
3680627,0.016392596
3680628,0.0039588017
3680629,0.018502345
3680630,0.006124125
3680631,0.0036498464
3680632,0.0045367433
3680633,0.005505978
3680634,0.01630966
3680635,0.0030114285
3680636,0.009269082
3680637,0.010951977
3680638,0.0023788365
3680639,0.018471517
3680640,0.0060426886
3680641,0.00360165
3680642,0.008707103
3680643,0.0066004153
3680644,0.012284888
3680645,0.012464606
3680646,0.010104018
3680647,0.012911173
3680648,0.009666815
3680649,0.002998215
3680650,0.009839644
3680651,0.01569875
3680652,0.013585198
3680653,0.020179618
3680654,0.23360854
3680655,0.002254933
3680656,0.012369994
3680657,0.00969791
3680658,0.020196531
3680659,0.012499189
3680660,0.011620314
3680661,0.0047218436
3680662,0.012573618
3680663,0.0065280297
3680664,0.035487417
3680665,0.0024242927
3680666,0.010629283
3680667,0.0056869127
3680668,0.0048508756
3680669,0.0017605744
3680670,0.03654231
3680671,0.0066295937
3680672,0.008122799
3680673,0.0051329955
3680674,0.011048053
3680675,0.003982304
3680676,0.006180401
3680677,0.009865834
3680678,0.01336015
3680679,0.011368604
3680680,0.0064237276
3680681,0.009320046
3680682,0.0009489698
3680683,0.012744096
3680684,0.015304931
3680685,0.007450777
3680686,0.01624403
3680687,0.007157036
3680688,0.02681098
3680689,0.010773824
3680690,0.00869317
3680691,0.005511835
3680692,0.003103172
3680693,0.005218019
3680694,0.014334652
3680695,0.0053029815
3680696,0.052718204
3680697,0.004899046
3680698,0.0043923133
3680699,0.021638487
3680700,0.004112231
3680701,0.0035182573
3680702,0.0040390654
3680703,0.007066053
3680704,0.008917829
3680705,0.0041517955
3680706,0.023704689
3680707,0.0051310356
3680708,0.009852302
3680709,0.006626272
3680710,0.0095822755
3680711,0.001706814
3680712,0.0045485054
3680713,0.008376424
3680714,0.011584951
3680715,0.020451186
3680716,0.0080920495
3680717,0.5329984
3680718,0.0038264298
3680719,0.008812546
3680720,0.010408736
3680721,0.0070608323
3680722,0.0015946256
3680723,0.005612396
3680724,0.007443576
3680725,0.010180767
3680726,0.011303747
3680727,0.007117482
3680728,0.0055770897
3680729,0.0071108635
3680730,0.002120642
3680731,0.0017895432
3680732,0.0026645926
3680733,0.002704751
3680734,0.011270515
3680735,0.008317689
3680736,0.0056657856
3680737,0.020515865
3680738,0.0028254513
3680739,0.016402494
3680740,0.020954164
3680741,0.010897135
3680742,0.0034989384
3680743,0.0066593857
3680744,0.0065038106
3680745,0.0072508575
3680746,0.0052487436
3680747,0.0015519453
3680748,0.019894466
3680749,0.0037591048
3680750,0.009661758
3680751,0.015038603
3680752,0.029377274
3680753,0.002981125
3680754,0.0087016355
3680755,0.015912998
3680756,0.0052443957
3680757,0.003281253
3680758,0.026893836
3680759,0.05335249
3680760,0.0413001
3680761,0.008581205
3680762,0.0074585113
3680763,0.0041949153
3680764,0.0039687734
3680765,0.0040271557
3680766,0.0045790863
3680767,0.00820196
3680768,0.008750412
3680769,0.0052326154
3680770,0.0041357153
3680771,0.002357991
3680772,0.004382603
3680773,0.0022045171
3680774,0.046608895
3680775,0.031482823
3680776,0.010801296
3680777,0.019429207
3680778,0.003954177
3680779,0.006166782
3680780,0.108981766
3680781,0.006823228
3680782,0.015286165
3680783,0.012539499
3680784,0.027733361
3680785,0.017571269
3680786,0.0026499336
3680787,0.0046420465
3680788,0.015549597
3680789,0.0041178865
3680790,0.008872081
3680791,0.014184276
3680792,0.009033153
3680793,0.011799473
3680794,0.01534847
3680795,0.012779361
3680796,0.0044293366
3680797,0.012772397
3680798,0.019632304
3680799,0.005177632
3680800,0.003515744
3680801,0.0038520705
3680802,0.00801691
3680803,0.019938253
3680804,0.009718476
3680805,0.008780271
3680806,0.021069223
3680807,0.0033984676
3680808,0.022341246
3680809,0.007758799
3680810,0.006038938
3680811,0.009051846
3680812,0.009260507
3680813,0.004190235
3680814,0.0067846603
3680815,0.00891904
3680816,0.059424326
3680817,0.006646944
3680818,0.011518422
3680819,0.005174136
3680820,0.018649846
3680821,0.023800772
3680822,0.0069199842
3680823,0.0036111993
3680824,0.015365832
3680825,0.010009346
3680826,0.022277184
3680827,0.0051415474
3680828,0.02524504
3680829,0.042787038
3680830,0.016594555
3680831,0.0057250927
3680832,0.010078177
3680833,0.0065248264
3680834,0.0034253106
3680835,0.0059981323
3680836,0.014419892
3680837,0.010920046
3680838,0.014384269
3680839,0.031568035
3680840,0.0055586873
3680841,0.03334191
3680842,0.0062412056
3680843,0.06534926
3680844,0.008381293
3680845,0.011723168
3680846,0.008913528
3680847,0.05406017
3680848,0.0072054686
3680849,0.007209788
3680850,0.00331521
3680851,0.008389941
3680852,0.0045020734
3680853,0.011654219
3680854,0.005208493
3680855,0.020181585
3680856,0.017372001
3680857,0.0053503313
3680858,0.038941134
3680859,0.077306405
3680860,0.022440707
3680861,0.0064778947
3680862,0.0013177238
3680863,0.012088057
3680864,0.004483304
3680865,0.0049310126
3680866,0.0060944594
3680867,0.0023130677
3680868,0.006353502
3680869,0.013612267
3680870,0.021550052
3680871,0.008706963
3680872,0.0045489934
3680873,0.0050262837
3680874,0.0059229275
3680875,0.010031308
3680876,0.0053352383
3680877,0.0131374765
3680878,0.0067364876
3680879,0.0021802348
3680880,0.00828481
3680881,0.00663462
3680882,0.004970608
3680883,0.0021956312
3680884,0.013969858
3680885,0.009388398
3680886,0.009620568
3680887,0.00795914
3680888,0.008924739
3680889,0.0073898095
3680890,0.008260809
3680891,0.016966889
3680892,0.008069801
3680893,0.0034296054
3680894,0.017655468
3680895,0.015377481
3680896,0.0040563196
3680897,0.012644663
3680898,0.015917294
3680899,0.035140377
3680900,0.0050980137
3680901,0.0111431945
3680902,0.023757888
3680903,0.024411226
3680904,0.024411226
3680905,0.041755702
3680906,0.041755702
3680907,0.0017737834
3680908,0.041755702
3680909,0.0037812374
3680910,0.010059987
3680911,0.05429045
3680912,0.06381823
3680913,0.15992291
3680914,0.002828995
3680915,0.0074450136
3680916,0.009721523
3680917,0.002387842
3680918,0.007326395
3680919,0.018424356
3680920,0.005689499
3680921,0.009112427
3680922,0.009705644
3680923,0.003951239
3680924,0.006626372
3680925,0.021854127
3680926,0.02944422
3680927,0.009408833
3680928,0.003309315
3680929,0.012407829
3680930,0.004778684
3680931,0.018674193
3680932,0.015241949
3680933,0.013452483
3680934,0.001747409
3680935,0.00997251
3680936,0.010991473
3680937,0.0041145985
3680938,0.010571311
3680939,0.04738368
3680940,0.0021475449
3680941,0.018615311
3680942,0.004692683
3680943,0.018200442
3680944,0.008424565
3680945,0.0022970834
3680946,0.027709221
3680947,0.006013558
3680948,0.0196494
3680949,0.017908823
3680950,0.003886643
3680951,0.06555101
3680952,0.02491186
